"Framework","Strategy","Status","Cost","Depth","Nodes(exp)","Nodes(gen)","Runtime","start","goal","Problem","Solution"
"graph","depth","Success","13170","13170","169023","180687","4.5","START","GOAL","8-puzzle","Hidden"
"graph","depth","Success","68937","68937","101037","159732","1.9844","START","GOAL","8-puzzle","Hidden"
"graph","depth","Success","54496","54496","124105","171480","2.3438","START","GOAL","8-puzzle","Hidden"
"graph","depth","Success","64548","64548","109974","165481","2.1406","START","GOAL","8-puzzle","Hidden"
"graph","depth","Success","11692","11692","170475","180833","3.0781","START","GOAL","8-puzzle","Hidden"
"graph","depth","Success","69310","69310","100029","158961","1.9375","START","GOAL","8-puzzle","Hidden"
"graph","depth","Success","29560","29560","152321","178382","2.9062","START","GOAL","8-puzzle","Hidden"
"graph","depth","Success","48050","48050","131903","173894","2.4688","START","GOAL","8-puzzle","Hidden"
"graph","depth","Success","10306","10306","171829","180962","3.1406","START","GOAL","8-puzzle","Hidden"
"graph","depth","Success","62572","62572","113827","167608","2.1406","START","GOAL","8-puzzle","Hidden"
"graph","depth","Success","56526","56526","121554","170608","2.3125","START","GOAL","8-puzzle","Hidden"
"graph","depth","Success","27588","27588","31008","55387","0.5781","START","GOAL","8-puzzle","Hidden"
"graph","depth","Success","69620","69620","90264","149556","1.7188","START","GOAL","8-puzzle","Hidden"
"graph","depth","Success","39774","39774","141329","176233","2.7031","START","GOAL","8-puzzle","Hidden"
"graph","depth","Success","69250","69250","88418","147457","1.7188","START","GOAL","8-puzzle","Hidden"
"graph","depth","Success","68388","68388","86292","144584","1.6406","START","GOAL","8-puzzle","Hidden"
"graph","depth","Success","16476","16476","18423","33008","0.3438","START","GOAL","8-puzzle","Hidden"
"graph","depth","Success","33750","33750","147955","177643","2.75","START","GOAL","8-puzzle","Hidden"
"graph","depth","Success","13504","13504","168707","180667","3.1094","START","GOAL","8-puzzle","Hidden"
"graph","depth","Success","65550","65550","109250","165381","2.0469","START","GOAL","8-puzzle","Hidden"
"graph","depth","Success","30652","30652","151146","178158","2.7969","START","GOAL","8-puzzle","Hidden"
"graph","depth","Success","19368","19368","162978","180132","3.0312","START","GOAL","8-puzzle","Hidden"
"graph","depth","Success","49578","49578","56849","100057","1.0625","START","GOAL","8-puzzle","Hidden"
"graph","depth","Success","68186","68186","101880","160133","1.9688","START","GOAL","8-puzzle","Hidden"
"graph","depth","Success","58418","58418","119125","169741","2.25","START","GOAL","8-puzzle","Hidden"
"graph","depth","Success","57106","57106","120970","170425","2.3125","START","GOAL","8-puzzle","Hidden"
"graph","depth","Success","69028","69028","100967","159690","1.9219","START","GOAL","8-puzzle","Hidden"
"graph","depth","Success","62182","62182","74022","127488","1.4062","START","GOAL","8-puzzle","Hidden"
"graph","depth","Success","12670","12670","169507","180729","3.1406","START","GOAL","8-puzzle","Hidden"
"graph","depth","Success","64522","64522","110011","165498","2.0781","START","GOAL","8-puzzle","Hidden"
"graph","depth","Success","65104","65104","109989","165774","2.1406","START","GOAL","8-puzzle","Hidden"
"graph","depth","Success","24718","24718","157503","179343","2.9688","START","GOAL","8-puzzle","Hidden"
"graph","depth","Success","42126","42126","138646","175601","2.5938","START","GOAL","8-puzzle","Hidden"
"graph","depth","Success","10690","10690","171429","180899","3.1406","START","GOAL","8-puzzle","Hidden"
"graph","depth","Success","69228","69228","88021","147051","1.6875","START","GOAL","8-puzzle","Hidden"
"graph","depth","Success","68546","68546","87596","145977","1.6562","START","GOAL","8-puzzle","Hidden"
"graph","depth","Success","68766","68766","102079","160638","1.9844","START","GOAL","8-puzzle","Hidden"
"graph","depth","Success","25456","25456","156769","179268","2.8594","START","GOAL","8-puzzle","Hidden"
"graph","depth","Success","41850","41850","139019","175689","2.625","START","GOAL","8-puzzle","Hidden"
"graph","depth","Success","57578","57578","67009","116934","1.2812","START","GOAL","8-puzzle","Hidden"
"graph","depth","Success","68826","68826","101691","160300","1.9375","START","GOAL","8-puzzle","Hidden"
"graph","depth","Success","39442","39442","141692","176342","2.6562","START","GOAL","8-puzzle","Hidden"
"graph","depth","Success","5784","5784","176098","181232","3.25","START","GOAL","8-puzzle","Hidden"
"graph","depth","Success","58848","58848","118821","169696","2.2656","START","GOAL","8-puzzle","Hidden"
"graph","depth","Success","58540","58540","119106","169726","2.2656","START","GOAL","8-puzzle","Hidden"
"graph","depth","Success","67904","67904","103429","161473","1.9844","START","GOAL","8-puzzle","Hidden"
"graph","depth","Success","57302","57302","120938","170542","2.3438","START","GOAL","8-puzzle","Hidden"
"graph","depth","Success","8446","8446","9453","16950","0.1562","START","GOAL","8-puzzle","Hidden"
"graph","depth","Success","69602","69602","90743","149907","1.7344","START","GOAL","8-puzzle","Hidden"
"graph","depth","Success","59522","59522","69601","121107","1.3281","START","GOAL","8-puzzle","Hidden"
"graph","depth","Success","33368","33368","148390","177773","2.8125","START","GOAL","8-puzzle","Hidden"
"graph","depth","Success","21250","21250","23863","42680","0.4219","START","GOAL","8-puzzle","Hidden"
"graph","depth","Success","66494","66494","107415","164292","2.0781","START","GOAL","8-puzzle","Hidden"
"graph","depth","Success","53724","53724","125068","171805","2.3438","START","GOAL","8-puzzle","Hidden"
"graph","depth","Success","16442","16442","165838","180392","3.0312","START","GOAL","8-puzzle","Hidden"
"graph","depth","Success","50656","50656","128868","173043","2.5","START","GOAL","8-puzzle","Hidden"
"graph","depth","Success","10080","10080","11243","20176","0.2031","START","GOAL","8-puzzle","Hidden"
"graph","depth","Success","56826","56826","121394","170620","2.3906","START","GOAL","8-puzzle","Hidden"
"graph","depth","Success","33684","33684","148039","177671","2.7812","START","GOAL","8-puzzle","Hidden"
"graph","depth","Success","15742","15742","166558","180504","3.0625","START","GOAL","8-puzzle","Hidden"
"graph","depth","Success","48482","48482","131438","173755","2.5156","START","GOAL","8-puzzle","Hidden"
"graph","depth","Success","40714","40714","140209","175941","2.6094","START","GOAL","8-puzzle","Hidden"
"graph","depth","Success","40886","40886","140111","175957","2.6406","START","GOAL","8-puzzle","Hidden"
"graph","depth","Success","59442","59442","118109","169455","2.2188","START","GOAL","8-puzzle","Hidden"
"graph","depth","Success","62572","62572","113830","167610","2.1875","START","GOAL","8-puzzle","Hidden"
"graph","depth","Success","69268","69268","90061","148975","1.7188","START","GOAL","8-puzzle","Hidden"
"graph","depth","Success","62450","62450","113987","167668","2.2031","START","GOAL","8-puzzle","Hidden"
"graph","depth","Success","41378","41378","139574","175838","2.6094","START","GOAL","8-puzzle","Hidden"
"graph","depth","Success","67996","67996","85170","143157","1.6875","START","GOAL","8-puzzle","Hidden"
"graph","depth","Success","67076","67076","105258","162680","2.0312","START","GOAL","8-puzzle","Hidden"
"graph","depth","Success","61088","61088","72493","125160","1.375","START","GOAL","8-puzzle","Hidden"
"graph","depth","Success","7290","7290","174681","181153","3.25","START","GOAL","8-puzzle","Hidden"
"graph","depth","Success","49044","49044","130731","173474","2.4375","START","GOAL","8-puzzle","Hidden"
"graph","depth","Success","15520","15520","166709","180444","3.0625","START","GOAL","8-puzzle","Hidden"
"graph","depth","Success","61618","61618","73298","126390","1.4375","START","GOAL","8-puzzle","Hidden"
"graph","depth","Success","30844","30844","151040","178258","2.7812","START","GOAL","8-puzzle","Hidden"
"graph","depth","Success","61086","61086","72225","124849","1.3594","START","GOAL","8-puzzle","Hidden"
"graph","depth","Success","69510","69510","96563","155765","1.875","START","GOAL","8-puzzle","Hidden"
"graph","depth","Success","40228","40228","140738","176058","2.6094","START","GOAL","8-puzzle","Hidden"
"graph","depth","Success","35448","35448","146077","177247","2.75","START","GOAL","8-puzzle","Hidden"
"graph","depth","Success","69650","69650","96039","155332","1.8125","START","GOAL","8-puzzle","Hidden"
"graph","depth","Success","58560","58560","118863","169597","2.2812","START","GOAL","8-puzzle","Hidden"
"graph","depth","Success","66612","66612","107478","164413","2.0156","START","GOAL","8-puzzle","Hidden"
"graph","depth","Success","69458","69458","99607","158663","1.9219","START","GOAL","8-puzzle","Hidden"
"graph","depth","Success","51530","51530","127815","172675","2.4062","START","GOAL","8-puzzle","Hidden"
"graph","depth","Success","26904","26904","155250","179004","2.875","START","GOAL","8-puzzle","Hidden"
"graph","depth","Success","51872","51872","127416","172595","2.4531","START","GOAL","8-puzzle","Hidden"
"graph","depth","Success","67470","67470","104014","161729","1.9844","START","GOAL","8-puzzle","Hidden"
"graph","depth","Success","40192","40192","140838","176132","2.6719","START","GOAL","8-puzzle","Hidden"
"graph","depth","Success","57810","57810","119860","169986","2.25","START","GOAL","8-puzzle","Hidden"
"graph","depth","Success","67484","67484","83311","141047","1.5781","START","GOAL","8-puzzle","Hidden"
"graph","depth","Success","2954","2954","178747","181355","3.2344","START","GOAL","8-puzzle","Hidden"
"graph","depth","Success","6836","6836","175124","181181","3.2188","START","GOAL","8-puzzle","Hidden"
"graph","depth","Success","29076","29076","152815","178457","2.9219","START","GOAL","8-puzzle","Hidden"
"graph","depth","Success","55590","55590","122707","170996","2.3125","START","GOAL","8-puzzle","Hidden"
"graph","depth","Success","65108","65108","109137","165087","2.125","START","GOAL","8-puzzle","Hidden"
"graph","depth","Success","61546","61546","115292","168255","2.1875","START","GOAL","8-puzzle","Hidden"
"graph","depth","Success","28932","28932","153121","178645","2.8906","START","GOAL","8-puzzle","Hidden"
"graph","depth","Success","65880","65880","107728","164245","2.0469","START","GOAL","8-puzzle","Hidden"
"graph","depth","Success","44996","44996","51221","90562","0.9844","START","GOAL","8-puzzle","Hidden"
"graph","depth","Success","52290","52290","126870","172365","2.4062","START","GOAL","8-puzzle","Hidden"
"graph","depth","Success","52390","52390","126758","172340","2.4062","START","GOAL","8-puzzle","Hidden"
"graph","depth","Success","18676","18676","163671","180213","3.0469","START","GOAL","8-puzzle","Hidden"
"graph","depth","Success","35580","35580","145929","177215","2.7188","START","GOAL","8-puzzle","Hidden"
"graph","depth","Success","68474","68474","86627","144974","1.7344","START","GOAL","8-puzzle","Hidden"
"graph","depth","Success","24262","24262","158011","179466","3.125","START","GOAL","8-puzzle","Hidden"
"graph","depth","Success","43646","43646","136947","175197","2.75","START","GOAL","8-puzzle","Hidden"
"graph","depth","Success","40428","40428","140533","176020","2.6406","START","GOAL","8-puzzle","Hidden"
"graph","depth","Success","67180","67180","82660","140171","1.5469","START","GOAL","8-puzzle","Hidden"
"graph","depth","Success","27746","27746","154213","178692","2.8438","START","GOAL","8-puzzle","Hidden"
"graph","depth","Success","70024","70024","96432","155895","1.8125","START","GOAL","8-puzzle","Hidden"
"graph","depth","Success","63344","63344","112738","167165","2.1719","START","GOAL","8-puzzle","Hidden"
"graph","depth","Success","65312","65312","108570","164665","2.0312","START","GOAL","8-puzzle","Hidden"
"graph","depth","Success","48588","48588","131342","173725","2.4844","START","GOAL","8-puzzle","Hidden"
"graph","depth","Success","38878","38878","142321","176484","2.7031","START","GOAL","8-puzzle","Hidden"
"graph","depth","Success","23012","23012","159280","179630","2.9062","START","GOAL","8-puzzle","Hidden"
"graph","depth","Success","37538","37538","143787","176758","2.7031","START","GOAL","8-puzzle","Hidden"
"graph","depth","Success","59386","59386","117651","169047","2.2812","START","GOAL","8-puzzle","Hidden"
"graph","depth","Success","69342","69342","88891","147988","1.7188","START","GOAL","8-puzzle","Hidden"
"graph","depth","Success","67590","67590","83477","141295","1.5938","START","GOAL","8-puzzle","Hidden"
"graph","depth","Success","41468","41468","139406","175774","2.6719","START","GOAL","8-puzzle","Hidden"
"graph","depth","Success","56796","56796","121424","170628","2.2969","START","GOAL","8-puzzle","Hidden"
"graph","depth","Success","70132","70132","93800","153341","1.7656","START","GOAL","8-puzzle","Hidden"
"graph","depth","Success","60776","60776","71738","124124","1.3438","START","GOAL","8-puzzle","Hidden"
"graph","depth","Success","69240","69240","98287","157309","1.9219","START","GOAL","8-puzzle","Hidden"
"graph","depth","Success","33588","33588","147997","177569","2.7188","START","GOAL","8-puzzle","Hidden"
"graph","depth","Success","28330","28330","153703","178702","2.8594","START","GOAL","8-puzzle","Hidden"
"graph","depth","Success","62078","62078","113816","167395","2.2344","START","GOAL","8-puzzle","Hidden"
"graph","depth","Success","9920","9920","172195","180992","3.1094","START","GOAL","8-puzzle","Hidden"
"graph","depth","Success","47082","47082","133120","174230","2.5469","START","GOAL","8-puzzle","Hidden"
"graph","depth","Success","69094","69094","98422","157346","1.8594","START","GOAL","8-puzzle","Hidden"
"graph","depth","Success","59358","59358","118099","169376","2.2656","START","GOAL","8-puzzle","Hidden"
"graph","depth","Success","61984","61984","113990","167495","2.1719","START","GOAL","8-puzzle","Hidden"
"graph","depth","Success","63488","63488","112561","167107","2.125","START","GOAL","8-puzzle","Hidden"
"graph","depth","Success","53838","53838","124909","171739","2.3281","START","GOAL","8-puzzle","Hidden"
"graph","depth","Success","23168","23168","159142","179637","2.9062","START","GOAL","8-puzzle","Hidden"
"graph","depth","Success","63150","63150","112930","167177","2.2031","START","GOAL","8-puzzle","Hidden"
"graph","depth","Success","58524","58524","68646","119255","1.2812","START","GOAL","8-puzzle","Hidden"
"graph","depth","Success","39506","39506","141644","176300","2.6719","START","GOAL","8-puzzle","Hidden"
"graph","depth","Success","25318","25318","156831","179203","2.9219","START","GOAL","8-puzzle","Hidden"
"graph","depth","Success","39092","39092","44252","78572","0.8125","START","GOAL","8-puzzle","Hidden"
"graph","depth","Success","13390","13390","168806","180669","3.1406","START","GOAL","8-puzzle","Hidden"
"graph","depth","Success","60292","60292","116958","168964","2.2188","START","GOAL","8-puzzle","Hidden"
"graph","depth","Success","69938","69938","95500","154914","1.8906","START","GOAL","8-puzzle","Hidden"
"graph","depth","Success","66756","66756","106823","163879","2.0625","START","GOAL","8-puzzle","Hidden"
"graph","depth","Success","70034","70034","96426","155893","1.8281","START","GOAL","8-puzzle","Hidden"
"graph","depth","Success","65406","65406","109590","165615","2.125","START","GOAL","8-puzzle","Hidden"
"graph","depth","Success","57570","57570","120596","170427","2.2656","START","GOAL","8-puzzle","Hidden"
"graph","depth","Success","53704","53704","62254","108841","1.1719","START","GOAL","8-puzzle","Hidden"
"graph","depth","Success","49786","49786","129925","173374","2.4844","START","GOAL","8-puzzle","Hidden"
"graph","depth","Success","37968","37968","143336","176735","2.6406","START","GOAL","8-puzzle","Hidden"
"graph","depth","Success","48954","48954","130920","173607","2.4844","START","GOAL","8-puzzle","Hidden"
"graph","depth","Success","66480","66480","106516","163492","2.0156","START","GOAL","8-puzzle","Hidden"
"graph","depth","Success","65614","65614","109112","165296","2.1094","START","GOAL","8-puzzle","Hidden"
"graph","depth","Success","67278","67278","105650","163081","1.9688","START","GOAL","8-puzzle","Hidden"
"graph","depth","Success","58486","58486","119174","169755","2.2812","START","GOAL","8-puzzle","Hidden"
"graph","depth","Success","13198","13198","169031","180734","3.1562","START","GOAL","8-puzzle","Hidden"
"graph","depth","Success","47880","47880","132092","173942","2.4688","START","GOAL","8-puzzle","Hidden"
"graph","depth","Success","23990","23990","158286","179503","2.9531","START","GOAL","8-puzzle","Hidden"
"graph","depth","Success","31202","31202","150629","178131","2.875","START","GOAL","8-puzzle","Hidden"
"graph","depth","Success","46644","46644","133521","174319","2.5","START","GOAL","8-puzzle","Hidden"
"graph","depth","Success","5832","5832","176071","181242","3.2188","START","GOAL","8-puzzle","Hidden"
"graph","depth","Success","53618","53618","125319","171964","2.4375","START","GOAL","8-puzzle","Hidden"
"graph","depth","Success","60232","60232","117030","168990","2.2344","START","GOAL","8-puzzle","Hidden"
"graph","depth","Success","38988","38988","142227","176455","2.7031","START","GOAL","8-puzzle","Hidden"
"graph","depth","Success","56830","56830","121142","170443","2.2812","START","GOAL","8-puzzle","Hidden"
"graph","depth","Success","52402","52402","126855","172400","2.4062","START","GOAL","8-puzzle","Hidden"
"graph","depth","Success","9328","9328","172742","181005","3.2188","START","GOAL","8-puzzle","Hidden"
"graph","depth","Success","33448","33448","148168","177618","2.75","START","GOAL","8-puzzle","Hidden"
"graph","depth","Success","17214","17214","19233","34477","0.3594","START","GOAL","8-puzzle","Hidden"
"graph","depth","Success","69588","69588","98986","158143","1.8906","START","GOAL","8-puzzle","Hidden"
"graph","depth","Success","26614","26614","155541","179060","2.9062","START","GOAL","8-puzzle","Hidden"
"graph","depth","Success","42812","42812","137925","175422","2.6562","START","GOAL","8-puzzle","Hidden"
"graph","depth","Success","40984","40984","139918","175886","2.6094","START","GOAL","8-puzzle","Hidden"
"graph","depth","Success","45720","45720","134682","174666","2.5625","START","GOAL","8-puzzle","Hidden"
"graph","depth","Success","29018","29018","153023","178624","2.8125","START","GOAL","8-puzzle","Hidden"
"graph","depth","Success","50864","50864","128626","172917","2.375","START","GOAL","8-puzzle","Hidden"
"graph","depth","Success","23676","23676","158606","179548","2.9688","START","GOAL","8-puzzle","Hidden"
"graph","depth","Success","67296","67296","82898","140495","1.6094","START","GOAL","8-puzzle","Hidden"
"graph","depth","Success","50094","50094","129723","173334","2.4219","START","GOAL","8-puzzle","Hidden"
"graph","depth","Success","35806","35806","145578","177080","2.7031","START","GOAL","8-puzzle","Hidden"
"graph","depth","Success","68490","68490","101120","159609","1.9688","START","GOAL","8-puzzle","Hidden"
"graph","depth","Success","54504","54504","124094","171477","2.3438","START","GOAL","8-puzzle","Hidden"
"graph","depth","Success","64984","64984","109338","165192","2.1406","START","GOAL","8-puzzle","Hidden"
"graph","depth","Success","69392","69392","99671","158677","1.9219","START","GOAL","8-puzzle","Hidden"
"graph","depth","Success","70022","70022","95066","154539","1.7969","START","GOAL","8-puzzle","Hidden"
"graph","depth","Success","58586","58586","119161","169815","2.2812","START","GOAL","8-puzzle","Hidden"
"graph","depth","Success","26636","26636","155394","178900","2.9375","START","GOAL","8-puzzle","Hidden"
"graph","depth","Success","58270","58270","119269","169759","2.2344","START","GOAL","8-puzzle","Hidden"
"graph","depth","Success","29852","29852","152108","178466","2.8594","START","GOAL","8-puzzle","Hidden"
"graph","depth","Success","45364","45364","135079","174756","2.5156","START","GOAL","8-puzzle","Hidden"
"graph","depth","Success","38844","38844","142257","176377","2.6875","START","GOAL","8-puzzle","Hidden"
"graph","depth","Success","42724","42724","137984","175446","2.6406","START","GOAL","8-puzzle","Hidden"
"graph","depth","Success","15550","15550","166736","180512","3.0312","START","GOAL","8-puzzle","Hidden"
"graph","depth","Success","32526","32526","149252","177936","2.7812","START","GOAL","8-puzzle","Hidden"
"graph","depth","Success","38384","38384","142780","176499","2.7188","START","GOAL","8-puzzle","Hidden"
"graph","depth","Success","28296","28296","153777","178752","2.8438","START","GOAL","8-puzzle","Hidden"
"graph","depth","Success","29216","29216","32847","58612","0.5938","START","GOAL","8-puzzle","Hidden"
"graph","depth","Success","62166","62166","73685","127309","1.4062","START","GOAL","8-puzzle","Hidden"
"graph","depth","Success","29566","29566","152415","178520","2.8438","START","GOAL","8-puzzle","Hidden"
"graph","depth","Success","3378","3378","3748","6736","0.0625","START","GOAL","8-puzzle","Hidden"
"graph","depth","Success","67930","67930","103756","161684","1.9375","START","GOAL","8-puzzle","Hidden"
"graph","depth","Success","64424","64424","111195","166457","2.1406","START","GOAL","8-puzzle","Hidden"
"graph","depth","Success","60022","60022","116815","168730","2.1562","START","GOAL","8-puzzle","Hidden"
"graph","depth","Success","50018","50018","129800","173353","2.4688","START","GOAL","8-puzzle","Hidden"
"graph","depth","Success","67762","67762","83762","141707","1.5781","START","GOAL","8-puzzle","Hidden"
"graph","depth","Success","50910","50910","128554","172947","2.4688","START","GOAL","8-puzzle","Hidden"
"graph","depth","Success","55134","55134","123633","171401","2.3125","START","GOAL","8-puzzle","Hidden"
"graph","depth","Success","60904","60904","116032","168551","2.2344","START","GOAL","8-puzzle","Hidden"
"graph","depth","Success","69526","69526","96424","155636","1.8281","START","GOAL","8-puzzle","Hidden"
"graph","depth","Success","50916","50916","128546","172944","2.4688","START","GOAL","8-puzzle","Hidden"
"graph","depth","Success","68350","68350","102701","160964","1.9531","START","GOAL","8-puzzle","Hidden"
"graph","depth","Success","65356","65356","108483","164613","2.1094","START","GOAL","8-puzzle","Hidden"
"graph","depth","Success","16322","16322","165983","180447","3.0156","START","GOAL","8-puzzle","Hidden"
"graph","depth","Success","40242","40242","140723","176054","2.6406","START","GOAL","8-puzzle","Hidden"
"graph","depth","Success","7194","7194","174791","181174","3.2031","START","GOAL","8-puzzle","Hidden"
"graph","depth","Success","69830","69830","95374","154816","1.8281","START","GOAL","8-puzzle","Hidden"
"graph","depth","Success","66614","66614","107220","164176","2.0938","START","GOAL","8-puzzle","Hidden"
"graph","depth","Success","47788","47788","132377","174077","2.4844","START","GOAL","8-puzzle","Hidden"
"graph","depth","Success","57502","57502","120281","170136","2.3281","START","GOAL","8-puzzle","Hidden"
"graph","depth","Success","18082","18082","164158","180154","3.0625","START","GOAL","8-puzzle","Hidden"
"graph","depth","Success","31374","31374","150505","178143","2.7969","START","GOAL","8-puzzle","Hidden"
"graph","depth","Success","65222","65222","109697","165571","2.1406","START","GOAL","8-puzzle","Hidden"
"graph","depth","Success","57480","57480","120309","170144","2.2656","START","GOAL","8-puzzle","Hidden"
"graph","depth","Success","62794","62794","113447","167408","2.1875","START","GOAL","8-puzzle","Hidden"
"graph","depth","Success","70024","70024","96464","155926","1.8594","START","GOAL","8-puzzle","Hidden"
"graph","depth","Success","17684","17684","164645","180312","3.0312","START","GOAL","8-puzzle","Hidden"
"graph","depth","Success","47954","47954","132007","173829","2.4688","START","GOAL","8-puzzle","Hidden"
"graph","depth","Success","54368","54368","124348","171550","2.375","START","GOAL","8-puzzle","Hidden"
"graph","depth","Success","13464","13464","168767","180705","3.125","START","GOAL","8-puzzle","Hidden"
"graph","depth","Success","68086","68086","84988","143170","1.625","START","GOAL","8-puzzle","Hidden"
"graph","depth","Success","42920","42920","137825","175412","2.6562","START","GOAL","8-puzzle","Hidden"
"graph","depth","Success","13960","13960","168294","180671","3.0781","START","GOAL","8-puzzle","Hidden"
"graph","depth","Success","61486","61486","115373","168288","2.2969","START","GOAL","8-puzzle","Hidden"
"graph","depth","Success","35086","35086","146501","177412","2.7031","START","GOAL","8-puzzle","Hidden"
"graph","depth","Success","61350","61350","115600","168472","2.2344","START","GOAL","8-puzzle","Hidden"
"graph","depth","Success","64916","64916","110280","165921","2.0781","START","GOAL","8-puzzle","Hidden"
"graph","depth","Success","70110","70110","91808","151321","1.8125","START","GOAL","8-puzzle","Hidden"
"graph","depth","Success","48504","48504","131449","173765","2.4688","START","GOAL","8-puzzle","Hidden"
"graph","depth","Success","67730","67730","83715","141636","1.5781","START","GOAL","8-puzzle","Hidden"
"graph","depth","Success","68870","68870","101235","159873","1.9688","START","GOAL","8-puzzle","Hidden"
"graph","depth","Success","68450","68450","86465","144795","1.6719","START","GOAL","8-puzzle","Hidden"
"graph","depth","Success","66704","66704","106884","163904","2.1094","START","GOAL","8-puzzle","Hidden"
"graph","depth","Success","68388","68388","102933","161188","1.9844","START","GOAL","8-puzzle","Hidden"
"graph","depth","Success","44512","44512","136000","174927","2.625","START","GOAL","8-puzzle","Hidden"
"graph","depth","Success","59680","59680","117810","169350","2.2656","START","GOAL","8-puzzle","Hidden"
"graph","depth","Success","66800","66800","105918","163133","2.0781","START","GOAL","8-puzzle","Hidden"
"graph","depth","Success","64150","64150","111362","166424","2.1406","START","GOAL","8-puzzle","Hidden"
"graph","depth","Success","68012","68012","103526","161512","2.0312","START","GOAL","8-puzzle","Hidden"
"graph","depth","Success","43600","43600","137047","175215","2.5938","START","GOAL","8-puzzle","Hidden"
"graph","depth","Success","1222","1222","180335","181419","3.2969","START","GOAL","8-puzzle","Hidden"
"graph","depth","Success","61940","61940","73766","127109","1.4062","START","GOAL","8-puzzle","Hidden"
"graph","depth","Success","52056","52056","127148","172451","2.375","START","GOAL","8-puzzle","Hidden"
"graph","depth","Success","53246","53246","125982","172214","2.4062","START","GOAL","8-puzzle","Hidden"
"graph","depth","Success","62232","62232","74149","127653","1.4375","START","GOAL","8-puzzle","Hidden"
"graph","depth","Success","69104","69104","100632","159413","1.9062","START","GOAL","8-puzzle","Hidden"
"graph","depth","Success","65440","65440","109201","165248","2.1094","START","GOAL","8-puzzle","Hidden"
"graph","depth","Success","60318","60318","70764","122927","1.3906","START","GOAL","8-puzzle","Hidden"
"graph","depth","Success","68840","68840","86781","145517","1.6875","START","GOAL","8-puzzle","Hidden"
"graph","depth","Success","67790","67790","103590","161555","1.9688","START","GOAL","8-puzzle","Hidden"
"graph","depth","Success","52742","52742","126369","172273","2.5469","START","GOAL","8-puzzle","Hidden"
"graph","depth","Success","28348","28348","153701","178741","3.0781","START","GOAL","8-puzzle","Hidden"
"graph","depth","Success","33870","33870","147678","177500","2.7812","START","GOAL","8-puzzle","Hidden"
"graph","depth","Success","58938","58938","118828","169739","2.3125","START","GOAL","8-puzzle","Hidden"
"graph","depth","Success","39330","39330","141820","176379","2.625","START","GOAL","8-puzzle","Hidden"
"graph","depth","Success","47876","47876","132288","174059","2.5156","START","GOAL","8-puzzle","Hidden"
"graph","depth","Success","35842","35842","145667","177224","2.7656","START","GOAL","8-puzzle","Hidden"
"graph","depth","Success","45452","45452","134896","174689","2.5312","START","GOAL","8-puzzle","Hidden"
"graph","depth","Success","34494","34494","147135","177532","2.7656","START","GOAL","8-puzzle","Hidden"
"graph","depth","Success","63638","63638","111516","166324","2.1094","START","GOAL","8-puzzle","Hidden"
"graph","depth","Success","56686","56686","121551","170661","2.3125","START","GOAL","8-puzzle","Hidden"
"graph","depth","Success","47030","47030","133238","174293","2.5625","START","GOAL","8-puzzle","Hidden"
"graph","depth","Success","51006","51006","58583","103056","1.0938","START","GOAL","8-puzzle","Hidden"
"graph","depth","Success","34366","34366","147268","177554","2.7812","START","GOAL","8-puzzle","Hidden"
"graph","depth","Success","41192","41192","139704","175839","2.6875","START","GOAL","8-puzzle","Hidden"
"graph","depth","Success","16270","16270","166036","180454","3.0156","START","GOAL","8-puzzle","Hidden"
"graph","depth","Success","56878","56878","66352","115559","1.2812","START","GOAL","8-puzzle","Hidden"
"graph","depth","Success","67776","67776","103614","161567","1.9531","START","GOAL","8-puzzle","Hidden"
"graph","depth","Success","29844","29844","151999","178313","2.8281","START","GOAL","8-puzzle","Hidden"
"graph","depth","Success","62490","62490","113174","167078","2.2031","START","GOAL","8-puzzle","Hidden"
"graph","depth","Success","41268","41268","139650","175814","2.6094","START","GOAL","8-puzzle","Hidden"
"graph","depth","Success","34044","34044","147630","177609","2.7969","START","GOAL","8-puzzle","Hidden"
"graph","depth","Success","59248","59248","118410","169574","2.2344","START","GOAL","8-puzzle","Hidden"
"graph","depth","Success","51768","51768","127539","172595","2.4219","START","GOAL","8-puzzle","Hidden"
"graph","depth","Success","59120","59120","118159","169357","2.2969","START","GOAL","8-puzzle","Hidden"
"graph","depth","Success","31102","31102","150741","178154","2.7969","START","GOAL","8-puzzle","Hidden"
"graph","depth","Success","38066","38066","143199","176622","2.7188","START","GOAL","8-puzzle","Hidden"
"graph","depth","Success","67442","67442","83781","141349","1.6094","START","GOAL","8-puzzle","Hidden"
"graph","depth","Success","7558","7558","174421","181127","3.1875","START","GOAL","8-puzzle","Hidden"
"graph","depth","Success","55838","55838","122565","171070","2.3125","START","GOAL","8-puzzle","Hidden"
"graph","depth","Success","50674","50674","58274","102431","1.1094","START","GOAL","8-puzzle","Hidden"
"graph","depth","Success","51026","51026","128432","172863","2.4062","START","GOAL","8-puzzle","Hidden"
"graph","depth","Success","19768","19768","162569","180077","3.0","START","GOAL","8-puzzle","Hidden"
"graph","depth","Success","68724","68724","87347","145884","1.6406","START","GOAL","8-puzzle","Hidden"
"graph","depth","Success","65460","65460","109422","165488","2.1094","START","GOAL","8-puzzle","Hidden"
"graph","depth","Success","67964","67964","84150","142246","1.7031","START","GOAL","8-puzzle","Hidden"
"graph","depth","Success","30372","30372","151442","178213","3.0156","START","GOAL","8-puzzle","Hidden"
"graph","depth","Success","30078","30078","33869","60389","0.6875","START","GOAL","8-puzzle","Hidden"
"graph","depth","Success","68220","68220","101452","159724","2.0","START","GOAL","8-puzzle","Hidden"
"graph","depth","Success","41354","41354","139615","175871","2.6562","START","GOAL","8-puzzle","Hidden"
"graph","depth","Success","52228","52228","126941","172387","2.3906","START","GOAL","8-puzzle","Hidden"
"graph","depth","Success","28214","28214","31691","56584","0.5781","START","GOAL","8-puzzle","Hidden"
"graph","depth","Success","36284","36284","145199","177095","2.7344","START","GOAL","8-puzzle","Hidden"
"graph","depth","Success","47456","47456","132696","174116","2.4844","START","GOAL","8-puzzle","Hidden"
"graph","depth","Success","45272","45272","135104","174743","2.5469","START","GOAL","8-puzzle","Hidden"
"graph","depth","Success","48622","48622","131239","173722","2.5312","START","GOAL","8-puzzle","Hidden"
"graph","depth","Success","28758","28758","153273","178668","2.8125","START","GOAL","8-puzzle","Hidden"
"graph","depth","Success","66466","66466","107662","164485","2.0938","START","GOAL","8-puzzle","Hidden"
"graph","depth","Success","47926","47926","54788","96681","1.0312","START","GOAL","8-puzzle","Hidden"
"graph","depth","Success","56686","56686","121464","170679","2.3281","START","GOAL","8-puzzle","Hidden"
"graph","depth","Success","22046","22046","160263","179781","2.9219","START","GOAL","8-puzzle","Hidden"
"graph","depth","Success","55276","55276","123459","171349","2.3594","START","GOAL","8-puzzle","Hidden"
"graph","depth","Success","60420","60420","116197","168445","2.2656","START","GOAL","8-puzzle","Hidden"
"graph","depth","Success","68056","68056","103479","161494","1.9844","START","GOAL","8-puzzle","Hidden"
"graph","depth","Success","57460","57460","120719","170417","2.3438","START","GOAL","8-puzzle","Hidden"
"graph","depth","Success","60314","60314","70771","122930","1.3281","START","GOAL","8-puzzle","Hidden"
"graph","depth","Success","68370","68370","102022","160412","1.9688","START","GOAL","8-puzzle","Hidden"
"graph","depth","Success","24206","24206","158062","179462","3.0","START","GOAL","8-puzzle","Hidden"
"graph","depth","Success","68876","68876","99398","158158","1.9219","START","GOAL","8-puzzle","Hidden"
"graph","depth","Success","70002","70002","94656","154106","1.7969","START","GOAL","8-puzzle","Hidden"
"graph","depth","Success","62744","62744","112843","166943","2.1875","START","GOAL","8-puzzle","Hidden"
"graph","depth","Success","32996","32996","148780","177817","2.75","START","GOAL","8-puzzle","Hidden"
"graph","depth","Success","14796","14796","167516","180635","3.0625","START","GOAL","8-puzzle","Hidden"
"graph","depth","Success","69376","69376","98927","157923","1.9531","START","GOAL","8-puzzle","Hidden"
"graph","depth","Success","21092","21092","161248","179896","2.9531","START","GOAL","8-puzzle","Hidden"
"graph","depth","Success","36762","36762","144677","176977","2.75","START","GOAL","8-puzzle","Hidden"
"graph","depth","Success","58818","58818","118859","169706","2.2188","START","GOAL","8-puzzle","Hidden"
"graph","depth","Success","60858","60858","115645","168251","2.2188","START","GOAL","8-puzzle","Hidden"
"graph","depth","Success","68426","68426","100634","159052","1.9062","START","GOAL","8-puzzle","Hidden"
"graph","depth","Success","69982","69982","93792","153206","1.8281","START","GOAL","8-puzzle","Hidden"
"graph","depth","Success","66090","66090","80713","137286","1.5625","START","GOAL","8-puzzle","Hidden"
"graph","depth","Success","66514","66514","81649","138539","1.5781","START","GOAL","8-puzzle","Hidden"
"graph","depth","Success","31414","31414","150415","178095","2.75","START","GOAL","8-puzzle","Hidden"
"graph","depth","Success","69438","69438","91397","150552","1.7656","START","GOAL","8-puzzle","Hidden"
"graph","depth","Success","40110","40110","140967","176154","2.625","START","GOAL","8-puzzle","Hidden"
"graph","depth","Success","2366","2366","179273","181369","3.2188","START","GOAL","8-puzzle","Hidden"
"graph","depth","Success","25044","25044","157198","179336","2.9531","START","GOAL","8-puzzle","Hidden"
"graph","depth","Success","60136","60136","117193","169105","2.2344","START","GOAL","8-puzzle","Hidden"
"graph","depth","Success","34962","34962","146496","177263","2.75","START","GOAL","8-puzzle","Hidden"
"graph","depth","Success","69704","69704","95799","155141","1.8125","START","GOAL","8-puzzle","Hidden"
"graph","depth","Success","55138","55138","123580","171395","2.3594","START","GOAL","8-puzzle","Hidden"
"graph","depth","Success","8944","8944","173137","181073","3.1875","START","GOAL","8-puzzle","Hidden"
"graph","depth","Success","62806","62806","113526","167544","2.2969","START","GOAL","8-puzzle","Hidden"
"graph","depth","Success","68522","68522","102430","160811","2.125","START","GOAL","8-puzzle","Hidden"
"graph","depth","Success","66064","66064","107474","164137","2.1094","START","GOAL","8-puzzle","Hidden"
"graph","depth","Success","36472","36472","145049","177113","2.7188","START","GOAL","8-puzzle","Hidden"
"graph","depth","Success","54200","54200","124759","171751","2.3438","START","GOAL","8-puzzle","Hidden"
"graph","depth","Success","21652","21652","160531","179665","2.9531","START","GOAL","8-puzzle","Hidden"
"graph","depth","Success","60106","60106","117249","169103","2.2812","START","GOAL","8-puzzle","Hidden"
"graph","depth","Success","57518","57518","120299","170189","2.2969","START","GOAL","8-puzzle","Hidden"
"graph","depth","Success","17718","17718","164612","180311","3.0625","START","GOAL","8-puzzle","Hidden"
"graph","depth","Success","3832","3832","177921","181321","3.2656","START","GOAL","8-puzzle","Hidden"
"graph","depth","Success","27722","27722","154359","178831","2.8281","START","GOAL","8-puzzle","Hidden"
"graph","depth","Success","58502","58502","119157","169749","2.2969","START","GOAL","8-puzzle","Hidden"
"graph","depth","Success","51392","51392","128176","172864","2.375","START","GOAL","8-puzzle","Hidden"
"graph","depth","Success","45410","45410","135033","174749","2.5625","START","GOAL","8-puzzle","Hidden"
"graph","depth","Success","34002","34002","147680","177589","2.7812","START","GOAL","8-puzzle","Hidden"
"graph","depth","Success","70122","70122","93590","153088","1.7969","START","GOAL","8-puzzle","Hidden"
"graph","depth","Success","67976","67976","103183","161285","1.9531","START","GOAL","8-puzzle","Hidden"
"graph","depth","Success","69862","69862","97875","157232","1.8906","START","GOAL","8-puzzle","Hidden"
"graph","depth","Success","69730","69730","95771","155126","1.8438","START","GOAL","8-puzzle","Hidden"
"graph","depth","Success","6732","6732","175198","181173","3.2031","START","GOAL","8-puzzle","Hidden"
"graph","depth","Success","63164","63164","75717","130007","1.4688","START","GOAL","8-puzzle","Hidden"
"graph","depth","Success","3018","3018","178672","181344","3.1719","START","GOAL","8-puzzle","Hidden"
"graph","depth","Success","46340","46340","133910","174379","2.5312","START","GOAL","8-puzzle","Hidden"
"graph","depth","Success","25864","25864","156348","179208","2.9375","START","GOAL","8-puzzle","Hidden"
"graph","depth","Success","37306","37306","144084","176860","2.7031","START","GOAL","8-puzzle","Hidden"
"graph","depth","Success","69058","69058","100832","159584","1.9688","START","GOAL","8-puzzle","Hidden"
"graph","depth","Success","69750","69750","97590","156845","1.875","START","GOAL","8-puzzle","Hidden"
"graph","depth","Success","27436","27436","154696","178914","2.8906","START","GOAL","8-puzzle","Hidden"
"graph","depth","Success","56344","56344","121761","170672","2.25","START","GOAL","8-puzzle","Hidden"
"graph","depth","Success","21666","21666","160642","179822","2.9531","START","GOAL","8-puzzle","Hidden"
"graph","depth","Success","27284","27284","154815","178904","2.9062","START","GOAL","8-puzzle","Hidden"
"graph","depth","Success","29878","29878","152081","178461","2.8594","START","GOAL","8-puzzle","Hidden"
"graph","depth","Success","47760","47760","132332","174012","2.4844","START","GOAL","8-puzzle","Hidden"
"graph","depth","Success","64026","64026","111820","166771","2.1562","START","GOAL","8-puzzle","Hidden"
"graph","depth","Success","65762","65762","80396","136696","1.5625","START","GOAL","8-puzzle","Hidden"
"graph","depth","Success","44636","44636","135904","174955","2.5156","START","GOAL","8-puzzle","Hidden"
"graph","depth","Success","16432","16432","165850","180395","3.0312","START","GOAL","8-puzzle","Hidden"
"graph","depth","Success","53840","53840","62420","109114","1.2031","START","GOAL","8-puzzle","Hidden"
"graph","depth","Success","69232","69232","90130","149155","1.7188","START","GOAL","8-puzzle","Hidden"
"graph","depth","Success","48288","48288","131839","173937","2.5312","START","GOAL","8-puzzle","Hidden"
"graph","depth","Success","10542","10542","171566","180924","3.125","START","GOAL","8-puzzle","Hidden"
"graph","depth","Success","51902","51902","127398","172629","2.4219","START","GOAL","8-puzzle","Hidden"
"graph","depth","Success","5344","5344","176508","181251","3.2656","START","GOAL","8-puzzle","Hidden"
"graph","depth","Success","63864","63864","112019","166850","2.125","START","GOAL","8-puzzle","Hidden"
"graph","depth","Success","54194","54194","124760","171785","2.4062","START","GOAL","8-puzzle","Hidden"
"graph","depth","Success","39938","39938","141136","176215","2.625","START","GOAL","8-puzzle","Hidden"
"graph","depth","Success","48254","48254","131682","173759","2.4844","START","GOAL","8-puzzle","Hidden"
"graph","depth","Success","35722","35722","145801","177215","2.7656","START","GOAL","8-puzzle","Hidden"
"graph","depth","Success","52134","52134","127120","172544","2.4062","START","GOAL","8-puzzle","Hidden"
"graph","depth","Success","67574","67574","104652","162293","2.0469","START","GOAL","8-puzzle","Hidden"
"graph","depth","Success","20190","20190","162154","180014","2.9688","START","GOAL","8-puzzle","Hidden"
"graph","depth","Success","49398","49398","130373","173499","2.4375","START","GOAL","8-puzzle","Hidden"
"graph","depth","Success","1760","1760","179845","181404","3.2969","START","GOAL","8-puzzle","Hidden"
"graph","depth","Success","64166","64166","77122","132196","1.5","START","GOAL","8-puzzle","Hidden"
"graph","depth","Success","24868","24868","157213","179168","2.875","START","GOAL","8-puzzle","Hidden"
"graph","depth","Success","69750","69750","95786","155168","1.875","START","GOAL","8-puzzle","Hidden"
"graph","depth","Success","65454","65454","79665","135731","1.5469","START","GOAL","8-puzzle","Hidden"
"graph","depth","Success","45076","45076","135361","174764","2.5","START","GOAL","8-puzzle","Hidden"
"graph","depth","Success","61936","61936","73611","126885","1.3906","START","GOAL","8-puzzle","Hidden"
"graph","depth","Success","69858","69858","97880","157234","1.9219","START","GOAL","8-puzzle","Hidden"
"graph","depth","Success","61830","61830","114920","168111","2.1719","START","GOAL","8-puzzle","Hidden"
"graph","depth","Success","49546","49546","130381","173532","2.5","START","GOAL","8-puzzle","Hidden"
"graph","depth","Success","28014","28014","154085","178808","2.9062","START","GOAL","8-puzzle","Hidden"
"graph","depth","Success","48696","48696","55725","98198","1.0469","START","GOAL","8-puzzle","Hidden"
"graph","depth","Success","37014","37014","41854","74378","0.7812","START","GOAL","8-puzzle","Hidden"
"graph","depth","Success","67960","67960","103831","161800","2.0625","START","GOAL","8-puzzle","Hidden"
"graph","depth","Success","55376","55376","123281","171296","2.3594","START","GOAL","8-puzzle","Hidden"
"graph","depth","Success","66948","66948","82527","139861","1.5781","START","GOAL","8-puzzle","Hidden"
"graph","depth","Success","61578","61578","114562","167753","2.2188","START","GOAL","8-puzzle","Hidden"
"graph","depth","Success","65688","65688","108769","165001","2.0938","START","GOAL","8-puzzle","Hidden"
"graph","depth","Success","51652","51652","127674","172637","2.4531","START","GOAL","8-puzzle","Hidden"
"graph","depth","Success","40938","40938","140043","175937","2.6094","START","GOAL","8-puzzle","Hidden"
"graph","depth","Success","10028","10028","172095","180984","3.125","START","GOAL","8-puzzle","Hidden"
"graph","depth","Success","55622","55622","122677","170991","2.3906","START","GOAL","8-puzzle","Hidden"
"graph","depth","Success","62390","62390","73979","127794","1.4375","START","GOAL","8-puzzle","Hidden"
"graph","depth","Success","69258","69258","89729","148772","1.7188","START","GOAL","8-puzzle","Hidden"
"graph","depth","Success","69600","69600","96473","155627","1.8438","START","GOAL","8-puzzle","Hidden"
"graph","depth","Success","68068","68068","84905","142929","1.5938","START","GOAL","8-puzzle","Hidden"
"graph","depth","Success","51886","51886","127597","172696","2.4062","START","GOAL","8-puzzle","Hidden"
"graph","depth","Success","69918","69918","92068","151468","1.7812","START","GOAL","8-puzzle","Hidden"
"graph","depth","Success","33722","33722","147994","177659","2.7656","START","GOAL","8-puzzle","Hidden"
"graph","depth","Success","33272","33272","148487","177786","2.8281","START","GOAL","8-puzzle","Hidden"
"graph","depth","Success","66546","66546","106337","163357","2.0312","START","GOAL","8-puzzle","Hidden"
"graph","depth","Success","66680","66680","106965","163968","2.1094","START","GOAL","8-puzzle","Hidden"
"graph","depth","Success","45834","45834","134464","174580","2.5312","START","GOAL","8-puzzle","Hidden"
"graph","depth","Success","19862","19862","162355","179922","3.0","START","GOAL","8-puzzle","Hidden"
"graph","depth","Success","236","236","181227","181436","3.3125","START","GOAL","8-puzzle","Hidden"
"graph","depth","Success","62912","62912","113367","167469","2.1719","START","GOAL","8-puzzle","Hidden"
"graph","depth","Success","69614","69614","98704","157867","1.8594","START","GOAL","8-puzzle","Hidden"
"graph","depth","Success","69956","69956","96843","156250","1.875","START","GOAL","8-puzzle","Hidden"
"graph","depth","Success","44164","44164","136373","175066","2.5469","START","GOAL","8-puzzle","Hidden"
"graph","depth","Success","61104","61104","115275","168075","2.2188","START","GOAL","8-puzzle","Hidden"
"graph","depth","Success","48960","48960","131058","173721","2.5312","START","GOAL","8-puzzle","Hidden"
"graph","depth","Success","59716","59716","70024","121698","1.2969","START","GOAL","8-puzzle","Hidden"
"graph","depth","Success","12858","12858","169381","180783","3.0781","START","GOAL","8-puzzle","Hidden"
"graph","depth","Success","21358","21358","160981","179858","2.9688","START","GOAL","8-puzzle","Hidden"
"graph","depth","Success","13520","13520","168714","180702","3.1562","START","GOAL","8-puzzle","Hidden"
"graph","depth","Success","57204","57204","66817","116299","1.2656","START","GOAL","8-puzzle","Hidden"
"graph","depth","Success","21568","21568","160745","179842","2.9531","START","GOAL","8-puzzle","Hidden"
"graph","depth","Success","64146","64146","111426","166486","2.2031","START","GOAL","8-puzzle","Hidden"
"graph","depth","Success","2670","2670","178988","181353","3.2188","START","GOAL","8-puzzle","Hidden"
"graph","depth","Success","57774","57774","119941","170025","2.3125","START","GOAL","8-puzzle","Hidden"
"graph","depth","Success","10956","10956","171183","180891","3.1562","START","GOAL","8-puzzle","Hidden"
"graph","depth","Success","58296","58296","119267","169788","2.2344","START","GOAL","8-puzzle","Hidden"
"graph","depth","Success","19556","19556","162783","180082","3.0312","START","GOAL","8-puzzle","Hidden"
"graph","depth","Success","69204","69204","88142","147006","1.7031","START","GOAL","8-puzzle","Hidden"
"graph","depth","Success","63276","63276","112135","166654","2.2188","START","GOAL","8-puzzle","Hidden"
"graph","depth","Success","65366","65366","109523","165511","2.1094","START","GOAL","8-puzzle","Hidden"
"graph","depth","Success","19552","19552","162784","180102","3.0156","START","GOAL","8-puzzle","Hidden"
"graph","depth","Success","43040","43040","137675","175373","2.5781","START","GOAL","8-puzzle","Hidden"
"graph","depth","Success","70026","70026","95196","154671","1.8438","START","GOAL","8-puzzle","Hidden"
"graph","depth","Success","37542","37542","143782","176757","2.6719","START","GOAL","8-puzzle","Hidden"
"graph","depth","Success","33526","33526","148221","177742","2.7812","START","GOAL","8-puzzle","Hidden"
"graph","depth","Success","45882","45882","134503","174609","2.5938","START","GOAL","8-puzzle","Hidden"
"graph","depth","Success","40038","40038","140961","176115","2.625","START","GOAL","8-puzzle","Hidden"
"graph","depth","Success","52722","52722","126491","172300","2.4219","START","GOAL","8-puzzle","Hidden"
"graph","depth","Success","67814","67814","103980","161810","1.9844","START","GOAL","8-puzzle","Hidden"
"graph","depth","Success","61116","61116","115259","168070","2.2344","START","GOAL","8-puzzle","Hidden"
"graph","depth","Success","35862","35862","145631","177160","2.6875","START","GOAL","8-puzzle","Hidden"
"graph","depth","Success","58434","58434","119027","169651","2.2656","START","GOAL","8-puzzle","Hidden"
"graph","depth","Success","69254","69254","88222","147271","1.6875","START","GOAL","8-puzzle","Hidden"
"graph","depth","Success","1944","1944","179671","181398","3.25","START","GOAL","8-puzzle","Hidden"
"graph","depth","Success","21694","21694","160621","179810","3.0156","START","GOAL","8-puzzle","Hidden"
"graph","depth","Success","64100","64100","77240","132255","1.5156","START","GOAL","8-puzzle","Hidden"
"graph","depth","Success","61340","61340","115634","168439","2.1875","START","GOAL","8-puzzle","Hidden"
"graph","depth","Success","66374","66374","107702","164490","2.0938","START","GOAL","8-puzzle","Hidden"
"graph","depth","Success","61292","61292","114980","167938","2.1875","START","GOAL","8-puzzle","Hidden"
"graph","depth","Success","57372","57372","120470","170238","2.3438","START","GOAL","8-puzzle","Hidden"
"graph","depth","Success","49862","49862","129987","173406","2.4219","START","GOAL","8-puzzle","Hidden"
"graph","depth","Success","31692","31692","150155","178082","2.7969","START","GOAL","8-puzzle","Hidden"
"graph","depth","Success","66466","66466","106532","163499","2.0156","START","GOAL","8-puzzle","Hidden"
"graph","depth","Success","66958","66958","105720","163058","2.0156","START","GOAL","8-puzzle","Hidden"
"graph","depth","Success","69246","69246","87875","146918","1.6719","START","GOAL","8-puzzle","Hidden"
"graph","depth","Success","66430","66430","107506","164334","2.1094","START","GOAL","8-puzzle","Hidden"
"graph","depth","Success","44870","44870","135591","174824","2.5312","START","GOAL","8-puzzle","Hidden"
"graph","depth","Success","69352","69352","99908","158875","1.9531","START","GOAL","8-puzzle","Hidden"
"graph","depth","Success","16198","16198","166045","180381","3.0312","START","GOAL","8-puzzle","Hidden"
"graph","depth","Success","47052","47052","133213","174287","2.5312","START","GOAL","8-puzzle","Hidden"
"graph","depth","Success","65500","65500","108439","164671","2.0312","START","GOAL","8-puzzle","Hidden"
"graph","depth","Success","9020","9020","173071","181072","3.1406","START","GOAL","8-puzzle","Hidden"
"graph","depth","Success","65686","65686","79902","136290","1.5156","START","GOAL","8-puzzle","Hidden"
"graph","depth","Success","65706","65706","107920","164323","2.1094","START","GOAL","8-puzzle","Hidden"
"graph","depth","Success","52768","52768","126318","172261","2.375","START","GOAL","8-puzzle","Hidden"
"graph","depth","Success","53896","53896","124939","171763","2.3906","START","GOAL","8-puzzle","Hidden"
"graph","depth","Success","58580","58580","119280","169894","2.25","START","GOAL","8-puzzle","Hidden"
"graph","depth","Success","58484","58484","118964","169631","2.2812","START","GOAL","8-puzzle","Hidden"
"graph","depth","Success","18094","18094","164147","180154","3.0938","START","GOAL","8-puzzle","Hidden"
"graph","depth","Success","61112","61112","115267","168073","2.1719","START","GOAL","8-puzzle","Hidden"
"graph","depth","Success","874","874","180650","181425","3.2812","START","GOAL","8-puzzle","Hidden"
"graph","depth","Success","5612","5612","176267","181245","3.2656","START","GOAL","8-puzzle","Hidden"
"graph","depth","Success","10340","10340","171770","180947","3.1094","START","GOAL","8-puzzle","Hidden"
"graph","depth","Success","68014","68014","85364","143377","1.6562","START","GOAL","8-puzzle","Hidden"
"graph","depth","Success","65844","65844","108656","165033","2.0781","START","GOAL","8-puzzle","Hidden"
"graph","depth","Success","44950","44950","135540","174871","2.6094","START","GOAL","8-puzzle","Hidden"
"graph","depth","Success","7026","7026","174941","181166","3.1406","START","GOAL","8-puzzle","Hidden"
"graph","depth","Success","21104","21104","161228","179896","2.9531","START","GOAL","8-puzzle","Hidden"
"graph","depth","Success","69232","69232","90130","149155","1.7031","START","GOAL","8-puzzle","Hidden"
"graph","depth","Success","63622","63622","112322","166980","2.1562","START","GOAL","8-puzzle","Hidden"
"graph","depth","Success","4214","4214","177567","181308","3.2812","START","GOAL","8-puzzle","Hidden"
"graph","depth","Success","57728","57728","120402","170325","2.2656","START","GOAL","8-puzzle","Hidden"
"graph","depth","Success","49020","49020","130785","173603","2.5","START","GOAL","8-puzzle","Hidden"
"graph","depth","Success","64248","64248","77597","132723","1.5","START","GOAL","8-puzzle","Hidden"
"graph","depth","Success","65676","65676","79981","136208","1.5469","START","GOAL","8-puzzle","Hidden"
"graph","depth","Success","59204","59204","117881","169140","2.2188","START","GOAL","8-puzzle","Hidden"
"graph","depth","Success","48218","48218","131692","173830","2.4844","START","GOAL","8-puzzle","Hidden"
"graph","depth","Success","44622","44622","50769","89852","0.9531","START","GOAL","8-puzzle","Hidden"
"graph","depth","Success","14070","14070","168185","180662","3.0938","START","GOAL","8-puzzle","Hidden"
"graph","depth","Success","55372","55372","123344","171313","2.3906","START","GOAL","8-puzzle","Hidden"
"graph","depth","Success","64074","64074","110752","165897","2.1094","START","GOAL","8-puzzle","Hidden"
"graph","depth","Success","13018","13018","169200","180746","3.125","START","GOAL","8-puzzle","Hidden"
"graph","depth","Success","66720","66720","106868","163899","2.0312","START","GOAL","8-puzzle","Hidden"
"graph","depth","Success","38380","38380","142926","176635","2.6875","START","GOAL","8-puzzle","Hidden"
"graph","depth","Success","68606","68606","86852","145301","1.6719","START","GOAL","8-puzzle","Hidden"
"graph","depth","Success","69012","69012","100987","159699","1.9062","START","GOAL","8-puzzle","Hidden"
"graph","depth","Success","49426","49426","130521","173572","2.4688","START","GOAL","8-puzzle","Hidden"
"graph","depth","Success","56304","56304","65468","114269","1.25","START","GOAL","8-puzzle","Hidden"
"graph","depth","Success","66790","66790","105928","163137","2.0312","START","GOAL","8-puzzle","Hidden"
"graph","depth","Success","12530","12530","169699","180811","3.125","START","GOAL","8-puzzle","Hidden"
"graph","depth","Success","69120","69120","98295","157239","1.8594","START","GOAL","8-puzzle","Hidden"
"graph","depth","Success","61224","61224","72000","124904","1.3594","START","GOAL","8-puzzle","Hidden"
"graph","depth","Success","7886","7886","174125","181125","3.1719","START","GOAL","8-puzzle","Hidden"
"graph","depth","Success","56420","56420","121852","170748","2.4062","START","GOAL","8-puzzle","Hidden"
"graph","depth","Success","7244","7244","174728","181157","3.1562","START","GOAL","8-puzzle","Hidden"
"graph","depth","Success","62766","62766","113688","167642","2.2031","START","GOAL","8-puzzle","Hidden"
"graph","depth","Success","19014","19014","21280","38114","0.375","START","GOAL","8-puzzle","Hidden"
"graph","depth","Success","28976","28976","153070","178635","2.8594","START","GOAL","8-puzzle","Hidden"
"graph","depth","Success","2812","2812","178878","181360","3.2656","START","GOAL","8-puzzle","Hidden"
"graph","depth","Success","50088","50088","129541","173239","2.4375","START","GOAL","8-puzzle","Hidden"
"graph","depth","Success","66120","66120","107310","164010","2.0781","START","GOAL","8-puzzle","Hidden"
"graph","depth","Success","69122","69122","100375","159194","1.9219","START","GOAL","8-puzzle","Hidden"
"graph","depth","Success","68144","68144","102198","160439","1.9844","START","GOAL","8-puzzle","Hidden"
"graph","depth","Success","69384","69384","98955","157954","1.9062","START","GOAL","8-puzzle","Hidden"
"graph","depth","Success","20146","20146","162175","180016","3.0156","START","GOAL","8-puzzle","Hidden"
"graph","depth","Success","65426","65426","108575","164760","2.0938","START","GOAL","8-puzzle","Hidden"
"graph","depth","Success","14702","14702","167584","180616","3.0781","START","GOAL","8-puzzle","Hidden"
"graph","depth","Success","9994","9994","172103","180973","3.1875","START","GOAL","8-puzzle","Hidden"
"graph","depth","Success","68718","68718","87540","146072","1.7031","START","GOAL","8-puzzle","Hidden"
"graph","depth","Success","67048","67048","83125","140417","1.6094","START","GOAL","8-puzzle","Hidden"
"graph","depth","Success","69454","69454","92397","151567","1.7656","START","GOAL","8-puzzle","Hidden"
"graph","depth","Success","7592","7592","174413","181137","3.2031","START","GOAL","8-puzzle","Hidden"
"graph","depth","Success","69022","69022","100817","159563","1.8906","START","GOAL","8-puzzle","Hidden"
"graph","depth","Success","44192","44192","136390","175062","2.5781","START","GOAL","8-puzzle","Hidden"
"graph","depth","Success","19746","19746","162596","180067","3.0469","START","GOAL","8-puzzle","Hidden"
"graph","depth","Success","16652","16652","165598","180331","3.0","START","GOAL","8-puzzle","Hidden"
"graph","depth","Success","59764","59764","117616","169213","2.25","START","GOAL","8-puzzle","Hidden"
"graph","depth","Success","45638","45638","134770","174682","2.5938","START","GOAL","8-puzzle","Hidden"
"graph","depth","Success","61048","61048","115350","168104","2.2031","START","GOAL","8-puzzle","Hidden"
"graph","depth","Success","42934","42934","137747","175388","2.625","START","GOAL","8-puzzle","Hidden"
"graph","depth","Success","24388","24388","157883","179447","2.8906","START","GOAL","8-puzzle","Hidden"
"graph","depth","Success","63368","63368","112597","167011","2.1562","START","GOAL","8-puzzle","Hidden"
"graph","depth","Success","13310","13310","168940","180741","3.125","START","GOAL","8-puzzle","Hidden"
"graph","depth","Success","29388","29388","152639","178561","2.8281","START","GOAL","8-puzzle","Hidden"
"graph","depth","Success","70056","70056","92867","152336","1.8438","START","GOAL","8-puzzle","Hidden"
"graph","depth","Success","61168","61168","71930","124785","1.3438","START","GOAL","8-puzzle","Hidden"
"graph","depth","Success","56048","56048","65018","113692","1.2188","START","GOAL","8-puzzle","Hidden"
"graph","depth","Success","9578","9578","172490","180976","3.1719","START","GOAL","8-puzzle","Hidden"
"graph","depth","Success","58554","58554","119318","169908","2.25","START","GOAL","8-puzzle","Hidden"
"graph","depth","Success","68716","68716","87848","146360","1.7031","START","GOAL","8-puzzle","Hidden"
"graph","depth","Success","44706","44706","50863","90020","0.9531","START","GOAL","8-puzzle","Hidden"
"graph","depth","Success","22550","22550","159618","179545","2.9844","START","GOAL","8-puzzle","Hidden"
"graph","depth","Success","6298","6298","175621","181211","3.1094","START","GOAL","8-puzzle","Hidden"
"graph","depth","Success","64872","64872","109364","165124","2.1094","START","GOAL","8-puzzle","Hidden"
"graph","depth","Success","54566","54566","63202","110541","1.2188","START","GOAL","8-puzzle","Hidden"
"graph","depth","Success","61352","61352","115429","168305","2.2031","START","GOAL","8-puzzle","Hidden"
"graph","depth","Success","59068","59068","118474","169514","2.2969","START","GOAL","8-puzzle","Hidden"
"graph","depth","Success","63462","63462","111717","166394","2.1094","START","GOAL","8-puzzle","Hidden"
"graph","depth","Success","48066","48066","131983","173919","2.5312","START","GOAL","8-puzzle","Hidden"
"graph","depth","Success","3932","3932","177824","181313","3.2656","START","GOAL","8-puzzle","Hidden"
"graph","depth","Success","57640","57640","120509","170356","2.2969","START","GOAL","8-puzzle","Hidden"
"graph","depth","Success","47816","47816","54746","96470","1.0625","START","GOAL","8-puzzle","Hidden"
"graph","depth","Success","69606","69606","92622","151893","1.7969","START","GOAL","8-puzzle","Hidden"
"graph","depth","Success","67506","67506","83664","141262","1.6094","START","GOAL","8-puzzle","Hidden"
"graph","depth","Success","53378","53378","61598","108050","1.2031","START","GOAL","8-puzzle","Hidden"
"graph","depth","Success","36028","36028","145447","177118","2.7031","START","GOAL","8-puzzle","Hidden"
"graph","depth","Success","69000","69000","88538","147270","1.6719","START","GOAL","8-puzzle","Hidden"
"graph","depth","Success","34346","34346","147291","177559","2.7188","START","GOAL","8-puzzle","Hidden"
"graph","depth","Success","28420","28420","153615","178719","2.875","START","GOAL","8-puzzle","Hidden"
"graph","depth","Success","67960","67960","103293","161384","1.9531","START","GOAL","8-puzzle","Hidden"
"graph","depth","Success","31766","31766","150082","178072","2.7812","START","GOAL","8-puzzle","Hidden"
"graph","depth","Success","65154","65154","109879","165701","2.0781","START","GOAL","8-puzzle","Hidden"
"graph","depth","Success","21664","21664","160518","179663","2.9531","START","GOAL","8-puzzle","Hidden"
"graph","depth","Success","68860","68860","101853","160439","1.9062","START","GOAL","8-puzzle","Hidden"
"graph","depth","Success","14196","14196","168021","180593","3.0781","START","GOAL","8-puzzle","Hidden"
"graph","depth","Success","69610","69610","98481","157651","1.9375","START","GOAL","8-puzzle","Hidden"
"graph","depth","Success","5568","5568","176314","181252","3.1875","START","GOAL","8-puzzle","Hidden"
"graph","depth","Success","65802","65802","107887","164343","2.0781","START","GOAL","8-puzzle","Hidden"
"graph","depth","Success","47726","47726","132369","174022","2.4688","START","GOAL","8-puzzle","Hidden"
"graph","depth","Success","65268","65268","79158","135220","1.5","START","GOAL","8-puzzle","Hidden"
"graph","depth","Success","10726","10726","171411","180914","3.1562","START","GOAL","8-puzzle","Hidden"
"graph","depth","Success","38028","38028","143271","176720","2.7031","START","GOAL","8-puzzle","Hidden"
"graph","depth","Success","68904","68904","99323","158108","1.8906","START","GOAL","8-puzzle","Hidden"
"graph","depth","Success","64456","64456","77255","132683","1.4688","START","GOAL","8-puzzle","Hidden"
"graph","depth","Success","6780","6780","175174","181183","3.2031","START","GOAL","8-puzzle","Hidden"
"graph","depth","Success","20284","20284","161937","179875","3.0625","START","GOAL","8-puzzle","Hidden"
"graph","depth","Success","66172","66172","108079","164711","2.0625","START","GOAL","8-puzzle","Hidden"
"graph","depth","Success","35188","35188","146388","177388","2.7812","START","GOAL","8-puzzle","Hidden"
"graph","depth","Success","69612","69612","90335","149624","1.7344","START","GOAL","8-puzzle","Hidden"
"graph","depth","Success","67828","67828","104267","162145","1.9844","START","GOAL","8-puzzle","Hidden"
"graph","depth","Success","69876","69876","94349","153695","1.8438","START","GOAL","8-puzzle","Hidden"
"graph","depth","Success","62364","62364","74536","128207","1.4375","START","GOAL","8-puzzle","Hidden"
"graph","depth","Success","49966","49966","129684","173285","2.4375","START","GOAL","8-puzzle","Hidden"
"graph","depth","Success","41802","41802","139024","175700","2.6406","START","GOAL","8-puzzle","Hidden"
"graph","depth","Success","63338","63338","112744","167165","2.125","START","GOAL","8-puzzle","Hidden"
"graph","depth","Success","53948","53948","124869","171738","2.375","START","GOAL","8-puzzle","Hidden"
"graph","depth","Success","69732","69732","95752","155110","1.7969","START","GOAL","8-puzzle","Hidden"
"graph","depth","Success","20810","20810","161514","179940","2.9844","START","GOAL","8-puzzle","Hidden"
"graph","depth","Success","40824","40824","140175","175968","2.6875","START","GOAL","8-puzzle","Hidden"
"graph","depth","Success","57172","57172","66771","116224","1.25","START","GOAL","8-puzzle","Hidden"
"graph","depth","Success","51620","51620","127709","172645","2.4062","START","GOAL","8-puzzle","Hidden"
"graph","depth","Success","22274","22274","160036","179752","3.0","START","GOAL","8-puzzle","Hidden"
"graph","depth","Success","60440","60440","71519","123668","1.3906","START","GOAL","8-puzzle","Hidden"
"graph","depth","Success","64128","64128","111602","166632","2.125","START","GOAL","8-puzzle","Hidden"
"graph","depth","Success","66794","66794","106700","163777","2.1094","START","GOAL","8-puzzle","Hidden"
"graph","depth","Success","44378","44378","136120","174996","2.5469","START","GOAL","8-puzzle","Hidden"
"graph","depth","Success","52778","52778","126304","172257","2.4375","START","GOAL","8-puzzle","Hidden"
"graph","depth","Success","26388","26388","155714","179016","2.8438","START","GOAL","8-puzzle","Hidden"
"graph","depth","Success","1484","1484","180099","181415","3.2344","START","GOAL","8-puzzle","Hidden"
"graph","depth","Success","58844","58844","118498","169471","2.2969","START","GOAL","8-puzzle","Hidden"
"graph","depth","Success","55710","55710","122573","170962","2.3125","START","GOAL","8-puzzle","Hidden"
"graph","depth","Success","66482","66482","107283","164133","2.0938","START","GOAL","8-puzzle","Hidden"
"graph","depth","Success","12764","12764","169443","180763","3.1406","START","GOAL","8-puzzle","Hidden"
"graph","depth","Success","48402","48402","131530","173784","2.5","START","GOAL","8-puzzle","Hidden"
"graph","depth","Success","24288","24288","157946","179405","2.9531","START","GOAL","8-puzzle","Hidden"
"graph","depth","Success","42466","42466","138287","175471","2.5625","START","GOAL","8-puzzle","Hidden"
"graph","depth","Success","35216","35216","146355","177379","2.7188","START","GOAL","8-puzzle","Hidden"
"graph","depth","Success","59176","59176","118502","169603","2.3125","START","GOAL","8-puzzle","Hidden"
"graph","depth","Success","14804","14804","16538","29647","0.2812","START","GOAL","8-puzzle","Hidden"
"graph","depth","Success","61346","61346","114914","167918","2.2188","START","GOAL","8-puzzle","Hidden"
"graph","depth","Success","64768","64768","110414","165932","2.1094","START","GOAL","8-puzzle","Hidden"
"graph","depth","Success","69208","69208","97753","156760","1.8281","START","GOAL","8-puzzle","Hidden"
"graph","depth","Success","41280","41280","139611","175838","2.625","START","GOAL","8-puzzle","Hidden"
"graph","depth","Success","60670","60670","115873","168333","2.25","START","GOAL","8-puzzle","Hidden"
"graph","depth","Success","31754","31754","150090","178052","2.7969","START","GOAL","8-puzzle","Hidden"
"graph","depth","Success","60782","60782","116375","168762","2.2344","START","GOAL","8-puzzle","Hidden"
"graph","depth","Success","50942","50942","128525","172886","2.3906","START","GOAL","8-puzzle","Hidden"
"graph","depth","Success","16724","16724","165592","180412","3.0625","START","GOAL","8-puzzle","Hidden"
"graph","depth","Success","46754","46754","133490","174327","2.6562","START","GOAL","8-puzzle","Hidden"
"graph","depth","Success","69358","69358","99341","158320","1.9531","START","GOAL","8-puzzle","Hidden"
"graph","depth","Success","43756","43756","136846","175122","2.625","START","GOAL","8-puzzle","Hidden"
"graph","depth","Success","59392","59392","69824","121107","1.3281","START","GOAL","8-puzzle","Hidden"
"graph","depth","Success","14306","14306","167911","180577","3.0312","START","GOAL","8-puzzle","Hidden"
"graph","depth","Success","44482","44482","135996","174962","2.5781","START","GOAL","8-puzzle","Hidden"
"graph","depth","Success","25360","25360","156700","179088","2.9531","START","GOAL","8-puzzle","Hidden"
"graph","depth","Success","63252","63252","112162","166664","2.125","START","GOAL","8-puzzle","Hidden"
"graph","depth","Success","63968","63968","110897","165961","2.1719","START","GOAL","8-puzzle","Hidden"
"graph","depth","Success","22140","22140","160043","179605","2.9062","START","GOAL","8-puzzle","Hidden"
"graph","depth","Success","53144","53144","125839","172039","2.4062","START","GOAL","8-puzzle","Hidden"
"graph","depth","Success","69120","69120","88939","147759","1.6875","START","GOAL","8-puzzle","Hidden"
"graph","depth","Success","41346","41346","139538","175819","2.6406","START","GOAL","8-puzzle","Hidden"
"graph","depth","Success","43600","43600","137047","175215","2.5625","START","GOAL","8-puzzle","Hidden"
"graph","depth","Success","29542","29542","152437","178524","2.8125","START","GOAL","8-puzzle","Hidden"
"graph","depth","Success","67870","67870","104173","162077","2.0469","START","GOAL","8-puzzle","Hidden"
"graph","depth","Success","63440","63440","111807","166464","2.1406","START","GOAL","8-puzzle","Hidden"
"graph","depth","Success","57048","57048","121052","170464","2.3438","START","GOAL","8-puzzle","Hidden"
"graph","depth","Success","15512","15512","17320","31058","0.2969","START","GOAL","8-puzzle","Hidden"
"graph","depth","Success","26724","26724","155302","178887","2.9219","START","GOAL","8-puzzle","Hidden"
"graph","depth","Success","40816","40816","140104","175923","2.6094","START","GOAL","8-puzzle","Hidden"
"graph","depth","Success","19378","19378","162962","180110","3.0","START","GOAL","8-puzzle","Hidden"
"graph","depth","Success","61164","61164","115198","168050","2.2188","START","GOAL","8-puzzle","Hidden"
"graph","depth","Success","66706","66706","106040","163199","2.0312","START","GOAL","8-puzzle","Hidden"
"graph","depth","Success","18714","18714","163530","180086","3.0469","START","GOAL","8-puzzle","Hidden"
"graph","depth","Success","64986","64986","110195","165886","2.0938","START","GOAL","8-puzzle","Hidden"
"graph","depth","Success","42552","42552","138237","175501","2.6094","START","GOAL","8-puzzle","Hidden"
"graph","depth","Success","50810","50810","128682","172887","2.4844","START","GOAL","8-puzzle","Hidden"
"graph","depth","Success","40592","40592","46009","81607","0.875","START","GOAL","8-puzzle","Hidden"
"graph","depth","Success","3702","3702","4132","7411","0.0781","START","GOAL","8-puzzle","Hidden"
"graph","depth","Success","68274","68274","103032","161235","2.0","START","GOAL","8-puzzle","Hidden"
"graph","depth","Success","63582","63582","112274","166864","2.2188","START","GOAL","8-puzzle","Hidden"
"graph","depth","Success","64202","64202","110460","165706","2.1875","START","GOAL","8-puzzle","Hidden"
"graph","depth","Success","21160","21160","23695","42416","0.4219","START","GOAL","8-puzzle","Hidden"
"graph","depth","Success","23020","23020","159125","179467","3.0","START","GOAL","8-puzzle","Hidden"
"graph","depth","Success","15938","15938","166398","180525","2.9844","START","GOAL","8-puzzle","Hidden"
"graph","depth","Success","63606","63606","112350","166993","2.1719","START","GOAL","8-puzzle","Hidden"
"graph","depth","Success","36672","36672","144836","177069","2.7812","START","GOAL","8-puzzle","Hidden"
"graph","depth","Success","48958","48958","130824","173493","2.4688","START","GOAL","8-puzzle","Hidden"
"graph","depth","Success","67436","67436","83497","141051","1.5938","START","GOAL","8-puzzle","Hidden"
"graph","depth","Success","7044","7044","174934","181183","3.2031","START","GOAL","8-puzzle","Hidden"
"graph","depth","Success","52552","52552","126812","172459","2.4688","START","GOAL","8-puzzle","Hidden"
"graph","depth","Success","59270","59270","117800","169113","2.2344","START","GOAL","8-puzzle","Hidden"
"graph","depth","Success","52460","52460","126912","172479","2.4375","START","GOAL","8-puzzle","Hidden"
"graph","depth","Success","25892","25892","156300","179175","2.8438","START","GOAL","8-puzzle","Hidden"
"graph","depth","Success","64128","64128","111599","166630","2.1406","START","GOAL","8-puzzle","Hidden"
"graph","depth","Success","68836","68836","101531","160149","1.9219","START","GOAL","8-puzzle","Hidden"
"graph","depth","Success","68220","68220","101817","160087","1.9688","START","GOAL","8-puzzle","Hidden"
"graph","depth","Success","23774","23774","158484","179506","2.8906","START","GOAL","8-puzzle","Hidden"
"graph","depth","Success","27040","27040","154954","178818","2.875","START","GOAL","8-puzzle","Hidden"
"graph","depth","Success","54932","54932","123588","171330","2.3906","START","GOAL","8-puzzle","Hidden"
"graph","depth","Success","62952","62952","74724","128991","1.4688","START","GOAL","8-puzzle","Hidden"
"graph","depth","Success","60278","60278","70824","122944","1.375","START","GOAL","8-puzzle","Hidden"
"graph","depth","Success","27278","27278","154817","178924","2.8438","START","GOAL","8-puzzle","Hidden"
"graph","depth","Success","68980","68980","88557","147258","1.6562","START","GOAL","8-puzzle","Hidden"
"graph","depth","Success","62002","62002","113904","167399","2.1875","START","GOAL","8-puzzle","Hidden"
"graph","depth","Success","49570","49570","56857","100060","1.0625","START","GOAL","8-puzzle","Hidden"
"graph","depth","Success","38330","38330","142953","176653","2.6562","START","GOAL","8-puzzle","Hidden"
"graph","depth","Success","23366","23366","158818","179473","2.9688","START","GOAL","8-puzzle","Hidden"
"graph","depth","Success","68392","68392","100709","159103","1.9219","START","GOAL","8-puzzle","Hidden"
"graph","depth","Success","68534","68534","100976","159492","1.9844","START","GOAL","8-puzzle","Hidden"
"graph","depth","Success","51834","51834","127467","172575","2.3906","START","GOAL","8-puzzle","Hidden"
"graph","depth","Success","66492","66492","106613","163598","2.0938","START","GOAL","8-puzzle","Hidden"
"graph","depth","Success","24422","24422","157834","179424","2.8906","START","GOAL","8-puzzle","Hidden"
"graph","depth","Success","60262","60262","116994","168979","2.25","START","GOAL","8-puzzle","Hidden"
"graph","depth","Success","4062","4062","177708","181305","3.2812","START","GOAL","8-puzzle","Hidden"
"graph","depth","Success","67776","67776","104055","161851","1.9688","START","GOAL","8-puzzle","Hidden"
"graph","depth","Success","60940","60940","115523","168192","2.25","START","GOAL","8-puzzle","Hidden"
"graph","depth","Success","26752","26752","155405","179030","2.8594","START","GOAL","8-puzzle","Hidden"
"graph","depth","Success","24626","24626","157611","179382","2.9375","START","GOAL","8-puzzle","Hidden"
"graph","depth","Success","69530","69530","96419","155633","1.8281","START","GOAL","8-puzzle","Hidden"
"graph","depth","Success","63914","63914","111000","166023","2.1406","START","GOAL","8-puzzle","Hidden"
"graph","depth","Success","8318","8318","173696","181078","3.2344","START","GOAL","8-puzzle","Hidden"
"graph","depth","Success","53038","53038","126233","172292","2.375","START","GOAL","8-puzzle","Hidden"
"graph","depth","Success","42786","42786","137954","175427","2.6562","START","GOAL","8-puzzle","Hidden"
"graph","depth","Success","50794","50794","128697","172990","2.4062","START","GOAL","8-puzzle","Hidden"
"graph","depth","Success","52636","52636","126720","172434","2.4219","START","GOAL","8-puzzle","Hidden"
"graph","depth","Success","48906","48906","130951","173628","2.5156","START","GOAL","8-puzzle","Hidden"
"graph","depth","Success","57692","57692","120222","170166","2.2969","START","GOAL","8-puzzle","Hidden"
"graph","depth","Success","26240","26240","155932","179116","2.9062","START","GOAL","8-puzzle","Hidden"
"graph","depth","Success","63264","63264","112152","166659","2.1406","START","GOAL","8-puzzle","Hidden"
"graph","depth","Success","38612","38612","142669","176580","2.6719","START","GOAL","8-puzzle","Hidden"
"graph","depth","Success","70042","70042","92051","151509","1.75","START","GOAL","8-puzzle","Hidden"
"graph","depth","Success","7886","7886","174131","181127","3.1562","START","GOAL","8-puzzle","Hidden"
"graph","depth","Success","69258","69258","88218","147270","1.6875","START","GOAL","8-puzzle","Hidden"
"graph","depth","Success","68034","68034","103628","161631","2.0312","START","GOAL","8-puzzle","Hidden"
"graph","depth","Success","39038","39038","142036","176326","2.6562","START","GOAL","8-puzzle","Hidden"
"graph","depth","Success","62578","62578","74291","128252","1.3906","START","GOAL","8-puzzle","Hidden"
"graph","depth","Success","41252","41252","139637","175841","2.6562","START","GOAL","8-puzzle","Hidden"
"graph","depth","Success","41212","41212","139748","175875","2.5781","START","GOAL","8-puzzle","Hidden"
"graph","depth","Success","36422","36422","145036","177046","2.7188","START","GOAL","8-puzzle","Hidden"
"graph","depth","Success","60540","60540","116058","168408","2.2812","START","GOAL","8-puzzle","Hidden"
"graph","depth","Success","65324","65324","78784","134905","1.5312","START","GOAL","8-puzzle","Hidden"
"graph","depth","Success","30004","30004","151942","178435","2.7656","START","GOAL","8-puzzle","Hidden"
"graph","depth","Success","46968","46968","133304","174314","2.5312","START","GOAL","8-puzzle","Hidden"
"graph","depth","Success","46560","46560","53082","93807","1.0","START","GOAL","8-puzzle","Hidden"
"graph","depth","Success","69190","69190","100516","159368","1.9688","START","GOAL","8-puzzle","Hidden"
"graph","depth","Success","10924","10924","171248","180940","3.2031","START","GOAL","8-puzzle","Hidden"
"graph","depth","Success","25158","25158","157057","179298","2.8906","START","GOAL","8-puzzle","Hidden"
"graph","depth","Success","64654","64654","110820","166256","2.1562","START","GOAL","8-puzzle","Hidden"
"graph","depth","Success","56078","56078","122414","170970","2.2969","START","GOAL","8-puzzle","Hidden"
"graph","depth","Success","53048","53048","61194","107312","1.1562","START","GOAL","8-puzzle","Hidden"
"graph","depth","Success","62982","62982","113186","167299","2.1562","START","GOAL","8-puzzle","Hidden"
"graph","depth","Success","67496","67496","103983","161714","2.0","START","GOAL","8-puzzle","Hidden"
"graph","depth","Success","4072","4072","177697","181311","3.2969","START","GOAL","8-puzzle","Hidden"
"graph","depth","Success","33816","33816","147880","177625","2.75","START","GOAL","8-puzzle","Hidden"
"graph","depth","Success","41002","41002","139980","175929","2.6562","START","GOAL","8-puzzle","Hidden"
"graph","depth","Success","56564","56564","121477","170563","2.2812","START","GOAL","8-puzzle","Hidden"
"graph","depth","Success","59716","59716","70024","121698","1.3125","START","GOAL","8-puzzle","Hidden"
"graph","depth","Success","6274","6274","175644","181212","3.1719","START","GOAL","8-puzzle","Hidden"
"graph","depth","Success","67160","67160","106385","163735","1.9844","START","GOAL","8-puzzle","Hidden"
"graph","depth","Success","66578","66578","81880","138816","1.6094","START","GOAL","8-puzzle","Hidden"
"graph","depth","Success","67636","67636","104255","161953","2.0156","START","GOAL","8-puzzle","Hidden"
"graph","depth","Success","58884","58884","118733","169636","2.3281","START","GOAL","8-puzzle","Hidden"
"graph","depth","Success","69324","69324","90674","149761","1.7812","START","GOAL","8-puzzle","Hidden"
"graph","depth","Success","46906","46906","133254","174203","2.5","START","GOAL","8-puzzle","Hidden"
"graph","depth","Success","68968","68968","101188","159858","1.9688","START","GOAL","8-puzzle","Hidden"
"graph","depth","Success","51648","51648","127689","172701","2.3906","START","GOAL","8-puzzle","Hidden"
"graph","depth","Success","21604","21604","160703","179832","3.0","START","GOAL","8-puzzle","Hidden"
"graph","depth","Success","65216","65216","109705","165573","2.1719","START","GOAL","8-puzzle","Hidden"
"graph","depth","Success","12104","12104","170059","180782","3.1094","START","GOAL","8-puzzle","Hidden"
"graph","depth","Success","69356","69356","88869","147973","1.75","START","GOAL","8-puzzle","Hidden"
"graph","depth","Success","55930","55930","122591","171021","2.3125","START","GOAL","8-puzzle","Hidden"
"graph","depth","Success","30072","30072","151744","178260","2.875","START","GOAL","8-puzzle","Hidden"
"graph","depth","Success","40090","40090","140897","176098","2.625","START","GOAL","8-puzzle","Hidden"
"graph","depth","Success","17050","17050","19093","34199","0.3438","START","GOAL","8-puzzle","Hidden"
"graph","depth","Success","48774","48774","131058","173672","2.5312","START","GOAL","8-puzzle","Hidden"
"graph","depth","Success","67032","67032","106094","163341","2.0469","START","GOAL","8-puzzle","Hidden"
"graph","depth","Success","69406","69406","99709","158724","1.8906","START","GOAL","8-puzzle","Hidden"
"graph","depth","Success","50826","50826","128652","172974","2.4375","START","GOAL","8-puzzle","Hidden"
"graph","depth","Success","49382","49382","130581","173592","2.5312","START","GOAL","8-puzzle","Hidden"
"graph","depth","Success","69228","69228","87830","146862","1.7188","START","GOAL","8-puzzle","Hidden"
"graph","depth","Success","68078","68078","102953","161133","1.9688","START","GOAL","8-puzzle","Hidden"
"graph","depth","Success","30254","30254","34062","60769","0.625","START","GOAL","8-puzzle","Hidden"
"graph","depth","Success","57894","57894","119759","169949","2.3125","START","GOAL","8-puzzle","Hidden"
"graph","depth","Success","9484","9484","10588","19003","0.1875","START","GOAL","8-puzzle","Hidden"
"graph","depth","Success","16614","16614","165636","180337","3.0781","START","GOAL","8-puzzle","Hidden"
"graph","depth","Success","18630","18630","163608","180090","2.9531","START","GOAL","8-puzzle","Hidden"
"graph","depth","Success","5438","5438","176417","181244","3.1719","START","GOAL","8-puzzle","Hidden"
"graph","depth","Success","57108","57108","120793","170333","2.3438","START","GOAL","8-puzzle","Hidden"
"graph","depth","Success","59870","59870","70754","122442","1.3594","START","GOAL","8-puzzle","Hidden"
"graph","depth","Success","64504","64504","110958","166290","2.1094","START","GOAL","8-puzzle","Hidden"
"graph","depth","Success","70178","70178","91192","150747","1.7344","START","GOAL","8-puzzle","Hidden"
"graph","depth","Success","69740","69740","94414","153779","1.8438","START","GOAL","8-puzzle","Hidden"
"graph","depth","Success","63720","63720","111317","166190","2.125","START","GOAL","8-puzzle","Hidden"
"graph","depth","Success","40226","40226","140744","176061","2.6875","START","GOAL","8-puzzle","Hidden"
"graph","depth","Success","36942","36942","144467","176984","2.6719","START","GOAL","8-puzzle","Hidden"
"graph","depth","Success","18812","18812","163511","180162","2.9844","START","GOAL","8-puzzle","Hidden"
"graph","depth","Success","51262","51262","128347","172925","2.4688","START","GOAL","8-puzzle","Hidden"
"graph","depth","Success","53690","53690","125110","171818","2.3594","START","GOAL","8-puzzle","Hidden"
"graph","depth","Success","66142","66142","107272","163988","2.0938","START","GOAL","8-puzzle","Hidden"
"graph","depth","Success","50054","50054","129757","173339","2.4219","START","GOAL","8-puzzle","Hidden"
"graph","depth","Success","69120","69120","89219","148033","1.7344","START","GOAL","8-puzzle","Hidden"
"graph","depth","Success","53896","53896","124939","171763","2.3438","START","GOAL","8-puzzle","Hidden"
"graph","depth","Success","58722","58722","119109","169843","2.2969","START","GOAL","8-puzzle","Hidden"
"graph","depth","Success","34750","34750","146884","177463","2.7344","START","GOAL","8-puzzle","Hidden"
"graph","depth","Success","68234","68234","103388","161540","2.0156","START","GOAL","8-puzzle","Hidden"
"graph","depth","Success","68866","68866","101175","159788","2.6094","START","GOAL","8-puzzle","Hidden"
"graph","depth","Success","37814","37814","143521","176738","5.2188","START","GOAL","8-puzzle","Hidden"
"graph","depth","Success","34492","34492","147006","177363","5.7031","START","GOAL","8-puzzle","Hidden"
"graph","depth","Success","60860","60860","116090","168572","4.7969","START","GOAL","8-puzzle","Hidden"
"graph","depth","Success","51086","51086","128345","172879","5.2344","START","GOAL","8-puzzle","Hidden"
"graph","depth","Success","43372","43372","137247","175265","5.625","START","GOAL","8-puzzle","Hidden"
"graph","depth","Success","41584","41584","139268","175731","5.8281","START","GOAL","8-puzzle","Hidden"
"graph","depth","Success","12894","12894","14391","25811","0.5156","START","GOAL","8-puzzle","Hidden"
"graph","depth","Success","68002","68002","103080","161200","4.1875","START","GOAL","8-puzzle","Hidden"
"graph","depth","Success","70072","70072","92844","152327","3.7031","START","GOAL","8-puzzle","Hidden"
"graph","depth","Success","64678","64678","109619","165233","4.4688","START","GOAL","8-puzzle","Hidden"
"graph","depth","Success","29826","29826","152143","178477","5.75","START","GOAL","8-puzzle","Hidden"
"graph","depth","Success","22444","22444","159853","179700","6.1406","START","GOAL","8-puzzle","Hidden"
"graph","depth","Success","68784","68784","101500","160055","4.0625","START","GOAL","8-puzzle","Hidden"
"graph","depth","Success","69074","69074","87360","146269","3.3906","START","GOAL","8-puzzle","Hidden"
"graph","depth","Success","43280","43280","137334","175279","5.0","START","GOAL","8-puzzle","Hidden"
"graph","depth","Success","56854","56854","66149","115388","2.5","START","GOAL","8-puzzle","Hidden"
"graph","depth","Success","58858","58858","118511","169492","4.4531","START","GOAL","8-puzzle","Hidden"
"graph","depth","Success","55368","55368","122964","171068","4.75","START","GOAL","8-puzzle","Hidden"
"graph","depth","Success","61002","61002","115916","168508","4.5156","START","GOAL","8-puzzle","Hidden"
"graph","depth","Success","65290","65290","78738","134832","3.125","START","GOAL","8-puzzle","Hidden"
"graph","depth","Success","53524","53524","125438","172001","4.7969","START","GOAL","8-puzzle","Hidden"
"graph","depth","Success","61052","61052","116054","168693","4.7656","START","GOAL","8-puzzle","Hidden"
"graph","depth","Success","45690","45690","134622","174585","4.8906","START","GOAL","8-puzzle","Hidden"
"graph","depth","Success","69740","69740","94603","153965","3.8594","START","GOAL","8-puzzle","Hidden"
"graph","depth","Success","44328","44328","136177","175009","5.3438","START","GOAL","8-puzzle","Hidden"
"graph","depth","Success","39150","39150","141912","176303","5.5938","START","GOAL","8-puzzle","Hidden"
"graph","depth","Success","68150","68150","103363","161477","4.0469","START","GOAL","8-puzzle","Hidden"
"graph","depth","Success","26254","26254","155892","179078","6.0312","START","GOAL","8-puzzle","Hidden"
"graph","depth","Success","66086","66086","80705","137387","3.4062","START","GOAL","8-puzzle","Hidden"
"graph","depth","Success","53282","53282","125935","172191","5.3594","START","GOAL","8-puzzle","Hidden"
"graph","depth","Success","63572","63572","112289","166869","4.7188","START","GOAL","8-puzzle","Hidden"
"graph","depth","Success","44478","44478","136037","174934","5.6875","START","GOAL","8-puzzle","Hidden"
"graph","depth","Success","66330","66330","106942","163807","4.4375","START","GOAL","8-puzzle","Hidden"
"graph","depth","Success","66782","66782","107092","164162","4.3594","START","GOAL","8-puzzle","Hidden"
"graph","depth","Success","26124","26124","156028","179097","6.2188","START","GOAL","8-puzzle","Hidden"
"graph","depth","Success","40570","40570","140470","176047","5.3906","START","GOAL","8-puzzle","Hidden"
"graph","depth","Success","36906","36906","144578","177016","5.6406","START","GOAL","8-puzzle","Hidden"
"graph","depth","Success","65390","65390","108616","164778","4.1406","START","GOAL","8-puzzle","Hidden"
"graph","depth","Success","37464","37464","143784","176714","5.3594","START","GOAL","8-puzzle","Hidden"
"graph","depth","Success","68510","68510","101535","160039","3.5312","START","GOAL","8-puzzle","Hidden"
"graph","depth","Success","9112","9112","172943","181017","6.0781","START","GOAL","8-puzzle","Hidden"
"graph","depth","Success","37694","37694","143651","176768","5.2031","START","GOAL","8-puzzle","Hidden"
"graph","depth","Success","30270","30270","151663","178381","5.5938","START","GOAL","8-puzzle","Hidden"
"graph","depth","Success","44412","44412","136139","175003","5.3594","START","GOAL","8-puzzle","Hidden"
"graph","depth","Success","64052","64052","110787","165914","4.1875","START","GOAL","8-puzzle","Hidden"
"graph","depth","Success","13926","13926","168276","180612","6.3281","START","GOAL","8-puzzle","Hidden"
"graph","depth","Success","12128","12128","170058","180821","6.5156","START","GOAL","8-puzzle","Hidden"
"graph","depth","Success","47968","47968","131992","173914","5.1094","START","GOAL","8-puzzle","Hidden"
"graph","depth","Success","63178","63178","112930","167229","4.0625","START","GOAL","8-puzzle","Hidden"
"graph","depth","Success","39226","39226","141937","176404","5.6406","START","GOAL","8-puzzle","Hidden"
"graph","depth","Success","59250","59250","69199","120497","2.6562","START","GOAL","8-puzzle","Hidden"
"graph","depth","Success","64410","64410","110988","166251","4.3906","START","GOAL","8-puzzle","Hidden"
"graph","depth","Success","53132","53132","125853","172043","4.4219","START","GOAL","8-puzzle","Hidden"
"graph","depth","Success","68994","68994","98961","157807","3.7344","START","GOAL","8-puzzle","Hidden"
"graph","depth","Success","50244","50244","129365","173148","5.2031","START","GOAL","8-puzzle","Hidden"
"graph","depth","Success","69750","69750","98270","157546","3.5156","START","GOAL","8-puzzle","Hidden"
"graph","depth","Success","62942","62942","113237","167320","4.4219","START","GOAL","8-puzzle","Hidden"
"graph","depth","Success","50664","50664","128857","173039","5.0312","START","GOAL","8-puzzle","Hidden"
"graph","depth","Success","6240","6240","175676","181204","7.0","START","GOAL","8-puzzle","Hidden"
"graph","depth","Success","64078","64078","111701","166696","4.4062","START","GOAL","8-puzzle","Hidden"
"graph","depth","Success","62406","62406","74605","128304","2.8594","START","GOAL","8-puzzle","Hidden"
"graph","depth","Success","25552","25552","156650","179230","5.7344","START","GOAL","8-puzzle","Hidden"
"graph","depth","Success","10498","10498","171636","180937","6.4219","START","GOAL","8-puzzle","Hidden"
"graph","depth","Success","10564","10564","171546","180923","5.9844","START","GOAL","8-puzzle","Hidden"
"graph","depth","Success","66110","66110","108193","164781","4.1719","START","GOAL","8-puzzle","Hidden"
"graph","depth","Success","14920","14920","167327","180540","6.3125","START","GOAL","8-puzzle","Hidden"
"graph","depth","Success","69586","69586","95840","154991","3.7031","START","GOAL","8-puzzle","Hidden"
"graph","depth","Success","60314","60314","70771","122930","2.5938","START","GOAL","8-puzzle","Hidden"
"graph","depth","Success","30462","30462","151476","178328","5.5312","START","GOAL","8-puzzle","Hidden"
"graph","depth","Success","11864","11864","170297","180812","5.8281","START","GOAL","8-puzzle","Hidden"
"graph","depth","Success","13264","13264","168937","180687","6.1094","START","GOAL","8-puzzle","Hidden"
"graph","depth","Success","48748","48748","131306","173800","4.8906","START","GOAL","8-puzzle","Hidden"
"graph","depth","Success","62646","62646","113746","167634","4.125","START","GOAL","8-puzzle","Hidden"
"graph","depth","Success","8090","8090","173913","181094","6.1094","START","GOAL","8-puzzle","Hidden"
"graph","depth","Success","66030","66030","108361","164881","4.0938","START","GOAL","8-puzzle","Hidden"
"graph","depth","Success","64156","64156","76724","131930","3.1094","START","GOAL","8-puzzle","Hidden"
"graph","depth","Success","19080","19080","163251","180137","6.3125","START","GOAL","8-puzzle","Hidden"
"graph","depth","Success","67250","67250","105699","163110","4.2969","START","GOAL","8-puzzle","Hidden"
"graph","depth","Success","69720","69720","97804","157036","4.1875","START","GOAL","8-puzzle","Hidden"
"graph","depth","Success","46560","46560","53154","93831","2.125","START","GOAL","8-puzzle","Hidden"
"graph","depth","Success","69296","69296","100001","158949","4.375","START","GOAL","8-puzzle","Hidden"
"graph","depth","Success","60260","60260","116903","168906","4.5781","START","GOAL","8-puzzle","Hidden"
"graph","depth","Success","50910","50910","128554","172947","5.1562","START","GOAL","8-puzzle","Hidden"
"graph","depth","Success","38758","38758","142459","176518","5.3594","START","GOAL","8-puzzle","Hidden"
"graph","depth","Success","62566","62566","74623","128402","2.8125","START","GOAL","8-puzzle","Hidden"
"graph","depth","Success","69750","69750","98388","157660","3.7031","START","GOAL","8-puzzle","Hidden"
"graph","depth","Success","69246","69246","97378","156414","3.5156","START","GOAL","8-puzzle","Hidden"
"graph","depth","Success","53664","53664","61954","108641","2.2656","START","GOAL","8-puzzle","Hidden"
"graph","depth","Success","26288","26288","29514","52742","1.0625","START","GOAL","8-puzzle","Hidden"
"graph","depth","Success","55694","55694","64569","112946","2.2188","START","GOAL","8-puzzle","Hidden"
"graph","depth","Success","49526","49526","130244","173411","4.5625","START","GOAL","8-puzzle","Hidden"
"graph","depth","Success","66558","66558","107159","164066","3.5938","START","GOAL","8-puzzle","Hidden"
"graph","depth","Success","69396","69396","91378","150380","3.25","START","GOAL","8-puzzle","Hidden"
"graph","depth","Success","25182","25182","157029","179290","5.5781","START","GOAL","8-puzzle","Hidden"
"graph","depth","Success","62380","62380","113301","167128","4.1562","START","GOAL","8-puzzle","Hidden"
"graph","depth","Success","61672","61672","115113","168174","4.1406","START","GOAL","8-puzzle","Hidden"
"graph","depth","Success","66752","66752","106874","163930","4.1562","START","GOAL","8-puzzle","Hidden"
"graph","depth","Success","566","566","180929","181431","6.0625","START","GOAL","8-puzzle","Hidden"
"graph","depth","Success","51280","51280","128320","172915","4.8438","START","GOAL","8-puzzle","Hidden"
"graph","depth","Success","63340","63340","112635","167025","4.2344","START","GOAL","8-puzzle","Hidden"
"graph","depth","Success","69910","69910","92291","151682","3.6875","START","GOAL","8-puzzle","Hidden"
"graph","depth","Success","18870","18870","163481","180197","5.8438","START","GOAL","8-puzzle","Hidden"
"graph","depth","Success","5558","5558","176316","181247","6.5","START","GOAL","8-puzzle","Hidden"
"graph","depth","Success","52290","52290","126870","172365","4.9688","START","GOAL","8-puzzle","Hidden"
"graph","depth","Success","7836","7836","174165","181106","7.0938","START","GOAL","8-puzzle","Hidden"
"graph","depth","Success","35810","35810","145756","177247","5.9688","START","GOAL","8-puzzle","Hidden"
"graph","depth","Success","61770","61770","114993","168136","4.8281","START","GOAL","8-puzzle","Hidden"
"graph","depth","Success","58446","58446","119489","170005","4.7344","START","GOAL","8-puzzle","Hidden"
"graph","depth","Success","558","558","180944","181431","6.5","START","GOAL","8-puzzle","Hidden"
"graph","depth","Success","26198","26198","155827","178951","6.0938","START","GOAL","8-puzzle","Hidden"
"graph","depth","Success","68984","68984","99124","157963","4.0469","START","GOAL","8-puzzle","Hidden"
"graph","depth","Success","38206","38206","143088","176683","5.6719","START","GOAL","8-puzzle","Hidden"
"graph","depth","Success","66232","66232","80983","137659","3.1719","START","GOAL","8-puzzle","Hidden"
"graph","depth","Success","64406","64406","111165","166412","3.9062","START","GOAL","8-puzzle","Hidden"
"graph","depth","Success","19116","19116","21429","38346","0.7969","START","GOAL","8-puzzle","Hidden"
"graph","depth","Success","47334","47334","132887","174207","4.75","START","GOAL","8-puzzle","Hidden"
"graph","depth","Success","34118","34118","147393","177429","5.2969","START","GOAL","8-puzzle","Hidden"
"graph","depth","Success","69104","69104","100632","159413","3.7031","START","GOAL","8-puzzle","Hidden"
"graph","depth","Success","15404","15404","166881","180529","5.9219","START","GOAL","8-puzzle","Hidden"
"graph","depth","Success","64650","64650","109786","165383","4.1562","START","GOAL","8-puzzle","Hidden"
"graph","depth","Success","65998","65998","108189","164660","4.2812","START","GOAL","8-puzzle","Hidden"
"graph","depth","Success","58592","58592","68690","119315","2.5312","START","GOAL","8-puzzle","Hidden"
"graph","depth","Success","68812","68812","99631","158341","3.875","START","GOAL","8-puzzle","Hidden"
"graph","depth","Success","17050","17050","19093","34199","0.6562","START","GOAL","8-puzzle","Hidden"
"graph","depth","Success","44416","44416","136134","175002","5.1406","START","GOAL","8-puzzle","Hidden"
"graph","depth","Success","69204","69204","89881","148891","3.5469","START","GOAL","8-puzzle","Hidden"
"graph","depth","Success","26760","26760","155259","178877","5.6094","START","GOAL","8-puzzle","Hidden"
"graph","depth","Success","56330","56330","121967","170787","4.5156","START","GOAL","8-puzzle","Hidden"
"graph","depth","Success","68818","68818","99520","158244","3.7344","START","GOAL","8-puzzle","Hidden"
"graph","depth","Success","53332","53332","125615","172026","4.8906","START","GOAL","8-puzzle","Hidden"
"graph","depth","Success","67446","67446","105369","162951","3.7969","START","GOAL","8-puzzle","Hidden"
"graph","depth","Success","32500","32500","149176","177801","5.4219","START","GOAL","8-puzzle","Hidden"
"graph","depth","Success","42926","42926","137758","175391","5.0781","START","GOAL","8-puzzle","Hidden"
"graph","depth","Success","21210","21210","161106","179885","6.2188","START","GOAL","8-puzzle","Hidden"
"graph","depth","Success","63710","63710","111342","166203","4.6562","START","GOAL","8-puzzle","Hidden"
"graph","depth","Success","23982","23982","26895","48087","1.0781","START","GOAL","8-puzzle","Hidden"
"graph","depth","Success","53162","53162","125813","172085","5.1562","START","GOAL","8-puzzle","Hidden"
"graph","depth","Success","32782","32782","148879","177752","6.1562","START","GOAL","8-puzzle","Hidden"
"graph","depth","Success","13060","13060","169129","180703","6.8594","START","GOAL","8-puzzle","Hidden"
"graph","depth","Success","33354","33354","148270","177640","5.8906","START","GOAL","8-puzzle","Hidden"
"graph","depth","Success","54774","54774","123869","171415","4.8906","START","GOAL","8-puzzle","Hidden"
"graph","depth","Success","1414","1414","180156","181415","7.0625","START","GOAL","8-puzzle","Hidden"
"graph","depth","Success","10162","10162","171933","180953","6.5625","START","GOAL","8-puzzle","Hidden"
"graph","depth","Success","69664","69664","93185","152493","3.8594","START","GOAL","8-puzzle","Hidden"
"graph","depth","Success","67922","67922","103980","161924","4.3594","START","GOAL","8-puzzle","Hidden"
"graph","depth","Success","68970","68970","99195","158023","3.7969","START","GOAL","8-puzzle","Hidden"
"graph","depth","Success","25872","25872","156171","179005","5.9844","START","GOAL","8-puzzle","Hidden"
"graph","depth","Success","54820","54820","123818","171400","4.875","START","GOAL","8-puzzle","Hidden"
"graph","depth","Success","32974","32974","148802","177822","5.6562","START","GOAL","8-puzzle","Hidden"
"graph","depth","Success","30476","30476","151434","178332","5.7656","START","GOAL","8-puzzle","Hidden"
"graph","depth","Success","23018","23018","159271","179627","6.25","START","GOAL","8-puzzle","Hidden"
"graph","depth","Success","49398","49398","130402","173465","4.8125","START","GOAL","8-puzzle","Hidden"
"graph","depth","Success","44272","44272","136245","175027","5.1562","START","GOAL","8-puzzle","Hidden"
"graph","depth","Success","50634","50634","128894","173051","5.0312","START","GOAL","8-puzzle","Hidden"
"graph","depth","Success","66738","66738","105930","163110","3.875","START","GOAL","8-puzzle","Hidden"
"graph","depth","Success","34504","34504","146995","177363","5.4375","START","GOAL","8-puzzle","Hidden"
"graph","depth","Success","69756","69756","97612","156871","3.5625","START","GOAL","8-puzzle","Hidden"
"graph","depth","Success","31096","31096","34989","62400","1.3125","START","GOAL","8-puzzle","Hidden"
"graph","depth","Success","52630","52630","60864","106578","2.375","START","GOAL","8-puzzle","Hidden"
"graph","depth","Success","66120","66120","80762","137358","3.3125","START","GOAL","8-puzzle","Hidden"
"graph","depth","Success","57788","57788","119921","170018","4.4531","START","GOAL","8-puzzle","Hidden"
"graph","depth","Success","34684","34684","146915","177422","5.6875","START","GOAL","8-puzzle","Hidden"
"graph","depth","Success","34574","34574","146922","177353","5.7656","START","GOAL","8-puzzle","Hidden"
"graph","depth","Success","14800","14800","167489","180607","5.6562","START","GOAL","8-puzzle","Hidden"
"graph","depth","Success","42420","42420","138387","175534","5.1562","START","GOAL","8-puzzle","Hidden"
"graph","depth","Success","44268","44268","50352","89134","1.8906","START","GOAL","8-puzzle","Hidden"
"graph","depth","Success","57456","57456","120335","170155","4.6094","START","GOAL","8-puzzle","Hidden"
"graph","depth","Success","43326","43326","49215","87200","1.8594","START","GOAL","8-puzzle","Hidden"
"graph","depth","Success","39650","39650","141377","176192","5.0938","START","GOAL","8-puzzle","Hidden"
"graph","depth","Success","27240","27240","30595","54639","1.125","START","GOAL","8-puzzle","Hidden"
"graph","depth","Success","49344","49344","130466","173487","4.6094","START","GOAL","8-puzzle","Hidden"
"graph","depth","Success","59608","59608","70269","121743","2.5156","START","GOAL","8-puzzle","Hidden"
"graph","depth","Success","64904","64904","109454","165241","4.0938","START","GOAL","8-puzzle","Hidden"
"graph","depth","Success","70010","70010","95027","154494","3.7969","START","GOAL","8-puzzle","Hidden"
"graph","depth","Success","17386","17386","164936","180340","6.0469","START","GOAL","8-puzzle","Hidden"
"graph","depth","Success","61540","61540","114597","167723","4.3906","START","GOAL","8-puzzle","Hidden"
"graph","depth","Success","59438","59438","118010","169350","4.5781","START","GOAL","8-puzzle","Hidden"
"graph","depth","Success","65444","65444","109393","165446","4.2188","START","GOAL","8-puzzle","Hidden"
"graph","depth","Success","61390","61390","115540","168383","4.6406","START","GOAL","8-puzzle","Hidden"
"graph","depth","Success","39022","39022","142054","176332","5.6875","START","GOAL","8-puzzle","Hidden"
"graph","depth","Success","39360","39360","141678","176249","5.875","START","GOAL","8-puzzle","Hidden"
"graph","depth","Success","11924","11924","13302","23868","0.5469","START","GOAL","8-puzzle","Hidden"
"graph","depth","Success","35648","35648","145750","177115","6.0625","START","GOAL","8-puzzle","Hidden"
"graph","depth","Success","70158","70158","91581","151128","3.875","START","GOAL","8-puzzle","Hidden"
"graph","depth","Success","59168","59168","118336","169454","4.9062","START","GOAL","8-puzzle","Hidden"
"graph","depth","Success","65828","65828","107753","164230","4.3438","START","GOAL","8-puzzle","Hidden"
"graph","depth","Success","69962","69962","97347","156775","3.9375","START","GOAL","8-puzzle","Hidden"
"graph","depth","Success","25930","25930","156254","179164","5.6875","START","GOAL","8-puzzle","Hidden"
"graph","depth","Success","19992","19992","162224","179906","6.0312","START","GOAL","8-puzzle","Hidden"
"graph","depth","Success","59600","59600","70281","121748","2.625","START","GOAL","8-puzzle","Hidden"
"graph","depth","Success","65076","65076","110092","165853","4.3281","START","GOAL","8-puzzle","Hidden"
"graph","depth","Success","64952","64952","78493","134164","2.9688","START","GOAL","8-puzzle","Hidden"
"graph","depth","Success","39232","39232","141942","176383","5.125","START","GOAL","8-puzzle","Hidden"
"graph","depth","Success","66150","66150","80872","137459","2.9375","START","GOAL","8-puzzle","Hidden"
"graph","depth","Success","43468","43468","137163","175195","5.0938","START","GOAL","8-puzzle","Hidden"
"graph","depth","Success","70140","70140","96364","155924","3.4531","START","GOAL","8-puzzle","Hidden"
"graph","depth","Success","69256","69256","100207","159105","3.5781","START","GOAL","8-puzzle","Hidden"
"graph","depth","Success","46130","46130","134229","174556","5.0625","START","GOAL","8-puzzle","Hidden"
"graph","depth","Success","65474","65474","109131","165207","4.1094","START","GOAL","8-puzzle","Hidden"
"graph","depth","Success","29788","29788","152196","178470","5.4688","START","GOAL","8-puzzle","Hidden"
"graph","depth","Success","38478","38478","142674","176477","5.3906","START","GOAL","8-puzzle","Hidden"
"graph","depth","Success","64816","64816","110325","165881","4.0156","START","GOAL","8-puzzle","Hidden"
"graph","depth","Success","57144","57144","120930","170416","4.7969","START","GOAL","8-puzzle","Hidden"
"graph","depth","Success","5082","5082","176759","181271","6.1562","START","GOAL","8-puzzle","Hidden"
"graph","depth","Success","10100","10100","171996","180962","6.5469","START","GOAL","8-puzzle","Hidden"
"graph","depth","Success","57758","57758","120363","170312","4.6719","START","GOAL","8-puzzle","Hidden"
