"Framework","Strategy","Status","Cost","Depth","Nodes(exp)","Nodes(gen)","Runtime","start","goal","Problem","Solution"
"graph","breadth","Success","3","3","21","35","0.0","(124, 256)","(125, 258)","./example/gridmap/arena2.map","Hidden"
"graph","breadth","Success","5","5","55","74","0.0156","(159, 99)","(162, 101)","./example/gridmap/arena2.map","Hidden"
"graph","breadth","Success","4","4","28","44","0.0","(130, 112)","(131, 109)","./example/gridmap/arena2.map","Hidden"
"graph","breadth","Success","3","3","17","24","0.0","(94, 101)","(93, 103)","./example/gridmap/arena2.map","Hidden"
"graph","breadth","Success","3","3","18","30","0.0","(58, 111)","(60, 110)","./example/gridmap/arena2.map","Hidden"
"graph","breadth","Success","5","5","47","64","0.0","(83, 93)","(80, 95)","./example/gridmap/arena2.map","Hidden"
"graph","breadth","Success","5","5","45","65","0.0","(48, 262)","(46, 259)","./example/gridmap/arena2.map","Hidden"
"graph","breadth","Success","3","3","16","28","0.0","(39, 270)","(40, 268)","./example/gridmap/arena2.map","Hidden"
"graph","breadth","Success","1","1","5","11","0.0","(101, 237)","(102, 237)","./example/gridmap/arena2.map","Hidden"
"graph","breadth","Success","1","1","2","3","0.0","(178, 274)","(178, 273)","./example/gridmap/arena2.map","Hidden"
"graph","breadth","Success","9","9","108","131","0.0","(99, 102)","(104, 98)","./example/gridmap/arena2.map","Hidden"
"graph","breadth","Success","4","4","41","59","0.0","(113, 69)","(117, 69)","./example/gridmap/arena2.map","Hidden"
"graph","breadth","Success","7","7","111","138","0.0","(138, 256)","(131, 256)","./example/gridmap/arena2.map","Hidden"
"graph","breadth","Success","9","9","134","166","0.0","(123, 118)","(126, 112)","./example/gridmap/arena2.map","Hidden"
"graph","breadth","Success","7","7","76","100","0.0","(128, 141)","(129, 147)","./example/gridmap/arena2.map","Hidden"
"graph","breadth","Success","7","7","94","121","0.0","(40, 140)","(44, 137)","./example/gridmap/arena2.map","Hidden"
"graph","breadth","Success","9","9","121","139","0.0","(53, 239)","(50, 245)","./example/gridmap/arena2.map","Hidden"
"graph","breadth","Success","4","4","26","38","0.0","(143, 164)","(143, 160)","./example/gridmap/arena2.map","Hidden"
"graph","breadth","Success","8","8","128","154","0.0","(73, 170)","(69, 174)","./example/gridmap/arena2.map","Hidden"
"graph","breadth","Success","7","7","47","60","0.0","(123, 264)","(122, 258)","./example/gridmap/arena2.map","Hidden"
"graph","breadth","Success","11","11","240","281","0.0","(91, 82)","(101, 81)","./example/gridmap/arena2.map","Hidden"
"graph","breadth","Success","16","16","427","475","0.0156","(98, 108)","(106, 116)","./example/gridmap/arena2.map","Hidden"
"graph","breadth","Success","16","16","293","316","0.0","(139, 194)","(132, 185)","./example/gridmap/arena2.map","Hidden"
"graph","breadth","Success","15","15","423","476","0.0","(90, 196)","(98, 189)","./example/gridmap/arena2.map","Hidden"
"graph","breadth","Success","12","12","291","338","0.0","(144, 268)","(141, 277)","./example/gridmap/arena2.map","Hidden"
"graph","breadth","Success","11","11","150","173","0.0","(91, 263)","(100, 263)","./example/gridmap/arena2.map","Hidden"
"graph","breadth","Success","11","11","229","271","0.0","(87, 122)","(97, 123)","./example/gridmap/arena2.map","Hidden"
"graph","breadth","Success","10","10","173","201","0.0156","(136, 168)","(136, 178)","./example/gridmap/arena2.map","Hidden"
"graph","breadth","Success","14","14","346","394","0.0","(43, 150)","(51, 144)","./example/gridmap/arena2.map","Hidden"
"graph","breadth","Success","11","11","249","289","0.0","(39, 130)","(31, 133)","./example/gridmap/arena2.map","Hidden"
"graph","breadth","Success","19","19","654","726","0.0156","(113, 192)","(106, 180)","./example/gridmap/arena2.map","Hidden"
"graph","breadth","Success","19","19","484","529","0.0","(166, 221)","(153, 227)","./example/gridmap/arena2.map","Hidden"
"graph","breadth","Success","18","18","518","574","0.0","(49, 161)","(45, 147)","./example/gridmap/arena2.map","Hidden"
"graph","breadth","Success","18","18","462","501","0.0156","(74, 270)","(60, 274)","./example/gridmap/arena2.map","Hidden"
"graph","breadth","Success","18","18","567","624","0.0","(157, 126)","(170, 121)","./example/gridmap/arena2.map","Hidden"
"graph","breadth","Success","17","17","579","639","0.0156","(95, 202)","(82, 206)","./example/gridmap/arena2.map","Hidden"
"graph","breadth","Success","17","17","405","453","0.0","(132, 183)","(128, 196)","./example/gridmap/arena2.map","Hidden"
"graph","breadth","Success","14","14","331","377","0.0","(167, 121)","(169, 133)","./example/gridmap/arena2.map","Hidden"
"graph","breadth","Success","16","16","253","285","0.0","(164, 90)","(165, 105)","./example/gridmap/arena2.map","Hidden"
"graph","breadth","Success","17","17","562","619","0.0156","(189, 256)","(196, 266)","./example/gridmap/arena2.map","Hidden"
"graph","breadth","Success","22","22","853","918","0.0156","(49, 129)","(36, 138)","./example/gridmap/arena2.map","Hidden"
"graph","breadth","Success","20","20","608","661","0.0","(154, 254)","(136, 256)","./example/gridmap/arena2.map","Hidden"
"graph","breadth","Success","24","24","891","950","0.0156","(50, 95)","(38, 107)","./example/gridmap/arena2.map","Hidden"
"graph","breadth","Success","20","20","467","507","0.0156","(72, 161)","(78, 175)","./example/gridmap/arena2.map","Hidden"
"graph","breadth","Success","21","21","758","826","0.0156","(92, 117)","(94, 136)","./example/gridmap/arena2.map","Hidden"
"graph","breadth","Success","27","27","1220","1290","0.0156","(67, 264)","(81, 251)","./example/gridmap/arena2.map","Hidden"
"graph","breadth","Success","19","19","464","494","0.0","(18, 128)","(13, 114)","./example/gridmap/arena2.map","Hidden"
"graph","breadth","Success","21","21","544","579","0.0","(135, 167)","(139, 184)","./example/gridmap/arena2.map","Hidden"
"graph","breadth","Success","24","24","1093","1178","0.0156","(95, 82)","(102, 99)","./example/gridmap/arena2.map","Hidden"
"graph","breadth","Success","22","22","541","578","0.0156","(67, 128)","(77, 116)","./example/gridmap/arena2.map","Hidden"
"graph","breadth","Success","32","32","1302","1345","0.0156","(149, 169)","(131, 183)","./example/gridmap/arena2.map","Hidden"
"graph","breadth","Success","26","26","798","847","0.0156","(75, 172)","(79, 194)","./example/gridmap/arena2.map","Hidden"
"graph","breadth","Success","28","28","1118","1169","0.0156","(154, 167)","(137, 156)","./example/gridmap/arena2.map","Hidden"
"graph","breadth","Success","26","26","981","1044","0.0156","(122, 200)","(117, 179)","./example/gridmap/arena2.map","Hidden"
"graph","breadth","Success","25","25","914","984","0.0156","(150, 105)","(153, 83)","./example/gridmap/arena2.map","Hidden"
"graph","breadth","Success","28","28","891","961","0.0156","(124, 179)","(114, 161)","./example/gridmap/arena2.map","Hidden"
"graph","breadth","Success","25","25","980","1037","0.0156","(159, 156)","(151, 139)","./example/gridmap/arena2.map","Hidden"
"graph","breadth","Success","27","27","1378","1474","0.0312","(105, 84)","(85, 77)","./example/gridmap/arena2.map","Hidden"
"graph","breadth","Success","27","27","783","833","0.0","(41, 95)","(58, 105)","./example/gridmap/arena2.map","Hidden"
"graph","breadth","Success","29","29","773","806","0.0","(65, 238)","(74, 258)","./example/gridmap/arena2.map","Hidden"
"graph","breadth","Success","35","35","1375","1473","0.0312","(88, 172)","(104, 153)","./example/gridmap/arena2.map","Hidden"
"graph","breadth","Success","31","31","932","973","0.0156","(207, 257)","(186, 267)","./example/gridmap/arena2.map","Hidden"
"graph","breadth","Success","32","32","1811","1916","0.0312","(96, 190)","(119, 181)","./example/gridmap/arena2.map","Hidden"
"graph","breadth","Success","24","24","937","1001","0.0156","(140, 95)","(164, 95)","./example/gridmap/arena2.map","Hidden"
"graph","breadth","Success","29","29","1264","1341","0.0156","(94, 70)","(87, 92)","./example/gridmap/arena2.map","Hidden"
"graph","breadth","Success","28","28","839","897","0.0156","(121, 96)","(122, 69)","./example/gridmap/arena2.map","Hidden"
"graph","breadth","Success","35","35","1571","1611","0.0312","(104, 62)","(126, 75)","./example/gridmap/arena2.map","Hidden"
"graph","breadth","Success","29","29","1008","1068","0.0156","(82, 262)","(79, 238)","./example/gridmap/arena2.map","Hidden"
"graph","breadth","Success","32","32","1357","1428","0.0156","(88, 202)","(96, 178)","./example/gridmap/arena2.map","Hidden"
"graph","breadth","Success","37","37","1815","1860","0.0312","(147, 96)","(163, 117)","./example/gridmap/arena2.map","Hidden"
"graph","breadth","Success","30","30","953","1001","0.0156","(70, 135)","(68, 107)","./example/gridmap/arena2.map","Hidden"
"graph","breadth","Success","36","36","1168","1226","0.0156","(101, 245)","(95, 219)","./example/gridmap/arena2.map","Hidden"
"graph","breadth","Success","35","35","1237","1265","0.0156","(138, 265)","(114, 254)","./example/gridmap/arena2.map","Hidden"
"graph","breadth","Success","31","31","1181","1232","0.0156","(73, 123)","(102, 123)","./example/gridmap/arena2.map","Hidden"
"graph","breadth","Success","33","33","1497","1570","0.0312","(38, 135)","(35, 105)","./example/gridmap/arena2.map","Hidden"
"graph","breadth","Success","36","36","1144","1223","0.0156","(100, 177)","(81, 182)","./example/gridmap/arena2.map","Hidden"
"graph","breadth","Success","34","34","2062","2165","0.0312","(102, 192)","(75, 199)","./example/gridmap/arena2.map","Hidden"
"graph","breadth","Success","38","38","2697","2823","0.0469","(105, 141)","(126, 158)","./example/gridmap/arena2.map","Hidden"
"graph","breadth","Success","35","35","1169","1225","0.0156","(100, 226)","(110, 201)","./example/gridmap/arena2.map","Hidden"
"graph","breadth","Success","33","33","1489","1573","0.0312","(129, 191)","(104, 199)","./example/gridmap/arena2.map","Hidden"
"graph","breadth","Success","34","34","1579","1694","0.0312","(103, 103)","(102, 136)","./example/gridmap/arena2.map","Hidden"
"graph","breadth","Success","38","38","872","910","0.0156","(179, 276)","(175, 242)","./example/gridmap/arena2.map","Hidden"
"graph","breadth","Success","41","41","2597","2698","0.0312","(114, 151)","(88, 136)","./example/gridmap/arena2.map","Hidden"
"graph","breadth","Success","40","40","2538","2644","0.0469","(115, 85)","(104, 56)","./example/gridmap/arena2.map","Hidden"
"graph","breadth","Success","50","50","2046","2099","0.0312","(60, 171)","(36, 145)","./example/gridmap/arena2.map","Hidden"
"graph","breadth","Success","44","44","2959","3071","0.0469","(116, 192)","(87, 207)","./example/gridmap/arena2.map","Hidden"
"graph","breadth","Success","42","42","2422","2546","0.0469","(102, 184)","(130, 198)","./example/gridmap/arena2.map","Hidden"
"graph","breadth","Success","45","45","2343","2437","0.0312","(82, 197)","(62, 172)","./example/gridmap/arena2.map","Hidden"
"graph","breadth","Success","40","40","1624","1701","0.0312","(82, 99)","(56, 113)","./example/gridmap/arena2.map","Hidden"
"graph","breadth","Success","49","49","1917","1959","0.0312","(70, 277)","(45, 253)","./example/gridmap/arena2.map","Hidden"
"graph","breadth","Success","42","42","2063","2124","0.0312","(53, 146)","(61, 112)","./example/gridmap/arena2.map","Hidden"
"graph","breadth","Success","39","39","1984","2083","0.0312","(123, 183)","(123, 144)","./example/gridmap/arena2.map","Hidden"
"graph","breadth","Success","53","53","2241","2306","0.0469","(136, 165)","(166, 142)","./example/gridmap/arena2.map","Hidden"
"graph","breadth","Success","39","39","1914","1976","0.0312","(104, 66)","(100, 101)","./example/gridmap/arena2.map","Hidden"
"graph","breadth","Success","48","48","2457","2564","0.0312","(120, 106)","(100, 84)","./example/gridmap/arena2.map","Hidden"
"graph","breadth","Success","40","40","1906","1980","0.0312","(120, 65)","(85, 70)","./example/gridmap/arena2.map","Hidden"
"graph","breadth","Success","37","37","2160","2304","0.0469","(107, 93)","(108, 129)","./example/gridmap/arena2.map","Hidden"
"graph","breadth","Success","42","42","1837","1907","0.0156","(41, 148)","(37, 110)","./example/gridmap/arena2.map","Hidden"
"graph","breadth","Success","48","48","1791","1848","0.0312","(170, 92)","(150, 120)","./example/gridmap/arena2.map","Hidden"
"graph","breadth","Success","47","47","2036","2098","0.0312","(73, 128)","(88, 160)","./example/gridmap/arena2.map","Hidden"
"graph","breadth","Success","51","51","2507","2580","0.0469","(77, 101)","(49, 124)","./example/gridmap/arena2.map","Hidden"
"graph","breadth","Success","51","51","3304","3439","0.0469","(124, 162)","(109, 126)","./example/gridmap/arena2.map","Hidden"
"graph","breadth","Success","61","61","5439","5572","0.0781","(99, 119)","(129, 150)","./example/gridmap/arena2.map","Hidden"
"graph","breadth","Success","46","46","735","754","0.0156","(13, 94)","(25, 128)","./example/gridmap/arena2.map","Hidden"
"graph","breadth","Success","56","56","2543","2621","0.0469","(64, 178)","(99, 199)","./example/gridmap/arena2.map","Hidden"
"graph","breadth","Success","46","46","2183","2254","0.0312","(135, 139)","(93, 143)","./example/gridmap/arena2.map","Hidden"
"graph","breadth","Success","59","59","2841","2898","0.0469","(167, 234)","(194, 266)","./example/gridmap/arena2.map","Hidden"
"graph","breadth","Success","49","49","3811","3989","0.0625","(105, 101)","(79, 94)","./example/gridmap/arena2.map","Hidden"
"graph","breadth","Success","46","46","2337","2411","0.0312","(150, 118)","(144, 158)","./example/gridmap/arena2.map","Hidden"
"graph","breadth","Success","46","46","3465","3560","0.0781","(95, 140)","(134, 147)","./example/gridmap/arena2.map","Hidden"
"graph","breadth","Success","50","50","3628","3796","0.0625","(97, 97)","(106, 56)","./example/gridmap/arena2.map","Hidden"
"graph","breadth","Success","49","49","1963","2034","0.0312","(79, 163)","(95, 182)","./example/gridmap/arena2.map","Hidden"
"graph","breadth","Success","54","54","2510","2566","0.0156","(61, 151)","(44, 114)","./example/gridmap/arena2.map","Hidden"
"graph","breadth","Success","64","64","5111","5239","0.0938","(119, 149)","(86, 118)","./example/gridmap/arena2.map","Hidden"
"graph","breadth","Success","55","55","2996","3086","0.0469","(75, 91)","(112, 99)","./example/gridmap/arena2.map","Hidden"
"graph","breadth","Success","53","53","2786","2850","0.0469","(151, 115)","(162, 155)","./example/gridmap/arena2.map","Hidden"
"graph","breadth","Success","53","53","4264","4396","0.0781","(110, 118)","(93, 82)","./example/gridmap/arena2.map","Hidden"
"graph","breadth","Success","62","62","4987","5123","0.0781","(90, 155)","(116, 119)","./example/gridmap/arena2.map","Hidden"
"graph","breadth","Success","59","59","4609","4781","0.0781","(103, 166)","(67, 143)","./example/gridmap/arena2.map","Hidden"
"graph","breadth","Success","55","55","2731","2787","0.0469","(159, 134)","(175, 95)","./example/gridmap/arena2.map","Hidden"
"graph","breadth","Success","70","70","3517","3588","0.0625","(121, 60)","(88, 97)","./example/gridmap/arena2.map","Hidden"
"graph","breadth","Success","56","56","3948","4057","0.0625","(122, 145)","(73, 152)","./example/gridmap/arena2.map","Hidden"
"graph","breadth","Success","59","59","3458","3568","0.0469","(76, 184)","(118, 201)","./example/gridmap/arena2.map","Hidden"
"graph","breadth","Success","57","57","2740","2803","0.0469","(136, 251)","(88, 260)","./example/gridmap/arena2.map","Hidden"
"graph","breadth","Success","55","55","2981","3070","0.0469","(146, 125)","(152, 174)","./example/gridmap/arena2.map","Hidden"
"graph","breadth","Success","58","58","2887","2949","0.0469","(43, 102)","(84, 85)","./example/gridmap/arena2.map","Hidden"
"graph","breadth","Success","55","55","2452","2525","0.0469","(57, 78)","(101, 67)","./example/gridmap/arena2.map","Hidden"
"graph","breadth","Success","57","57","2758","2834","0.0469","(147, 78)","(102, 66)","./example/gridmap/arena2.map","Hidden"
"graph","breadth","Success","64","64","2681","2723","0.0469","(17, 130)","(60, 109)","./example/gridmap/arena2.map","Hidden"
"graph","breadth","Success","70","70","7231","7346","0.1094","(107, 103)","(71, 137)","./example/gridmap/arena2.map","Hidden"
"graph","breadth","Success","60","60","5337","5494","0.0938","(109, 114)","(121, 66)","./example/gridmap/arena2.map","Hidden"
"graph","breadth","Success","59","59","4737","4859","0.0781","(119, 161)","(90, 191)","./example/gridmap/arena2.map","Hidden"
"graph","breadth","Success","60","60","3576","3668","0.0625","(131, 150)","(78, 143)","./example/gridmap/arena2.map","Hidden"
"graph","breadth","Success","59","59","4800","4898","0.0781","(112, 126)","(120, 93)","./example/gridmap/arena2.map","Hidden"
"graph","breadth","Success","69","69","6823","6950","0.1094","(98, 97)","(139, 125)","./example/gridmap/arena2.map","Hidden"
"graph","breadth","Success","57","57","2324","2370","0.0312","(159, 167)","(157, 112)","./example/gridmap/arena2.map","Hidden"
"graph","breadth","Success","64","64","4165","4300","0.0625","(118, 102)","(84, 100)","./example/gridmap/arena2.map","Hidden"
"graph","breadth","Success","62","62","3229","3311","0.0469","(74, 128)","(84, 178)","./example/gridmap/arena2.map","Hidden"
"graph","breadth","Success","70","70","4310","4355","0.0781","(55, 119)","(88, 82)","./example/gridmap/arena2.map","Hidden"
"graph","breadth","Success","74","74","6859","6979","0.125","(101, 166)","(138, 129)","./example/gridmap/arena2.map","Hidden"
"graph","breadth","Success","72","72","3280","3321","0.0469","(163, 137)","(135, 93)","./example/gridmap/arena2.map","Hidden"
"graph","breadth","Success","69","69","5579","5705","0.0938","(93, 95)","(42, 113)","./example/gridmap/arena2.map","Hidden"
"graph","breadth","Success","78","78","4479","4585","0.0781","(116, 60)","(148, 106)","./example/gridmap/arena2.map","Hidden"
"graph","breadth","Success","66","66","5668","5781","0.0938","(92, 159)","(122, 195)","./example/gridmap/arena2.map","Hidden"
"graph","breadth","Success","79","79","4605","4710","0.0625","(146, 102)","(105, 64)","./example/gridmap/arena2.map","Hidden"
"graph","breadth","Success","72","72","5612","5740","0.0469","(109, 198)","(154, 171)","./example/gridmap/arena2.map","Hidden"
"graph","breadth","Success","69","69","4038","4141","0.0625","(71, 198)","(94, 152)","./example/gridmap/arena2.map","Hidden"
"graph","breadth","Success","67","67","3803","3928","0.0625","(132, 112)","(80, 127)","./example/gridmap/arena2.map","Hidden"
"graph","breadth","Success","61","61","3186","3263","0.0469","(62, 89)","(103, 103)","./example/gridmap/arena2.map","Hidden"
"graph","breadth","Success","69","69","5851","6008","0.0938","(117, 107)","(93, 66)","./example/gridmap/arena2.map","Hidden"
"graph","breadth","Success","71","71","4136","4255","0.0625","(137, 150)","(111, 183)","./example/gridmap/arena2.map","Hidden"
"graph","breadth","Success","69","69","2736","2762","0.0469","(67, 243)","(102, 227)","./example/gridmap/arena2.map","Hidden"
"graph","breadth","Success","70","70","5971","6104","0.0938","(115, 92)","(65, 100)","./example/gridmap/arena2.map","Hidden"
"graph","breadth","Success","70","70","3849","3956","0.0625","(117, 260)","(65, 278)","./example/gridmap/arena2.map","Hidden"
"graph","breadth","Success","77","77","5599","5732","0.0938","(103, 208)","(140, 168)","./example/gridmap/arena2.map","Hidden"
"graph","breadth","Success","67","67","4607","4718","0.0625","(82, 143)","(140, 134)","./example/gridmap/arena2.map","Hidden"
"graph","breadth","Success","68","68","4224","4348","0.0625","(70, 184)","(125, 179)","./example/gridmap/arena2.map","Hidden"
"graph","breadth","Success","77","77","4599","4706","0.0625","(59, 105)","(110, 93)","./example/gridmap/arena2.map","Hidden"
"graph","breadth","Success","78","78","5968","6095","0.0938","(84, 96)","(127, 111)","./example/gridmap/arena2.map","Hidden"
"graph","breadth","Success","78","78","4082","4154","0.0625","(52, 154)","(84, 176)","./example/gridmap/arena2.map","Hidden"
"graph","breadth","Success","72","72","5916","6029","0.0938","(89, 145)","(77, 171)","./example/gridmap/arena2.map","Hidden"
"graph","breadth","Success","87","87","7982","8119","0.1406","(116, 139)","(78, 188)","./example/gridmap/arena2.map","Hidden"
"graph","breadth","Success","79","79","2748","2771","0.0469","(61, 269)","(121, 250)","./example/gridmap/arena2.map","Hidden"
"graph","breadth","Success","85","85","8110","8248","0.125","(115, 119)","(78, 101)","./example/gridmap/arena2.map","Hidden"
"graph","breadth","Success","80","80","6857","6987","0.1094","(97, 77)","(44, 104)","./example/gridmap/arena2.map","Hidden"
"graph","breadth","Success","75","75","7622","7732","0.1094","(109, 98)","(159, 99)","./example/gridmap/arena2.map","Hidden"
"graph","breadth","Success","86","86","6949","7077","0.1094","(136, 187)","(168, 133)","./example/gridmap/arena2.map","Hidden"
"graph","breadth","Success","80","80","5473","5595","0.0938","(85, 72)","(106, 17)","./example/gridmap/arena2.map","Hidden"
"graph","breadth","Success","82","82","4003","4070","0.0781","(34, 95)","(90, 69)","./example/gridmap/arena2.map","Hidden"
"graph","breadth","Success","81","81","5285","5403","0.0781","(75, 74)","(104, 30)","./example/gridmap/arena2.map","Hidden"
"graph","breadth","Success","83","83","7740","7918","0.125","(100, 138)","(73, 194)","./example/gridmap/arena2.map","Hidden"
"graph","breadth","Success","94","94","6570","6686","0.1094","(62, 105)","(105, 54)","./example/gridmap/arena2.map","Hidden"
"graph","breadth","Success","87","87","9133","9259","0.1406","(105, 86)","(73, 141)","./example/gridmap/arena2.map","Hidden"
"graph","breadth","Success","90","90","4615","4700","0.0625","(158, 165)","(99, 196)","./example/gridmap/arena2.map","Hidden"
"graph","breadth","Success","79","79","6016","6144","0.0781","(110, 205)","(84, 258)","./example/gridmap/arena2.map","Hidden"
"graph","breadth","Success","84","84","4559","4598","0.0781","(42, 133)","(89, 96)","./example/gridmap/arena2.map","Hidden"
"graph","breadth","Success","80","80","4031","4150","0.0625","(131, 263)","(102, 212)","./example/gridmap/arena2.map","Hidden"
"graph","breadth","Success","73","73","3619","3708","0.0625","(139, 159)","(146, 95)","./example/gridmap/arena2.map","Hidden"
"graph","breadth","Success","77","77","4127","4234","0.0625","(54, 181)","(117, 195)","./example/gridmap/arena2.map","Hidden"
"graph","breadth","Success","74","74","6303","6403","0.0938","(120, 152)","(132, 162)","./example/gridmap/arena2.map","Hidden"
"graph","breadth","Success","81","81","5462","5603","0.0938","(69, 179)","(69, 152)","./example/gridmap/arena2.map","Hidden"
"graph","breadth","Success","80","80","6385","6520","0.0938","(116, 199)","(128, 131)","./example/gridmap/arena2.map","Hidden"
"graph","breadth","Success","83","83","4779","4909","0.0938","(132, 260)","(61, 272)","./example/gridmap/arena2.map","Hidden"
"graph","breadth","Success","77","77","5174","5292","0.0781","(86, 206)","(78, 137)","./example/gridmap/arena2.map","Hidden"
"graph","breadth","Success","77","77","4286","4396","0.0781","(133, 161)","(121, 150)","./example/gridmap/arena2.map","Hidden"
"graph","breadth","Success","77","77","6342","6492","0.1094","(118, 132)","(111, 176)","./example/gridmap/arena2.map","Hidden"
"graph","breadth","Success","87","87","5861","5975","0.0938","(138, 149)","(101, 199)","./example/gridmap/arena2.map","Hidden"
"graph","breadth","Success","85","85","4969","5071","0.0781","(70, 131)","(77, 193)","./example/gridmap/arena2.map","Hidden"
"graph","breadth","Success","90","90","6386","6515","0.0938","(128, 253)","(87, 204)","./example/gridmap/arena2.map","Hidden"
"graph","breadth","Success","82","82","6035","6159","0.0938","(80, 77)","(69, 106)","./example/gridmap/arena2.map","Hidden"
"graph","breadth","Success","84","84","1733","1793","0.0156","(10, 96)","(63, 127)","./example/gridmap/arena2.map","Hidden"
"graph","breadth","Success","87","87","8392","8563","0.1406","(102, 131)","(117, 59)","./example/gridmap/arena2.map","Hidden"
"graph","breadth","Success","92","92","6441","6571","0.1094","(143, 78)","(168, 145)","./example/gridmap/arena2.map","Hidden"
"graph","breadth","Success","91","91","8231","8339","0.125","(86, 171)","(106, 100)","./example/gridmap/arena2.map","Hidden"
"graph","breadth","Success","86","86","8298","8399","0.1406","(108, 163)","(78, 157)","./example/gridmap/arena2.map","Hidden"
"graph","breadth","Success","83","83","6609","6715","0.0938","(127, 147)","(136, 161)","./example/gridmap/arena2.map","Hidden"
"graph","breadth","Success","99","99","8348","8487","0.1562","(130, 99)","(86, 128)","./example/gridmap/arena2.map","Hidden"
"graph","breadth","Success","96","96","3630","3652","0.0625","(181, 266)","(134, 275)","./example/gridmap/arena2.map","Hidden"
"graph","breadth","Success","78","78","5306","5420","0.0781","(115, 253)","(40, 250)","./example/gridmap/arena2.map","Hidden"
"graph","breadth","Success","79","79","4103","4177","0.0781","(81, 254)","(155, 249)","./example/gridmap/arena2.map","Hidden"
"graph","breadth","Success","92","92","8132","8279","0.125","(130, 86)","(91, 139)","./example/gridmap/arena2.map","Hidden"
"graph","breadth","Success","98","98","5122","5151","0.0938","(45, 131)","(74, 200)","./example/gridmap/arena2.map","Hidden"
"graph","breadth","Success","108","108","7578","7696","0.1094","(105, 51)","(168, 96)","./example/gridmap/arena2.map","Hidden"
"graph","breadth","Success","83","83","6002","6131","0.0938","(79, 175)","(83, 128)","./example/gridmap/arena2.map","Hidden"
"graph","breadth","Success","95","95","8148","8263","0.125","(81, 110)","(146, 80)","./example/gridmap/arena2.map","Hidden"
"graph","breadth","Success","99","99","3538","3564","0.0469","(190, 228)","(121, 258)","./example/gridmap/arena2.map","Hidden"
"graph","breadth","Success","86","86","8263","8432","0.1562","(104, 131)","(67, 90)","./example/gridmap/arena2.map","Hidden"
"graph","breadth","Success","95","95","5365","5457","0.0781","(49, 156)","(73, 85)","./example/gridmap/arena2.map","Hidden"
"graph","breadth","Success","104","104","7715","7885","0.125","(71, 130)","(129, 84)","./example/gridmap/arena2.map","Hidden"
"graph","breadth","Success","102","102","8432","8628","0.1406","(90, 220)","(122, 150)","./example/gridmap/arena2.map","Hidden"
"graph","breadth","Success","93","93","7309","7439","0.1094","(142, 190)","(113, 126)","./example/gridmap/arena2.map","Hidden"
"graph","breadth","Success","96","96","6249","6363","0.0938","(66, 146)","(61, 177)","./example/gridmap/arena2.map","Hidden"
"graph","breadth","Success","100","100","9227","9394","0.1562","(78, 90)","(67, 129)","./example/gridmap/arena2.map","Hidden"
"graph","breadth","Success","94","94","3794","3817","0.0625","(184, 237)","(104, 251)","./example/gridmap/arena2.map","Hidden"
"graph","breadth","Success","94","94","8948","9089","0.1406","(85, 86)","(87, 154)","./example/gridmap/arena2.map","Hidden"
"graph","breadth","Success","105","105","7141","7284","0.1094","(152, 168)","(113, 142)","./example/gridmap/arena2.map","Hidden"
"graph","breadth","Success","102","102","3763","3814","0.0625","(10, 135)","(56, 79)","./example/gridmap/arena2.map","Hidden"
"graph","breadth","Success","94","94","8856","8961","0.1406","(90, 171)","(142, 163)","./example/gridmap/arena2.map","Hidden"
"graph","breadth","Success","108","108","5554","5614","0.0938","(45, 134)","(101, 82)","./example/gridmap/arena2.map","Hidden"
"graph","breadth","Success","103","103","5343","5414","0.0938","(75, 256)","(123, 201)","./example/gridmap/arena2.map","Hidden"
"graph","breadth","Success","102","102","10377","10508","0.1719","(92, 187)","(171, 166)","./example/gridmap/arena2.map","Hidden"
"graph","breadth","Success","104","104","10254","10408","0.1562","(104, 182)","(148, 134)","./example/gridmap/arena2.map","Hidden"
"graph","breadth","Success","107","107","10188","10384","0.1562","(94, 209)","(62, 266)","./example/gridmap/arena2.map","Hidden"
"graph","breadth","Success","97","97","3356","3403","0.0625","(53, 249)","(136, 263)","./example/gridmap/arena2.map","Hidden"
"graph","breadth","Success","106","106","4637","4705","0.0625","(63, 257)","(84, 210)","./example/gridmap/arena2.map","Hidden"
"graph","breadth","Success","95","95","9177","9283","0.1406","(110, 165)","(118, 78)","./example/gridmap/arena2.map","Hidden"
"graph","breadth","Success","116","116","9986","10125","0.1562","(136, 131)","(77, 188)","./example/gridmap/arena2.map","Hidden"
"graph","breadth","Success","112","112","5626","5732","0.0781","(174, 97)","(110, 49)","./example/gridmap/arena2.map","Hidden"
"graph","breadth","Success","101","101","5472","5575","0.0781","(165, 97)","(119, 112)","./example/gridmap/arena2.map","Hidden"
"graph","breadth","Success","118","118","10197","10302","0.1562","(112, 63)","(160, 133)","./example/gridmap/arena2.map","Hidden"
"graph","breadth","Success","105","105","7415","7568","0.125","(67, 119)","(67, 78)","./example/gridmap/arena2.map","Hidden"
"graph","breadth","Success","121","121","11877","12038","0.1875","(70, 185)","(138, 138)","./example/gridmap/arena2.map","Hidden"
"graph","breadth","Success","119","119","13527","13697","0.2188","(103, 196)","(167, 141)","./example/gridmap/arena2.map","Hidden"
"graph","breadth","Success","128","128","13457","13622","0.2031","(99, 222)","(38, 155)","./example/gridmap/arena2.map","Hidden"
"graph","breadth","Success","123","123","11406","11520","0.1719","(123, 74)","(175, 145)","./example/gridmap/arena2.map","Hidden"
"graph","breadth","Success","120","120","12353","12530","0.1875","(92, 212)","(59, 277)","./example/gridmap/arena2.map","Hidden"
"graph","breadth","Success","108","108","10700","10823","0.1719","(96, 181)","(126, 255)","./example/gridmap/arena2.map","Hidden"
"graph","breadth","Success","108","108","10321","10472","0.1562","(119, 158)","(84, 87)","./example/gridmap/arena2.map","Hidden"
"graph","breadth","Success","100","100","9733","9848","0.1406","(108, 165)","(123, 92)","./example/gridmap/arena2.map","Hidden"
"graph","breadth","Success","106","106","6551","6653","0.0938","(59, 129)","(116, 92)","./example/gridmap/arena2.map","Hidden"
"graph","breadth","Success","127","127","11959","12060","0.1875","(101, 72)","(45, 143)","./example/gridmap/arena2.map","Hidden"
"graph","breadth","Success","124","124","7630","7758","0.1094","(51, 137)","(97, 59)","./example/gridmap/arena2.map","Hidden"
"graph","breadth","Success","119","119","8858","9021","0.125","(62, 147)","(98, 228)","./example/gridmap/arena2.map","Hidden"
"graph","breadth","Success","111","111","11124","11266","0.1719","(115, 174)","(122, 262)","./example/gridmap/arena2.map","Hidden"
"graph","breadth","Success","115","115","8006","8077","0.1094","(139, 252)","(131, 193)","./example/gridmap/arena2.map","Hidden"
"graph","breadth","Success","108","108","9322","9485","0.1406","(65, 176)","(136, 163)","./example/gridmap/arena2.map","Hidden"
"graph","breadth","Success","113","113","9833","9984","0.1562","(130, 175)","(155, 87)","./example/gridmap/arena2.map","Hidden"
"graph","breadth","Success","104","104","9262","9406","0.1562","(124, 78)","(109, 167)","./example/gridmap/arena2.map","Hidden"
"graph","breadth","Success","107","107","5493","5592","0.0781","(170, 98)","(79, 82)","./example/gridmap/arena2.map","Hidden"
"graph","breadth","Success","130","130","13252","13373","0.1719","(123, 136)","(62, 171)","./example/gridmap/arena2.map","Hidden"
"graph","breadth","Success","119","119","7030","7124","0.1094","(85, 261)","(121, 178)","./example/gridmap/arena2.map","Hidden"
"graph","breadth","Success","136","136","10438","10578","0.1406","(51, 159)","(108, 238)","./example/gridmap/arena2.map","Hidden"
"graph","breadth","Success","118","118","9517","9639","0.1406","(55, 78)","(104, 13)","./example/gridmap/arena2.map","Hidden"
"graph","breadth","Success","119","119","11377","11520","0.1719","(132, 192)","(52, 153)","./example/gridmap/arena2.map","Hidden"
"graph","breadth","Success","111","111","11052","11143","0.1562","(106, 78)","(96, 175)","./example/gridmap/arena2.map","Hidden"
"graph","breadth","Success","110","110","6993","7112","0.0938","(159, 75)","(113, 133)","./example/gridmap/arena2.map","Hidden"
"graph","breadth","Success","111","111","11582","11718","0.1719","(94, 144)","(109, 240)","./example/gridmap/arena2.map","Hidden"
"graph","breadth","Success","113","113","9844","9968","0.1406","(107, 251)","(194, 267)","./example/gridmap/arena2.map","Hidden"
"graph","breadth","Success","117","117","11586","11776","0.1719","(122, 205)","(152, 240)","./example/gridmap/arena2.map","Hidden"
"graph","breadth","Success","116","116","10953","11075","0.1562","(124, 101)","(99, 162)","./example/gridmap/arena2.map","Hidden"
"graph","breadth","Success","120","120","6299","6385","0.0938","(78, 263)","(96, 179)","./example/gridmap/arena2.map","Hidden"
"graph","breadth","Success","127","127","11557","11683","0.1719","(133, 111)","(55, 110)","./example/gridmap/arena2.map","Hidden"
"graph","breadth","Success","132","132","10611","10755","0.1406","(151, 100)","(75, 128)","./example/gridmap/arena2.map","Hidden"
"graph","breadth","Success","132","132","8194","8363","0.1094","(157, 139)","(94, 208)","./example/gridmap/arena2.map","Hidden"
"graph","breadth","Success","121","121","8960","9070","0.1406","(156, 95)","(134, 128)","./example/gridmap/arena2.map","Hidden"
"graph","breadth","Success","127","127","8890","9029","0.125","(153, 155)","(81, 166)","./example/gridmap/arena2.map","Hidden"
"graph","breadth","Success","127","127","12003","12154","0.1875","(131, 147)","(74, 159)","./example/gridmap/arena2.map","Hidden"
"graph","breadth","Success","119","119","9848","9971","0.1406","(96, 60)","(116, 159)","./example/gridmap/arena2.map","Hidden"
"graph","breadth","Success","136","136","14979","15144","0.2188","(111, 94)","(30, 133)","./example/gridmap/arena2.map","Hidden"
"graph","breadth","Success","124","124","6923","7056","0.0938","(157, 134)","(114, 107)","./example/gridmap/arena2.map","Hidden"
"graph","breadth","Success","127","127","4307","4366","0.0625","(45, 267)","(113, 208)","./example/gridmap/arena2.map","Hidden"
"graph","breadth","Success","135","135","15388","15636","0.2188","(96, 178)","(168, 139)","./example/gridmap/arena2.map","Hidden"
"graph","breadth","Success","137","137","10575","10668","0.1562","(121, 257)","(146, 173)","./example/gridmap/arena2.map","Hidden"
"graph","breadth","Success","122","122","12342","12470","0.1719","(115, 106)","(92, 205)","./example/gridmap/arena2.map","Hidden"
"graph","breadth","Success","129","129","13764","13961","0.2031","(86, 199)","(154, 242)","./example/gridmap/arena2.map","Hidden"
"graph","breadth","Success","129","129","9467","9619","0.1406","(53, 115)","(90, 169)","./example/gridmap/arena2.map","Hidden"
"graph","breadth","Success","116","116","12474","12662","0.1719","(111, 206)","(151, 228)","./example/gridmap/arena2.map","Hidden"
"graph","breadth","Success","133","133","14659","14830","0.2188","(108, 97)","(167, 149)","./example/gridmap/arena2.map","Hidden"
"graph","breadth","Success","119","119","11448","11601","0.1562","(100, 231)","(191, 249)","./example/gridmap/arena2.map","Hidden"
"graph","breadth","Success","131","131","12085","12199","0.1719","(135, 138)","(172, 166)","./example/gridmap/arena2.map","Hidden"
"graph","breadth","Success","126","126","13906","14070","0.2031","(110, 166)","(85, 257)","./example/gridmap/arena2.map","Hidden"
"graph","breadth","Success","138","138","8095","8265","0.1094","(164, 128)","(77, 95)","./example/gridmap/arena2.map","Hidden"
"graph","breadth","Success","129","129","14119","14308","0.1875","(93, 170)","(63, 109)","./example/gridmap/arena2.map","Hidden"
"graph","breadth","Success","133","133","14336","14509","0.2031","(109, 179)","(162, 119)","./example/gridmap/arena2.map","Hidden"
"graph","breadth","Success","141","141","11061","11236","0.1562","(52, 119)","(106, 206)","./example/gridmap/arena2.map","Hidden"
"graph","breadth","Success","132","132","14298","14477","0.1875","(109, 84)","(135, 166)","./example/gridmap/arena2.map","Hidden"
"graph","breadth","Success","137","137","9845","9969","0.1406","(44, 162)","(99, 132)","./example/gridmap/arena2.map","Hidden"
"graph","breadth","Success","132","132","9686","9870","0.1406","(150, 144)","(139, 141)","./example/gridmap/arena2.map","Hidden"
"graph","breadth","Success","146","146","14733","14849","0.2188","(81, 134)","(143, 158)","./example/gridmap/arena2.map","Hidden"
"graph","breadth","Success","127","127","12278","12442","0.1562","(82, 160)","(93, 56)","./example/gridmap/arena2.map","Hidden"
"graph","breadth","Success","147","147","12610","12765","0.1875","(148, 150)","(100, 51)","./example/gridmap/arena2.map","Hidden"
"graph","breadth","Success","134","134","12099","12231","0.1719","(59, 174)","(83, 66)","./example/gridmap/arena2.map","Hidden"
"graph","breadth","Success","160","160","11425","11627","0.1719","(169, 136)","(99, 226)","./example/gridmap/arena2.map","Hidden"
"graph","breadth","Success","158","158","8205","8354","0.1094","(23, 124)","(115, 64)","./example/gridmap/arena2.map","Hidden"
"graph","breadth","Success","150","150","14739","14849","0.2031","(77, 114)","(164, 121)","./example/gridmap/arena2.map","Hidden"
"graph","breadth","Success","140","140","12808","12956","0.1875","(67, 156)","(110, 123)","./example/gridmap/arena2.map","Hidden"
"graph","breadth","Success","140","140","14790","14911","0.2188","(120, 138)","(162, 140)","./example/gridmap/arena2.map","Hidden"
"graph","breadth","Success","133","133","9941","10075","0.1406","(96, 262)","(191, 268)","./example/gridmap/arena2.map","Hidden"
"graph","breadth","Success","143","143","6583","6669","0.1094","(57, 240)","(78, 190)","./example/gridmap/arena2.map","Hidden"
"graph","breadth","Success","128","128","13868","13999","0.2188","(104, 155)","(150, 99)","./example/gridmap/arena2.map","Hidden"
"graph","breadth","Success","141","141","14313","14445","0.2031","(83, 125)","(39, 158)","./example/gridmap/arena2.map","Hidden"
"graph","breadth","Success","145","145","8785","8971","0.125","(168, 145)","(126, 132)","./example/gridmap/arena2.map","Hidden"
"graph","breadth","Success","146","146","16949","17098","0.2656","(102, 208)","(155, 115)","./example/gridmap/arena2.map","Hidden"
"graph","breadth","Success","152","152","15564","15679","0.2188","(126, 114)","(46, 130)","./example/gridmap/arena2.map","Hidden"
"graph","breadth","Success","139","139","8533","8590","0.125","(130, 276)","(91, 178)","./example/gridmap/arena2.map","Hidden"
"graph","breadth","Success","161","161","13276","13436","0.2031","(45, 149)","(126, 147)","./example/gridmap/arena2.map","Hidden"
"graph","breadth","Success","131","131","14193","14393","0.2344","(91, 173)","(71, 94)","./example/gridmap/arena2.map","Hidden"
"graph","breadth","Success","162","162","15476","15581","0.2656","(137, 127)","(57, 167)","./example/gridmap/arena2.map","Hidden"
"graph","breadth","Success","132","132","14396","14525","0.2344","(113, 154)","(55, 92)","./example/gridmap/arena2.map","Hidden"
"graph","breadth","Success","143","143","15788","15981","0.2656","(84, 171)","(131, 267)","./example/gridmap/arena2.map","Hidden"
"graph","breadth","Success","165","165","18774","18901","0.2969","(95, 146)","(165, 135)","./example/gridmap/arena2.map","Hidden"
"graph","breadth","Success","154","154","9793","9960","0.1562","(172, 118)","(129, 127)","./example/gridmap/arena2.map","Hidden"
"graph","breadth","Success","161","161","16506","16613","0.2656","(117, 75)","(13, 132)","./example/gridmap/arena2.map","Hidden"
"graph","breadth","Success","159","159","18509","18684","0.2656","(76, 186)","(9, 94)","./example/gridmap/arena2.map","Hidden"
"graph","breadth","Success","139","139","15669","15879","0.25","(88, 174)","(149, 250)","./example/gridmap/arena2.map","Hidden"
"graph","breadth","Success","133","133","14308","14441","0.2188","(114, 147)","(170, 94)","./example/gridmap/arena2.map","Hidden"
"graph","breadth","Success","157","157","12162","12340","0.1719","(42, 118)","(112, 205)","./example/gridmap/arena2.map","Hidden"
"graph","breadth","Success","140","140","12890","13006","0.1875","(101, 248)","(67, 146)","./example/gridmap/arena2.map","Hidden"
"graph","breadth","Success","143","143","12451","12610","0.1875","(58, 152)","(78, 115)","./example/gridmap/arena2.map","Hidden"
"graph","breadth","Success","149","149","5758","5830","0.0938","(47, 268)","(119, 191)","./example/gridmap/arena2.map","Hidden"
"graph","breadth","Success","154","154","15014","15157","0.2188","(130, 173)","(142, 265)","./example/gridmap/arena2.map","Hidden"
"graph","breadth","Success","165","165","17925","17954","0.2656","(100, 95)","(3, 109)","./example/gridmap/arena2.map","Hidden"
"graph","breadth","Success","167","167","12903","13008","0.2031","(125, 260)","(159, 163)","./example/gridmap/arena2.map","Hidden"
"graph","breadth","Success","158","158","17342","17502","0.25","(135, 186)","(155, 268)","./example/gridmap/arena2.map","Hidden"
"graph","breadth","Success","156","156","12515","12663","0.2031","(158, 138)","(132, 120)","./example/gridmap/arena2.map","Hidden"
"graph","breadth","Success","142","142","7381","7477","0.1094","(66, 262)","(186, 252)","./example/gridmap/arena2.map","Hidden"
"graph","breadth","Success","155","155","19239","19406","0.2969","(123, 189)","(27, 130)","./example/gridmap/arena2.map","Hidden"
"graph","breadth","Success","147","147","11026","11147","0.1719","(90, 261)","(109, 145)","./example/gridmap/arena2.map","Hidden"
"graph","breadth","Success","160","160","14691","14805","0.2188","(67, 132)","(166, 101)","./example/gridmap/arena2.map","Hidden"
"graph","breadth","Success","165","165","15790","15899","0.2656","(137, 133)","(169, 118)","./example/gridmap/arena2.map","Hidden"
"graph","breadth","Success","143","143","15335","15463","0.2188","(117, 116)","(109, 247)","./example/gridmap/arena2.map","Hidden"
"graph","breadth","Success","161","161","20403","20536","0.2969","(89, 179)","(55, 278)","./example/gridmap/arena2.map","Hidden"
"graph","breadth","Success","154","154","15616","15770","0.2656","(134, 177)","(105, 74)","./example/gridmap/arena2.map","Hidden"
"graph","breadth","Success","145","145","15548","15669","0.2344","(91, 93)","(81, 198)","./example/gridmap/arena2.map","Hidden"
"graph","breadth","Success","149","149","16263","16393","0.2344","(122, 158)","(79, 240)","./example/gridmap/arena2.map","Hidden"
"graph","breadth","Success","163","163","17160","17237","0.25","(119, 114)","(171, 151)","./example/gridmap/arena2.map","Hidden"
"graph","breadth","Success","153","153","14037","14185","0.2031","(58, 159)","(114, 110)","./example/gridmap/arena2.map","Hidden"
"graph","breadth","Success","143","143","6769","6854","0.1094","(178, 247)","(98, 194)","./example/gridmap/arena2.map","Hidden"
"graph","breadth","Success","152","152","15698","15818","0.2188","(86, 79)","(110, 197)","./example/gridmap/arena2.map","Hidden"
"graph","breadth","Success","154","154","4820","4879","0.0781","(39, 279)","(99, 193)","./example/gridmap/arena2.map","Hidden"
"graph","breadth","Success","174","174","14981","15088","0.2188","(44, 124)","(65, 133)","./example/gridmap/arena2.map","Hidden"
"graph","breadth","Success","160","160","15585","15700","0.2188","(75, 136)","(108, 13)","./example/gridmap/arena2.map","Hidden"
"graph","breadth","Success","149","149","12747","12852","0.1719","(104, 261)","(124, 132)","./example/gridmap/arena2.map","Hidden"
"graph","breadth","Success","162","162","19332","19496","0.2656","(128, 194)","(163, 223)","./example/gridmap/arena2.map","Hidden"
"graph","breadth","Success","175","175","17699","17765","0.25","(124, 115)","(46, 168)","./example/gridmap/arena2.map","Hidden"
"graph","breadth","Success","178","178","17462","17512","0.25","(118, 69)","(7, 136)","./example/gridmap/arena2.map","Hidden"
"graph","breadth","Success","165","165","17438","17509","0.25","(118, 117)","(175, 151)","./example/gridmap/arena2.map","Hidden"
"graph","breadth","Success","157","157","15889","16016","0.2188","(121, 78)","(71, 167)","./example/gridmap/arena2.map","Hidden"
"graph","breadth","Success","152","152","14731","14838","0.2188","(131, 83)","(61, 165)","./example/gridmap/arena2.map","Hidden"
"graph","breadth","Success","161","161","15103","15208","0.2188","(69, 114)","(37, 165)","./example/gridmap/arena2.map","Hidden"
"graph","breadth","Success","176","176","13388","13513","0.1875","(172, 132)","(57, 101)","./example/gridmap/arena2.map","Hidden"
"graph","breadth","Success","160","160","9837","9975","0.1562","(65, 258)","(85, 154)","./example/gridmap/arena2.map","Hidden"
"graph","breadth","Success","169","169","12463","12605","0.2031","(172, 168)","(104, 111)","./example/gridmap/arena2.map","Hidden"
"graph","breadth","Success","158","158","18121","18363","0.25","(103, 172)","(53, 96)","./example/gridmap/arena2.map","Hidden"
"graph","breadth","Success","153","153","18395","18596","0.2656","(106, 206)","(96, 73)","./example/gridmap/arena2.map","Hidden"
"graph","breadth","Success","157","157","15698","15800","0.2188","(78, 123)","(105, 253)","./example/gridmap/arena2.map","Hidden"
"graph","breadth","Success","174","174","13119","13231","0.1875","(137, 253)","(159, 161)","./example/gridmap/arena2.map","Hidden"
"graph","breadth","Success","170","170","19902","20059","0.2969","(79, 182)","(49, 272)","./example/gridmap/arena2.map","Hidden"
"graph","breadth","Success","182","182","15176","15290","0.2188","(166, 158)","(78, 252)","./example/gridmap/arena2.map","Hidden"
"graph","breadth","Success","162","162","8557","8622","0.125","(155, 227)","(142, 196)","./example/gridmap/arena2.map","Hidden"
"graph","breadth","Success","158","158","5877","5984","0.0938","(110, 1)","(67, 112)","./example/gridmap/arena2.map","Hidden"
"graph","breadth","Success","161","161","7237","7312","0.1094","(175, 230)","(108, 180)","./example/gridmap/arena2.map","Hidden"
"graph","breadth","Success","161","161","20116","20335","0.2812","(108, 206)","(84, 93)","./example/gridmap/arena2.map","Hidden"
"graph","breadth","Success","175","175","16840","16935","0.25","(72, 111)","(152, 156)","./example/gridmap/arena2.map","Hidden"
"graph","breadth","Success","160","160","5372","5444","0.0781","(199, 260)","(102, 207)","./example/gridmap/arena2.map","Hidden"
"graph","breadth","Success","184","184","10021","10209","0.1562","(10, 122)","(98, 158)","./example/gridmap/arena2.map","Hidden"
"graph","breadth","Success","169","169","12841","12942","0.2031","(174, 95)","(43, 115)","./example/gridmap/arena2.map","Hidden"
"graph","breadth","Success","165","165","14378","14500","0.2344","(100, 260)","(74, 127)","./example/gridmap/arena2.map","Hidden"
"graph","breadth","Success","166","166","6436","6521","0.0938","(46, 276)","(159, 223)","./example/gridmap/arena2.map","Hidden"
"graph","breadth","Success","159","159","16152","16251","0.25","(74, 86)","(151, 168)","./example/gridmap/arena2.map","Hidden"
"graph","breadth","Success","173","173","9614","9749","0.1406","(56, 238)","(124, 159)","./example/gridmap/arena2.map","Hidden"
"graph","breadth","Success","171","171","16157","16253","0.2344","(69, 116)","(101, 251)","./example/gridmap/arena2.map","Hidden"
"graph","breadth","Success","182","182","18716","18855","0.3281","(141, 167)","(99, 39)","./example/gridmap/arena2.map","Hidden"
"graph","breadth","Success","179","179","8148","8286","0.1406","(2, 134)","(116, 193)","./example/gridmap/arena2.map","Hidden"
"graph","breadth","Success","163","163","13549","13674","0.2188","(86, 251)","(108, 124)","./example/gridmap/arena2.map","Hidden"
"graph","breadth","Success","196","196","23390","23426","0.375","(108, 218)","(3, 127)","./example/gridmap/arena2.map","Hidden"
"graph","breadth","Success","179","179","15204","15291","0.2031","(151, 76)","(23, 127)","./example/gridmap/arena2.map","Hidden"
"graph","breadth","Success","164","164","6279","6362","0.1094","(202, 242)","(62, 236)","./example/gridmap/arena2.map","Hidden"
"graph","breadth","Success","188","188","8666","8822","0.1406","(14, 106)","(118, 64)","./example/gridmap/arena2.map","Hidden"
"graph","breadth","Success","176","176","16816","16920","0.25","(60, 133)","(143, 150)","./example/gridmap/arena2.map","Hidden"
"graph","breadth","Success","192","192","16768","16862","0.2812","(89, 255)","(46, 134)","./example/gridmap/arena2.map","Hidden"
"graph","breadth","Success","179","179","8844","8908","0.1562","(175, 235)","(82, 181)","./example/gridmap/arena2.map","Hidden"
"graph","breadth","Success","164","164","7665","7767","0.0938","(41, 256)","(191, 242)","./example/gridmap/arena2.map","Hidden"
"graph","breadth","Success","206","206","18499","18553","0.2812","(65, 111)","(169, 163)","./example/gridmap/arena2.map","Hidden"
"graph","breadth","Success","198","198","20744","20879","0.3438","(51, 183)","(150, 280)","./example/gridmap/arena2.map","Hidden"
"graph","breadth","Success","193","193","13644","13767","0.2031","(137, 267)","(60, 151)","./example/gridmap/arena2.map","Hidden"
"graph","breadth","Success","201","201","19304","19444","0.3281","(46, 164)","(135, 276)","./example/gridmap/arena2.map","Hidden"
"graph","breadth","Success","170","170","20861","21036","0.3281","(90, 213)","(76, 75)","./example/gridmap/arena2.map","Hidden"
"graph","breadth","Success","191","191","20889","21006","0.3125","(61, 176)","(159, 233)","./example/gridmap/arena2.map","Hidden"
"graph","breadth","Success","179","179","16238","16335","0.25","(51, 129)","(157, 174)","./example/gridmap/arena2.map","Hidden"
"graph","breadth","Success","180","180","6561","6645","0.1094","(205, 259)","(62, 270)","./example/gridmap/arena2.map","Hidden"
"graph","breadth","Success","190","190","19386","19463","0.3125","(102, 125)","(4, 115)","./example/gridmap/arena2.map","Hidden"
"graph","breadth","Success","176","176","7618","7687","0.125","(201, 246)","(87, 194)","./example/gridmap/arena2.map","Hidden"
"graph","breadth","Success","185","185","17893","18002","0.2812","(138, 139)","(98, 12)","./example/gridmap/arena2.map","Hidden"
"graph","breadth","Success","176","176","17190","17282","0.2656","(129, 93)","(109, 225)","./example/gridmap/arena2.map","Hidden"
"graph","breadth","Success","188","188","22620","22704","0.3438","(129, 188)","(4, 125)","./example/gridmap/arena2.map","Hidden"
"graph","breadth","Success","170","170","18155","18214","0.2812","(100, 116)","(86, 254)","./example/gridmap/arena2.map","Hidden"
"graph","breadth","Success","187","187","13881","14003","0.1875","(131, 265)","(74, 135)","./example/gridmap/arena2.map","Hidden"
"graph","breadth","Success","186","186","14812","14907","0.2344","(170, 129)","(50, 183)","./example/gridmap/arena2.map","Hidden"
"graph","breadth","Success","176","176","21472","21615","0.3438","(85, 212)","(185, 278)","./example/gridmap/arena2.map","Hidden"
"graph","breadth","Success","199","199","16119","16193","0.2656","(169, 106)","(108, 242)","./example/gridmap/arena2.map","Hidden"
"graph","breadth","Success","204","204","14230","14355","0.2188","(8, 131)","(108, 235)","./example/gridmap/arena2.map","Hidden"
"graph","breadth","Success","189","189","19834","20005","0.3281","(106, 238)","(139, 98)","./example/gridmap/arena2.map","Hidden"
"graph","breadth","Success","196","196","16251","16352","0.2812","(167, 144)","(58, 145)","./example/gridmap/arena2.map","Hidden"
"graph","breadth","Success","180","180","17412","17506","0.2812","(65, 86)","(136, 173)","./example/gridmap/arena2.map","Hidden"
"graph","breadth","Success","189","189","11232","11355","0.1719","(59, 270)","(79, 149)","./example/gridmap/arena2.map","Hidden"
"graph","breadth","Success","176","176","18410","18490","0.2969","(89, 127)","(75, 241)","./example/gridmap/arena2.map","Hidden"
"graph","breadth","Success","202","202","19259","19391","0.2969","(148, 147)","(142, 273)","./example/gridmap/arena2.map","Hidden"
"graph","breadth","Success","198","198","15716","15826","0.2344","(175, 148)","(40, 167)","./example/gridmap/arena2.map","Hidden"
"graph","breadth","Success","169","169","10923","11019","0.1719","(154, 250)","(115, 138)","./example/gridmap/arena2.map","Hidden"
"graph","breadth","Success","186","186","21925","22047","0.3438","(132, 200)","(63, 83)","./example/gridmap/arena2.map","Hidden"
"graph","breadth","Success","180","180","7639","7709","0.125","(203, 245)","(47, 269)","./example/gridmap/arena2.map","Hidden"
"graph","breadth","Success","201","201","23537","23570","0.375","(127, 195)","(13, 108)","./example/gridmap/arena2.map","Hidden"
"graph","breadth","Success","194","194","17121","17226","0.2656","(150, 80)","(103, 227)","./example/gridmap/arena2.map","Hidden"
"graph","breadth","Success","206","206","18459","18614","0.2969","(34, 166)","(66, 236)","./example/gridmap/arena2.map","Hidden"
"graph","breadth","Success","188","188","18250","18325","0.2812","(132, 127)","(75, 244)","./example/gridmap/arena2.map","Hidden"
"graph","breadth","Success","199","199","9015","9187","0.1562","(6, 105)","(103, 125)","./example/gridmap/arena2.map","Hidden"
"graph","breadth","Success","201","201","13287","13404","0.2031","(158, 245)","(53, 161)","./example/gridmap/arena2.map","Hidden"
"graph","breadth","Success","188","188","17761","17809","0.2656","(71, 77)","(159, 177)","./example/gridmap/arena2.map","Hidden"
"graph","breadth","Success","204","204","21646","21713","0.3438","(119, 141)","(14, 124)","./example/gridmap/arena2.map","Hidden"
"graph","breadth","Success","215","215","20281","20403","0.3281","(39, 165)","(67, 280)","./example/gridmap/arena2.map","Hidden"
"graph","breadth","Success","205","205","17962","18101","0.2656","(165, 154)","(54, 128)","./example/gridmap/arena2.map","Hidden"
"graph","breadth","Success","183","183","22567","22644","0.3438","(103, 173)","(191, 258)","./example/gridmap/arena2.map","Hidden"
"graph","breadth","Success","193","193","10103","10236","0.1406","(51, 275)","(99, 148)","./example/gridmap/arena2.map","Hidden"
"graph","breadth","Success","184","184","17434","17493","0.25","(112, 57)","(99, 218)","./example/gridmap/arena2.map","Hidden"
"graph","breadth","Success","203","203","22189","22255","0.3594","(64, 177)","(186, 244)","./example/gridmap/arena2.map","Hidden"
"graph","breadth","Success","212","212","19237","19308","0.2812","(134, 109)","(2, 111)","./example/gridmap/arena2.map","Hidden"
"graph","breadth","Success","213","213","15801","15915","0.2344","(68, 265)","(155, 139)","./example/gridmap/arena2.map","Hidden"
"graph","breadth","Success","195","195","19159","19303","0.2969","(53, 160)","(147, 115)","./example/gridmap/arena2.map","Hidden"
"graph","breadth","Success","200","200","13759","13884","0.2031","(142, 268)","(70, 140)","./example/gridmap/arena2.map","Hidden"
"graph","breadth","Success","207","207","18169","18182","0.2344","(74, 94)","(110, 241)","./example/gridmap/arena2.map","Hidden"
"graph","breadth","Success","199","199","15785","15899","0.25","(77, 242)","(138, 122)","./example/gridmap/arena2.map","Hidden"
"graph","breadth","Success","219","219","17929","17995","0.2656","(164, 116)","(35, 146)","./example/gridmap/arena2.map","Hidden"
"graph","breadth","Success","209","209","16119","16223","0.2344","(71, 261)","(146, 129)","./example/gridmap/arena2.map","Hidden"
"graph","breadth","Success","212","212","12234","12333","0.1875","(165, 231)","(65, 159)","./example/gridmap/arena2.map","Hidden"
"graph","breadth","Success","208","208","21585","21676","0.3125","(150, 175)","(163, 218)","./example/gridmap/arena2.map","Hidden"
"graph","breadth","Success","212","212","18180","18299","0.2812","(162, 139)","(79, 236)","./example/gridmap/arena2.map","Hidden"
"graph","breadth","Success","227","227","19554","19670","0.2812","(170, 146)","(72, 275)","./example/gridmap/arena2.map","Hidden"
"graph","breadth","Success","194","194","19437","19566","0.2656","(68, 146)","(58, 242)","./example/gridmap/arena2.map","Hidden"
"graph","breadth","Success","220","220","18174","18294","0.2656","(173, 144)","(66, 245)","./example/gridmap/arena2.map","Hidden"
"graph","breadth","Success","209","209","21687","21762","0.2969","(73, 151)","(55, 280)","./example/gridmap/arena2.map","Hidden"
"graph","breadth","Success","216","216","21674","21751","0.3438","(78, 136)","(13, 103)","./example/gridmap/arena2.map","Hidden"
"graph","breadth","Success","199","199","20439","20531","0.2969","(125, 135)","(158, 265)","./example/gridmap/arena2.map","Hidden"
"graph","breadth","Success","203","203","8806","8872","0.1406","(204, 253)","(138, 188)","./example/gridmap/arena2.map","Hidden"
"graph","breadth","Success","192","192","12658","12759","0.1875","(157, 247)","(121, 127)","./example/gridmap/arena2.map","Hidden"
"graph","breadth","Success","191","191","9145","9279","0.125","(35, 265)","(207, 246)","./example/gridmap/arena2.map","Hidden"
"graph","breadth","Success","189","189","17973","18000","0.2656","(126, 88)","(103, 240)","./example/gridmap/arena2.map","Hidden"
"graph","breadth","Success","199","199","13996","14121","0.2188","(69, 266)","(105, 121)","./example/gridmap/arena2.map","Hidden"
"graph","breadth","Success","212","212","20463","20550","0.2969","(146, 148)","(47, 259)","./example/gridmap/arena2.map","Hidden"
"graph","breadth","Success","200","200","20093","20212","0.2812","(158, 178)","(57, 93)","./example/gridmap/arena2.map","Hidden"
"graph","breadth","Success","192","192","14165","14290","0.2031","(142, 257)","(116, 109)","./example/gridmap/arena2.map","Hidden"
"graph","breadth","Success","210","210","12930","13038","0.1875","(158, 233)","(75, 142)","./example/gridmap/arena2.map","Hidden"
"graph","breadth","Success","213","213","19366","19529","0.2969","(95, 257)","(148, 97)","./example/gridmap/arena2.map","Hidden"
"graph","breadth","Success","229","229","18650","18722","0.2969","(30, 127)","(133, 253)","./example/gridmap/arena2.map","Hidden"
"graph","breadth","Success","199","199","11186","11309","0.1562","(39, 261)","(189, 280)","./example/gridmap/arena2.map","Hidden"
"graph","breadth","Success","219","219","20094","20182","0.2969","(76, 112)","(3, 94)","./example/gridmap/arena2.map","Hidden"
"graph","breadth","Success","208","208","21219","21293","0.2812","(131, 144)","(44, 265)","./example/gridmap/arena2.map","Hidden"
"graph","breadth","Success","212","212","21465","21545","0.3125","(86, 128)","(151, 275)","./example/gridmap/arena2.map","Hidden"
"graph","breadth","Success","230","230","16770","16864","0.2656","(137, 277)","(44, 140)","./example/gridmap/arena2.map","Hidden"
"graph","breadth","Success","207","207","21813","21901","0.3125","(53, 184)","(164, 100)","./example/gridmap/arena2.map","Hidden"
"graph","breadth","Success","224","224","20956","21043","0.3125","(147, 139)","(156, 274)","./example/gridmap/arena2.map","Hidden"
"graph","breadth","Success","208","208","15232","15352","0.2188","(141, 265)","(88, 110)","./example/gridmap/arena2.map","Hidden"
"graph","breadth","Success","239","239","18481","18553","0.2656","(20, 125)","(120, 264)","./example/gridmap/arena2.map","Hidden"
"graph","breadth","Success","217","217","15805","15915","0.25","(148, 239)","(156, 136)","./example/gridmap/arena2.map","Hidden"
"graph","breadth","Success","214","214","19196","19302","0.2969","(150, 131)","(152, 245)","./example/gridmap/arena2.map","Hidden"
"graph","breadth","Success","214","214","13999","14123","0.2031","(68, 280)","(79, 125)","./example/gridmap/arena2.map","Hidden"
"graph","breadth","Success","201","201","9357","9425","0.1406","(182, 264)","(91, 164)","./example/gridmap/arena2.map","Hidden"
"graph","breadth","Success","205","205","8505","8570","0.1562","(186, 277)","(39, 273)","./example/gridmap/arena2.map","Hidden"
"graph","breadth","Success","209","209","21524","21619","0.3281","(157, 182)","(44, 98)","./example/gridmap/arena2.map","Hidden"
"graph","breadth","Success","227","227","18622","18663","0.2812","(158, 104)","(89, 262)","./example/gridmap/arena2.map","Hidden"
"graph","breadth","Success","229","229","20506","20587","0.3125","(163, 146)","(153, 229)","./example/gridmap/arena2.map","Hidden"
"graph","breadth","Success","197","197","20090","20187","0.2969","(94, 116)","(51, 250)","./example/gridmap/arena2.map","Hidden"
"graph","breadth","Success","216","216","20554","20648","0.3125","(75, 123)","(151, 263)","./example/gridmap/arena2.map","Hidden"
"graph","breadth","Success","209","209","21945","22009","0.3281","(105, 140)","(161, 225)","./example/gridmap/arena2.map","Hidden"
"graph","breadth","Success","227","227","22220","22296","0.3594","(159, 171)","(185, 258)","./example/gridmap/arena2.map","Hidden"
"graph","breadth","Success","233","233","19348","19396","0.2969","(48, 114)","(131, 264)","./example/gridmap/arena2.map","Hidden"
"graph","breadth","Success","202","202","17978","18003","0.2812","(109, 55)","(99, 235)","./example/gridmap/arena2.map","Hidden"
"graph","breadth","Success","225","225","19898","19997","0.2969","(142, 114)","(73, 270)","./example/gridmap/arena2.map","Hidden"
"graph","breadth","Success","215","215","15066","15189","0.2344","(50, 255)","(138, 128)","./example/gridmap/arena2.map","Hidden"
"graph","breadth","Success","231","231","15851","15956","0.25","(11, 111)","(160, 111)","./example/gridmap/arena2.map","Hidden"
"graph","breadth","Success","214","214","9090","9156","0.1094","(188, 275)","(95, 166)","./example/gridmap/arena2.map","Hidden"
"graph","breadth","Success","217","217","14359","14481","0.2031","(67, 279)","(89, 112)","./example/gridmap/arena2.map","Hidden"
"graph","breadth","Success","242","242","12493","12593","0.1875","(182, 220)","(153, 161)","./example/gridmap/arena2.map","Hidden"
"graph","breadth","Success","244","244","22525","22569","0.3281","(38, 160)","(174, 234)","./example/gridmap/arena2.map","Hidden"
"graph","breadth","Success","223","223","19773","19841","0.2969","(59, 120)","(59, 255)","./example/gridmap/arena2.map","Hidden"
"graph","breadth","Success","213","213","20797","20878","0.3125","(87, 115)","(55, 264)","./example/gridmap/arena2.map","Hidden"
"graph","breadth","Success","209","209","18272","18285","0.2812","(78, 82)","(106, 253)","./example/gridmap/arena2.map","Hidden"
"graph","breadth","Success","214","214","11917","12019","0.1719","(180, 251)","(78, 149)","./example/gridmap/arena2.map","Hidden"
"graph","breadth","Success","227","227","14211","14387","0.2188","(111, 11)","(76, 163)","./example/gridmap/arena2.map","Hidden"
"graph","breadth","Success","217","217","15611","15727","0.2344","(53, 255)","(71, 120)","./example/gridmap/arena2.map","Hidden"
"graph","breadth","Success","226","226","21942","22112","0.3281","(107, 263)","(82, 100)","./example/gridmap/arena2.map","Hidden"
"graph","breadth","Success","247","247","19633","19695","0.2969","(37, 116)","(140, 260)","./example/gridmap/arena2.map","Hidden"
"graph","breadth","Success","212","212","21084","21158","0.3125","(97, 115)","(150, 234)","./example/gridmap/arena2.map","Hidden"
"graph","breadth","Success","238","238","24243","24257","0.3594","(127, 165)","(8, 92)","./example/gridmap/arena2.map","Hidden"
"graph","breadth","Success","228","228","16121","16224","0.25","(149, 232)","(151, 128)","./example/gridmap/arena2.map","Hidden"
"graph","breadth","Success","239","239","17127","17216","0.2656","(151, 268)","(55, 125)","./example/gridmap/arena2.map","Hidden"
"graph","breadth","Success","228","228","10802","10898","0.1719","(195, 261)","(76, 162)","./example/gridmap/arena2.map","Hidden"
"graph","breadth","Success","237","237","20018","20196","0.2812","(134, 258)","(163, 104)","./example/gridmap/arena2.map","Hidden"
"graph","breadth","Success","239","239","16865","16956","0.2656","(48, 260)","(44, 135)","./example/gridmap/arena2.map","Hidden"
"graph","breadth","Success","235","235","12139","12238","0.1719","(197, 239)","(60, 165)","./example/gridmap/arena2.map","Hidden"
"graph","breadth","Success","234","234","23837","23889","0.375","(55, 182)","(207, 254)","./example/gridmap/arena2.map","Hidden"
"graph","breadth","Success","241","241","23624","23672","0.3438","(140, 156)","(190, 221)","./example/gridmap/arena2.map","Hidden"
"graph","breadth","Success","241","241","16736","16829","0.2344","(12, 109)","(147, 133)","./example/gridmap/arena2.map","Hidden"
"graph","breadth","Success","255","255","19435","19596","0.2969","(149, 264)","(35, 123)","./example/gridmap/arena2.map","Hidden"
"graph","breadth","Success","236","236","15498","15617","0.2188","(167, 237)","(65, 131)","./example/gridmap/arena2.map","Hidden"
"graph","breadth","Success","213","213","18873","18902","0.2969","(94, 85)","(78, 248)","./example/gridmap/arena2.map","Hidden"
"graph","breadth","Success","226","226","14000","14124","0.2031","(40, 264)","(78, 126)","./example/gridmap/arena2.map","Hidden"
"graph","breadth","Success","246","246","21198","21288","0.3125","(153, 119)","(9, 99)","./example/gridmap/arena2.map","Hidden"
"graph","breadth","Success","228","228","23863","23902","0.3438","(87, 154)","(195, 264)","./example/gridmap/arena2.map","Hidden"
"graph","breadth","Success","220","220","18942","18971","0.2656","(118, 89)","(128, 261)","./example/gridmap/arena2.map","Hidden"
"graph","breadth","Success","243","243","22602","22656","0.3281","(68, 134)","(170, 227)","./example/gridmap/arena2.map","Hidden"
"graph","breadth","Success","237","237","10374","10465","0.1562","(201, 269)","(132, 161)","./example/gridmap/arena2.map","Hidden"
"graph","breadth","Success","219","219","14053","14178","0.2188","(151, 226)","(107, 117)","./example/gridmap/arena2.map","Hidden"
"graph","breadth","Success","248","248","23951","23994","0.3438","(159, 183)","(97, 7)","./example/gridmap/arena2.map","Hidden"
"graph","breadth","Success","228","228","23192","23252","0.3594","(112, 133)","(181, 226)","./example/gridmap/arena2.map","Hidden"
"graph","breadth","Success","255","255","21087","21161","0.3281","(32, 131)","(153, 237)","./example/gridmap/arena2.map","Hidden"
"graph","breadth","Success","234","234","19309","19355","0.2812","(146, 99)","(143, 256)","./example/gridmap/arena2.map","Hidden"
"graph","breadth","Success","220","220","18620","18647","0.2812","(119, 99)","(100, 264)","./example/gridmap/arena2.map","Hidden"
"graph","breadth","Success","230","230","12661","12762","0.1875","(170, 222)","(107, 129)","./example/gridmap/arena2.map","Hidden"
"graph","breadth","Success","255","255","23590","23605","0.3281","(123, 252)","(13, 107)","./example/gridmap/arena2.map","Hidden"
"graph","breadth","Success","266","266","22009","22164","0.3438","(146, 264)","(19, 125)","./example/gridmap/arena2.map","Hidden"
"graph","breadth","Success","235","235","14136","14259","0.2188","(182, 250)","(66, 141)","./example/gridmap/arena2.map","Hidden"
"graph","breadth","Success","242","242","20852","20928","0.3125","(55, 118)","(147, 234)","./example/gridmap/arena2.map","Hidden"
"graph","breadth","Success","254","254","17476","17553","0.2656","(43, 263)","(43, 129)","./example/gridmap/arena2.map","Hidden"
"graph","breadth","Success","229","229","12215","12315","0.1719","(191, 240)","(102, 138)","./example/gridmap/arena2.map","Hidden"
"graph","breadth","Success","228","228","22228","22274","0.3281","(91, 117)","(35, 265)","./example/gridmap/arena2.map","Hidden"
"graph","breadth","Success","232","232","16164","16266","0.2344","(40, 250)","(73, 113)","./example/gridmap/arena2.map","Hidden"
"graph","breadth","Success","221","221","11843","11948","0.1719","(180, 259)","(112, 132)","./example/gridmap/arena2.map","Hidden"
"graph","breadth","Success","246","246","21313","21514","0.3281","(72, 256)","(74, 94)","./example/gridmap/arena2.map","Hidden"
"graph","breadth","Success","254","254","18350","18461","0.2812","(161, 243)","(41, 125)","./example/gridmap/arena2.map","Hidden"
"graph","breadth","Success","238","238","22440","22484","0.3594","(77, 125)","(180, 242)","./example/gridmap/arena2.map","Hidden"
"graph","breadth","Success","264","264","21191","21278","0.3125","(175, 124)","(47, 260)","./example/gridmap/arena2.map","Hidden"
"graph","breadth","Success","265","265","22746","22820","0.3594","(166, 143)","(11, 115)","./example/gridmap/arena2.map","Hidden"
"graph","breadth","Success","247","247","18640","18775","0.2656","(54, 247)","(154, 108)","./example/gridmap/arena2.map","Hidden"
"graph","breadth","Success","232","232","22648","22700","0.3438","(105, 125)","(187, 243)","./example/gridmap/arena2.map","Hidden"
"graph","breadth","Success","262","262","22228","22293","0.3281","(166, 135)","(10, 111)","./example/gridmap/arena2.map","Hidden"
"graph","breadth","Success","236","236","23863","23905","0.3438","(106, 143)","(200, 259)","./example/gridmap/arena2.map","Hidden"
"graph","breadth","Success","262","262","16351","16449","0.25","(5, 91)","(158, 118)","./example/gridmap/arena2.map","Hidden"
"graph","breadth","Success","233","233","18765","18791","0.2969","(95, 61)","(117, 262)","./example/gridmap/arena2.map","Hidden"
"graph","breadth","Success","260","260","23612","23661","0.375","(156, 152)","(10, 110)","./example/gridmap/arena2.map","Hidden"
"graph","breadth","Success","246","246","18634","18763","0.2812","(153, 257)","(143, 101)","./example/gridmap/arena2.map","Hidden"
"graph","breadth","Success","263","263","16899","16994","0.2969","(10, 91)","(157, 169)","./example/gridmap/arena2.map","Hidden"
"graph","breadth","Success","237","237","13250","13367","0.2344","(191, 250)","(89, 125)","./example/gridmap/arena2.map","Hidden"
"graph","breadth","Success","257","257","21660","21725","0.3125","(51, 118)","(166, 242)","./example/gridmap/arena2.map","Hidden"
"graph","breadth","Success","240","240","11860","11963","0.2031","(199, 259)","(126, 140)","./example/gridmap/arena2.map","Hidden"
"graph","breadth","Success","262","262","20843","21044","0.3125","(139, 273)","(54, 96)","./example/gridmap/arena2.map","Hidden"
"graph","breadth","Success","233","233","24149","24165","0.3594","(114, 212)","(105, 4)","./example/gridmap/arena2.map","Hidden"
"graph","breadth","Success","267","267","19139","19204","0.2812","(2, 124)","(141, 252)","./example/gridmap/arena2.map","Hidden"
"graph","breadth","Success","268","268","21719","21895","0.3281","(60, 238)","(13, 133)","./example/gridmap/arena2.map","Hidden"
"graph","breadth","Success","268","268","21893","22065","0.3438","(60, 239)","(12, 129)","./example/gridmap/arena2.map","Hidden"
"graph","breadth","Success","248","248","22943","22996","0.3281","(110, 110)","(172, 222)","./example/gridmap/arena2.map","Hidden"
"graph","breadth","Success","275","275","23719","23761","0.375","(175, 159)","(190, 219)","./example/gridmap/arena2.map","Hidden"
"graph","breadth","Success","231","231","15412","15534","0.2344","(146, 222)","(109, 104)","./example/gridmap/arena2.map","Hidden"
"graph","breadth","Success","256","256","19041","19075","0.2969","(54, 77)","(72, 253)","./example/gridmap/arena2.map","Hidden"
"graph","breadth","Success","265","265","22878","22935","0.3438","(153, 125)","(34, 271)","./example/gridmap/arena2.map","Hidden"
"graph","breadth","Success","245","245","18487","18613","0.2969","(68, 268)","(113, 78)","./example/gridmap/arena2.map","Hidden"
"graph","breadth","Success","268","268","22620","22664","0.3438","(47, 129)","(179, 237)","./example/gridmap/arena2.map","Hidden"
"graph","breadth","Success","265","265","23092","23160","0.3594","(144, 256)","(172, 93)","./example/gridmap/arena2.map","Hidden"
"graph","breadth","Success","244","244","23489","23541","0.3438","(90, 128)","(191, 231)","./example/gridmap/arena2.map","Hidden"
"graph","breadth","Success","234","234","23532","23554","0.3594","(104, 254)","(106, 40)","./example/gridmap/arena2.map","Hidden"
"graph","breadth","Success","278","278","21037","21118","0.3125","(170, 100)","(142, 280)","./example/gridmap/arena2.map","Hidden"
"graph","breadth","Success","241","241","12954","13062","0.1875","(186, 262)","(115, 118)","./example/gridmap/arena2.map","Hidden"
"graph","breadth","Success","275","275","18354","18465","0.2812","(157, 218)","(37, 129)","./example/gridmap/arena2.map","Hidden"
"graph","breadth","Success","283","283","21720","21896","0.3281","(55, 274)","(12, 132)","./example/gridmap/arena2.map","Hidden"
"graph","breadth","Success","238","238","17531","17608","0.25","(50, 253)","(102, 85)","./example/gridmap/arena2.map","Hidden"
"graph","breadth","Success","243","243","19744","19817","0.2656","(114, 73)","(74, 236)","./example/gridmap/arena2.map","Hidden"
"graph","breadth","Success","242","242","20208","20393","0.2969","(79, 239)","(114, 102)","./example/gridmap/arena2.map","Hidden"
"graph","breadth","Success","267","267","22602","22669","0.3438","(168, 138)","(194, 245)","./example/gridmap/arena2.map","Hidden"
"graph","breadth","Success","242","242","17172","17279","0.2344","(105, 0)","(107, 214)","./example/gridmap/arena2.map","Hidden"
"graph","breadth","Success","242","242","21963","22021","0.2969","(111, 99)","(160, 228)","./example/gridmap/arena2.map","Hidden"
"graph","breadth","Success","247","247","19409","19573","0.2656","(61, 246)","(94, 70)","./example/gridmap/arena2.map","Hidden"
"graph","breadth","Success","246","246","22381","22512","0.3281","(135, 250)","(102, 55)","./example/gridmap/arena2.map","Hidden"
"graph","breadth","Success","248","248","19678","19848","0.2812","(72, 235)","(125, 82)","./example/gridmap/arena2.map","Hidden"
"graph","breadth","Success","250","250","21680","21857","0.2969","(134, 262)","(103, 59)","./example/gridmap/arena2.map","Hidden"
"graph","breadth","Success","270","270","19518","19681","0.2812","(172, 246)","(166, 110)","./example/gridmap/arena2.map","Hidden"
"graph","breadth","Success","251","251","21089","21165","0.2969","(102, 81)","(55, 235)","./example/gridmap/arena2.map","Hidden"
"graph","breadth","Success","256","256","23779","23815","0.3438","(144, 148)","(197, 267)","./example/gridmap/arena2.map","Hidden"
"graph","breadth","Success","295","295","20871","20947","0.2969","(10, 111)","(65, 275)","./example/gridmap/arena2.map","Hidden"
"graph","breadth","Success","250","250","20066","20151","0.2969","(111, 67)","(66, 240)","./example/gridmap/arena2.map","Hidden"
"graph","breadth","Success","261","261","24047","24072","0.3438","(141, 148)","(202, 270)","./example/gridmap/arena2.map","Hidden"
"graph","breadth","Success","295","295","23712","23734","0.3594","(64, 235)","(2, 112)","./example/gridmap/arena2.map","Hidden"
"graph","breadth","Success","269","269","21621","21800","0.3281","(57, 263)","(131, 100)","./example/gridmap/arena2.map","Hidden"
"graph","breadth","Success","286","286","21739","21811","0.3125","(169, 100)","(157, 274)","./example/gridmap/arena2.map","Hidden"
"graph","breadth","Success","282","282","22505","22624","0.3438","(156, 235)","(174, 101)","./example/gridmap/arena2.map","Hidden"
"graph","breadth","Success","288","288","21235","21441","0.3281","(41, 268)","(174, 113)","./example/gridmap/arena2.map","Hidden"
"graph","breadth","Success","290","290","18661","18790","0.2969","(181, 229)","(175, 125)","./example/gridmap/arena2.map","Hidden"
"graph","breadth","Success","253","253","19548","19604","0.2969","(87, 68)","(59, 251)","./example/gridmap/arena2.map","Hidden"
"graph","breadth","Success","279","279","21501","21574","0.3125","(137, 92)","(55, 269)","./example/gridmap/arena2.map","Hidden"
"graph","breadth","Success","269","269","19416","19468","0.2969","(51, 76)","(64, 254)","./example/gridmap/arena2.map","Hidden"
"graph","breadth","Success","294","294","23616","23631","0.3594","(73, 280)","(2, 117)","./example/gridmap/arena2.map","Hidden"
"graph","breadth","Success","277","277","20625","20706","0.3125","(62, 74)","(69, 276)","./example/gridmap/arena2.map","Hidden"
"graph","breadth","Success","271","271","19739","19907","0.2969","(170, 245)","(68, 100)","./example/gridmap/arena2.map","Hidden"
"graph","breadth","Success","266","266","24069","24089","0.3438","(136, 132)","(186, 280)","./example/gridmap/arena2.map","Hidden"
"graph","breadth","Success","253","253","19371","19420","0.2969","(90, 62)","(78, 235)","./example/gridmap/arena2.map","Hidden"
"graph","breadth","Success","277","277","16726","16820","0.25","(206, 246)","(167, 138)","./example/gridmap/arena2.map","Hidden"
"graph","breadth","Success","256","256","18964","19111","0.2812","(54, 261)","(83, 84)","./example/gridmap/arena2.map","Hidden"
"graph","breadth","Success","278","278","14948","15074","0.2188","(195, 274)","(149, 136)","./example/gridmap/arena2.map","Hidden"
"graph","breadth","Success","258","258","20467","20551","0.3125","(88, 97)","(58, 263)","./example/gridmap/arena2.map","Hidden"
"graph","breadth","Success","278","278","20849","21050","0.3281","(170, 244)","(51, 99)","./example/gridmap/arena2.map","Hidden"
"graph","breadth","Success","289","289","24265","24273","0.3594","(157, 142)","(205, 273)","./example/gridmap/arena2.map","Hidden"
"graph","breadth","Success","299","299","21138","21211","0.2969","(13, 107)","(159, 260)","./example/gridmap/arena2.map","Hidden"
"graph","breadth","Success","282","282","21861","22039","0.3281","(53, 270)","(66, 83)","./example/gridmap/arena2.map","Hidden"
"graph","breadth","Success","269","269","22748","22803","0.3438","(144, 109)","(178, 258)","./example/gridmap/arena2.map","Hidden"
"graph","breadth","Success","280","280","21683","21753","0.3125","(163, 99)","(35, 251)","./example/gridmap/arena2.map","Hidden"
"graph","breadth","Success","310","310","21667","21732","0.2969","(9, 108)","(59, 280)","./example/gridmap/arena2.map","Hidden"
"graph","breadth","Success","270","270","23968","23998","0.3281","(75, 127)","(189, 273)","./example/gridmap/arena2.map","Hidden"
"graph","breadth","Success","271","271","21182","21254","0.2969","(85, 98)","(56, 270)","./example/gridmap/arena2.map","Hidden"
"graph","breadth","Success","273","273","24295","24299","0.3594","(92, 127)","(205, 277)","./example/gridmap/arena2.map","Hidden"
"graph","breadth","Success","297","297","23885","23902","0.3438","(54, 251)","(3, 103)","./example/gridmap/arena2.map","Hidden"
"graph","breadth","Success","281","281","20793","20874","0.2812","(151, 75)","(146, 273)","./example/gridmap/arena2.map","Hidden"
"graph","breadth","Success","266","266","19355","19517","0.2812","(45, 260)","(119, 94)","./example/gridmap/arena2.map","Hidden"
"graph","breadth","Success","270","270","22198","22250","0.3125","(120, 84)","(167, 231)","./example/gridmap/arena2.map","Hidden"
"graph","breadth","Success","291","291","23055","23107","0.3281","(154, 103)","(176, 224)","./example/gridmap/arena2.map","Hidden"
"graph","breadth","Success","279","279","21735","21807","0.3281","(122, 70)","(153, 278)","./example/gridmap/arena2.map","Hidden"
"graph","breadth","Success","303","303","23210","23264","0.3438","(171, 111)","(34, 277)","./example/gridmap/arena2.map","Hidden"
"graph","breadth","Success","262","262","22165","22304","0.2969","(57, 250)","(104, 55)","./example/gridmap/arena2.map","Hidden"
"graph","breadth","Success","274","274","19965","20140","0.2812","(155, 274)","(125, 76)","./example/gridmap/arena2.map","Hidden"
"graph","breadth","Success","290","290","22996","23049","0.3281","(152, 101)","(171, 220)","./example/gridmap/arena2.map","Hidden"
"graph","breadth","Success","287","287","22671","22777","0.3125","(167, 243)","(46, 93)","./example/gridmap/arena2.map","Hidden"
"graph","breadth","Success","290","290","15916","16021","0.2344","(198, 275)","(156, 135)","./example/gridmap/arena2.map","Hidden"
"graph","breadth","Success","263","263","17801","17881","0.2656","(153, 220)","(109, 79)","./example/gridmap/arena2.map","Hidden"
"graph","breadth","Success","304","304","22752","22797","0.3438","(40, 103)","(175, 230)","./example/gridmap/arena2.map","Hidden"
"graph","breadth","Success","309","309","20960","21035","0.3281","(4, 104)","(53, 264)","./example/gridmap/arena2.map","Hidden"
"graph","breadth","Success","273","273","23465","23516","0.3438","(103, 101)","(194, 257)","./example/gridmap/arena2.map","Hidden"
"graph","breadth","Success","287","287","22213","22265","0.3438","(161, 98)","(179, 249)","./example/gridmap/arena2.map","Hidden"
"graph","breadth","Success","283","283","23734","23780","0.3594","(70, 113)","(202, 254)","./example/gridmap/arena2.map","Hidden"
"graph","breadth","Success","300","300","19933","20107","0.2969","(197, 244)","(28, 127)","./example/gridmap/arena2.map","Hidden"
"graph","breadth","Success","280","280","18511","18634","0.2812","(186, 249)","(143, 102)","./example/gridmap/arena2.map","Hidden"
"graph","breadth","Success","290","290","20019","20198","0.3281","(183, 240)","(164, 105)","./example/gridmap/arena2.map","Hidden"
"graph","breadth","Success","281","281","20731","20926","0.2969","(160, 230)","(130, 95)","./example/gridmap/arena2.map","Hidden"
"graph","breadth","Success","272","272","20254","20338","0.2969","(122, 58)","(150, 240)","./example/gridmap/arena2.map","Hidden"
"graph","breadth","Success","282","282","22450","22501","0.3281","(118, 75)","(40, 269)","./example/gridmap/arena2.map","Hidden"
"graph","breadth","Success","282","282","19339","19500","0.2812","(38, 269)","(116, 75)","./example/gridmap/arena2.map","Hidden"
"graph","breadth","Success","280","280","23886","23923","0.3438","(81, 109)","(206, 238)","./example/gridmap/arena2.map","Hidden"
"graph","breadth","Success","286","286","16897","16987","0.2344","(182, 277)","(151, 120)","./example/gridmap/arena2.map","Hidden"
"graph","breadth","Success","264","264","18943","19091","0.2656","(37, 250)","(100, 69)","./example/gridmap/arena2.map","Hidden"
"graph","breadth","Success","289","289","23779","23823","0.3281","(146, 112)","(200, 257)","./example/gridmap/arena2.map","Hidden"
"graph","breadth","Success","300","300","22938","23033","0.3438","(38, 265)","(40, 93)","./example/gridmap/arena2.map","Hidden"
"graph","breadth","Success","303","303","22143","22282","0.3438","(38, 275)","(161, 95)","./example/gridmap/arena2.map","Hidden"
"graph","breadth","Success","282","282","18810","18947","0.2656","(169, 227)","(95, 93)","./example/gridmap/arena2.map","Hidden"
"graph","breadth","Success","284","284","20520","20712","0.2969","(166, 232)","(129, 77)","./example/gridmap/arena2.map","Hidden"
"graph","breadth","Success","304","304","24030","24052","0.3438","(164, 120)","(192, 272)","./example/gridmap/arena2.map","Hidden"
"graph","breadth","Success","281","281","22285","22338","0.3281","(129, 84)","(41, 267)","./example/gridmap/arena2.map","Hidden"
"graph","breadth","Success","284","284","21972","22030","0.3125","(121, 67)","(169, 237)","./example/gridmap/arena2.map","Hidden"
"graph","breadth","Success","277","277","23960","23974","0.3594","(127, 251)","(106, 23)","./example/gridmap/arena2.map","Hidden"
"graph","breadth","Success","281","281","22616","22668","0.3438","(122, 83)","(168, 224)","./example/gridmap/arena2.map","Hidden"
"graph","breadth","Success","280","280","21673","21744","0.3125","(130, 76)","(41, 257)","./example/gridmap/arena2.map","Hidden"
"graph","breadth","Success","316","316","20514","20597","0.2969","(4, 91)","(57, 240)","./example/gridmap/arena2.map","Hidden"
"graph","breadth","Success","306","306","22977","23056","0.3281","(182, 242)","(35, 101)","./example/gridmap/arena2.map","Hidden"
"graph","breadth","Success","295","295","21639","21816","0.3125","(163, 224)","(79, 101)","./example/gridmap/arena2.map","Hidden"
"graph","breadth","Success","306","306","19351","19510","0.2812","(184, 221)","(137, 102)","./example/gridmap/arena2.map","Hidden"
"graph","breadth","Success","291","291","20107","20288","0.2812","(39, 274)","(77, 83)","./example/gridmap/arena2.map","Hidden"
"graph","breadth","Success","315","315","20676","20756","0.3125","(4, 94)","(45, 252)","./example/gridmap/arena2.map","Hidden"
"graph","breadth","Success","282","282","22070","22124","0.3125","(95, 66)","(35, 262)","./example/gridmap/arena2.map","Hidden"
"graph","breadth","Success","320","320","17842","17924","0.2656","(206, 276)","(172, 130)","./example/gridmap/arena2.map","Hidden"
"graph","breadth","Success","299","299","23007","23053","0.3281","(60, 93)","(183, 259)","./example/gridmap/arena2.map","Hidden"
"graph","breadth","Success","278","278","20587","20667","0.2969","(110, 44)","(52, 248)","./example/gridmap/arena2.map","Hidden"
"graph","breadth","Success","285","285","22443","22487","0.3281","(89, 76)","(183, 245)","./example/gridmap/arena2.map","Hidden"
"graph","breadth","Success","277","277","23608","23659","0.3594","(99, 98)","(207, 245)","./example/gridmap/arena2.map","Hidden"
"graph","breadth","Success","318","318","23257","23308","0.3438","(12, 127)","(191, 256)","./example/gridmap/arena2.map","Hidden"
"graph","breadth","Success","314","314","23125","23172","0.3281","(51, 90)","(179, 226)","./example/gridmap/arena2.map","Hidden"
"graph","breadth","Success","320","320","20103","20285","0.2969","(206, 258)","(36, 118)","./example/gridmap/arena2.map","Hidden"
"graph","breadth","Success","316","316","21061","21268","0.2969","(190, 227)","(46, 103)","./example/gridmap/arena2.map","Hidden"
"graph","breadth","Success","325","325","22667","22711","0.3438","(9, 111)","(181, 238)","./example/gridmap/arena2.map","Hidden"
"graph","breadth","Success","318","318","17838","17920","0.2656","(201, 279)","(168, 126)","./example/gridmap/arena2.map","Hidden"
"graph","breadth","Success","328","328","23669","23689","0.3594","(161, 219)","(2, 114)","./example/gridmap/arena2.map","Hidden"
"graph","breadth","Success","307","307","19354","19513","0.2812","(200, 236)","(162, 107)","./example/gridmap/arena2.map","Hidden"
"graph","breadth","Success","320","320","23892","23911","0.3438","(152, 229)","(13, 92)","./example/gridmap/arena2.map","Hidden"
"graph","breadth","Success","308","308","22759","22856","0.3281","(171, 227)","(68, 80)","./example/gridmap/arena2.map","Hidden"
"graph","breadth","Success","308","308","24058","24079","0.3438","(61, 106)","(197, 268)","./example/gridmap/arena2.map","Hidden"
"graph","breadth","Success","306","306","19184","19336","0.2656","(199, 235)","(144, 96)","./example/gridmap/arena2.map","Hidden"
"graph","breadth","Success","306","306","20369","20562","0.3125","(195, 254)","(138, 95)","./example/gridmap/arena2.map","Hidden"
"graph","breadth","Success","315","315","24044","24066","0.3438","(165, 110)","(206, 258)","./example/gridmap/arena2.map","Hidden"
"graph","breadth","Success","285","285","23098","23145","0.3438","(100, 81)","(180, 264)","./example/gridmap/arena2.map","Hidden"
"graph","breadth","Success","327","327","22669","22713","0.3125","(10, 108)","(183, 240)","./example/gridmap/arena2.map","Hidden"
"graph","breadth","Success","316","316","23418","23468","0.3594","(44, 100)","(198, 252)","./example/gridmap/arena2.map","Hidden"
"graph","breadth","Success","290","290","24257","24269","0.3438","(99, 260)","(110, 3)","./example/gridmap/arena2.map","Hidden"
"graph","breadth","Success","312","312","22543","22593","0.3281","(172, 90)","(186, 248)","./example/gridmap/arena2.map","Hidden"
"graph","breadth","Success","294","294","17930","18018","0.25","(190, 264)","(98, 82)","./example/gridmap/arena2.map","Hidden"
"graph","breadth","Success","330","330","23090","23136","0.3438","(6, 118)","(191, 239)","./example/gridmap/arena2.map","Hidden"
"graph","breadth","Success","317","317","22856","22909","0.3438","(172, 91)","(193, 245)","./example/gridmap/arena2.map","Hidden"
"graph","breadth","Success","300","300","19167","19318","0.2812","(185, 227)","(116, 100)","./example/gridmap/arena2.map","Hidden"
"graph","breadth","Success","327","327","23516","23569","0.3438","(40, 95)","(193, 259)","./example/gridmap/arena2.map","Hidden"
"graph","breadth","Success","303","303","22878","22924","0.3438","(95, 62)","(36, 280)","./example/gridmap/arena2.map","Hidden"
"graph","breadth","Success","293","293","23440","23490","0.3438","(105, 79)","(196, 237)","./example/gridmap/arena2.map","Hidden"
"graph","breadth","Success","297","297","23332","23382","0.3281","(86, 86)","(187, 230)","./example/gridmap/arena2.map","Hidden"
"graph","breadth","Success","305","305","24227","24238","0.3438","(101, 93)","(200, 275)","./example/gridmap/arena2.map","Hidden"
"graph","breadth","Success","307","307","23550","23602","0.3438","(151, 93)","(202, 241)","./example/gridmap/arena2.map","Hidden"
"graph","breadth","Success","302","302","22530","22574","0.3438","(76, 74)","(179, 239)","./example/gridmap/arena2.map","Hidden"
"graph","breadth","Success","293","293","19087","19234","0.2656","(182, 261)","(93, 95)","./example/gridmap/arena2.map","Hidden"
"graph","breadth","Success","294","294","22700","22806","0.3281","(176, 245)","(108, 47)","./example/gridmap/arena2.map","Hidden"
"graph","breadth","Success","316","316","23421","23471","0.3281","(70, 90)","(201, 249)","./example/gridmap/arena2.map","Hidden"
"graph","breadth","Success","333","333","24176","24188","0.3281","(174, 108)","(200, 271)","./example/gridmap/arena2.map","Hidden"
"graph","breadth","Success","316","316","23472","23523","0.3281","(68, 89)","(201, 250)","./example/gridmap/arena2.map","Hidden"
"graph","breadth","Success","295","295","22860","22905","0.3438","(101, 67)","(191, 244)","./example/gridmap/arena2.map","Hidden"
"graph","breadth","Success","325","325","23855","23894","0.3594","(168, 98)","(187, 272)","./example/gridmap/arena2.map","Hidden"
"graph","breadth","Success","341","341","20477","20670","0.3125","(204, 279)","(36, 116)","./example/gridmap/arena2.map","Hidden"
"graph","breadth","Success","337","337","22990","23069","0.3281","(194, 269)","(8, 134)","./example/gridmap/arena2.map","Hidden"
"graph","breadth","Success","309","309","23350","23400","0.3281","(132, 94)","(181, 268)","./example/gridmap/arena2.map","Hidden"
"graph","breadth","Success","311","311","23735","23781","0.3438","(147, 88)","(203, 253)","./example/gridmap/arena2.map","Hidden"
"graph","breadth","Success","350","350","24298","24301","0.3594","(20, 123)","(203, 280)","./example/gridmap/arena2.map","Hidden"
"graph","breadth","Success","314","314","19536","19699","0.2812","(191, 222)","(94, 73)","./example/gridmap/arena2.map","Hidden"
"graph","breadth","Success","309","309","22690","22805","0.3438","(36, 274)","(101, 48)","./example/gridmap/arena2.map","Hidden"
"graph","breadth","Success","304","304","19764","19832","0.2969","(104, 18)","(142, 260)","./example/gridmap/arena2.map","Hidden"
"graph","breadth","Success","303","303","23761","23785","0.3594","(54, 240)","(100, 27)","./example/gridmap/arena2.map","Hidden"
"graph","breadth","Success","304","304","23079","23132","0.3438","(133, 79)","(181, 263)","./example/gridmap/arena2.map","Hidden"
"graph","breadth","Success","325","325","23883","23920","0.3594","(162, 93)","(203, 235)","./example/gridmap/arena2.map","Hidden"
"graph","breadth","Success","306","306","21749","21921","0.3125","(190, 241)","(89, 66)","./example/gridmap/arena2.map","Hidden"
"graph","breadth","Success","300","300","23394","23443","0.3438","(115, 71)","(200, 242)","./example/gridmap/arena2.map","Hidden"
"graph","breadth","Success","301","301","18717","18743","0.2812","(98, 16)","(86, 257)","./example/gridmap/arena2.map","Hidden"
"graph","breadth","Success","332","332","21248","21441","0.2969","(199, 271)","(55, 93)","./example/gridmap/arena2.map","Hidden"
"graph","breadth","Success","325","325","21441","21618","0.3281","(186, 276)","(68, 91)","./example/gridmap/arena2.map","Hidden"
"graph","breadth","Success","305","305","20831","20909","0.3125","(107, 33)","(157, 258)","./example/gridmap/arena2.map","Hidden"
"graph","breadth","Success","308","308","20638","20719","0.3281","(104, 25)","(56, 263)","./example/gridmap/arena2.map","Hidden"
"graph","breadth","Success","302","302","22372","22425","0.3125","(107, 48)","(182, 243)","./example/gridmap/arena2.map","Hidden"
"graph","breadth","Success","346","346","20982","21186","0.2969","(206, 280)","(173, 109)","./example/gridmap/arena2.map","Hidden"
"graph","breadth","Success","312","312","18884","18915","0.2812","(111, 16)","(84, 261)","./example/gridmap/arena2.map","Hidden"
"graph","breadth","Success","309","309","24309","24308","0.3594","(90, 263)","(97, 21)","./example/gridmap/arena2.map","Hidden"
"graph","breadth","Success","335","335","24267","24275","0.3594","(70, 99)","(207, 271)","./example/gridmap/arena2.map","Hidden"
"graph","breadth","Success","299","299","21831","21895","0.3125","(109, 40)","(154, 224)","./example/gridmap/arena2.map","Hidden"
"graph","breadth","Success","344","344","23895","23913","0.3594","(179, 260)","(11, 94)","./example/gridmap/arena2.map","Hidden"
"graph","breadth","Success","306","306","23803","23847","0.3594","(114, 72)","(178, 278)","./example/gridmap/arena2.map","Hidden"
"graph","breadth","Success","316","316","24109","24128","0.3438","(106, 71)","(205, 262)","./example/gridmap/arena2.map","Hidden"
"graph","breadth","Success","318","318","20312","20396","0.2812","(101, 12)","(144, 265)","./example/gridmap/arena2.map","Hidden"
"graph","breadth","Success","314","314","20715","20795","0.2969","(102, 20)","(61, 269)","./example/gridmap/arena2.map","Hidden"
"graph","breadth","Success","344","344","22152","22290","0.3438","(201, 276)","(44, 99)","./example/gridmap/arena2.map","Hidden"
"graph","breadth","Success","311","311","24297","24301","0.3594","(79, 246)","(111, 13)","./example/gridmap/arena2.map","Hidden"
"graph","breadth","Success","306","306","24054","24062","0.3438","(60, 249)","(103, 12)","./example/gridmap/arena2.map","Hidden"
"graph","breadth","Success","319","319","19969","20144","0.375","(199, 265)","(129, 80)","./example/gridmap/arena2.map","Hidden"
"graph","breadth","Success","306","306","20019","20097","0.2969","(105, 20)","(52, 251)","./example/gridmap/arena2.map","Hidden"
"graph","breadth","Success","319","319","23521","23574","0.3594","(124, 63)","(198, 254)","./example/gridmap/arena2.map","Hidden"
"graph","breadth","Success","314","314","21712","21776","0.3281","(102, 31)","(152, 227)","./example/gridmap/arena2.map","Hidden"
"graph","breadth","Success","335","335","24136","24153","0.3594","(143, 81)","(193, 276)","./example/gridmap/arena2.map","Hidden"
"graph","breadth","Success","341","341","23036","23107","0.3281","(199, 267)","(65, 76)","./example/gridmap/arena2.map","Hidden"
"graph","breadth","Success","319","319","23181","23229","0.3438","(92, 55)","(187, 233)","./example/gridmap/arena2.map","Hidden"
"graph","breadth","Success","329","329","22952","23033","0.3594","(186, 269)","(60, 76)","./example/gridmap/arena2.map","Hidden"
"graph","breadth","Success","353","353","23882","23899","0.3594","(197, 252)","(6, 100)","./example/gridmap/arena2.map","Hidden"
"graph","breadth","Success","336","336","21541","21716","0.3438","(194, 279)","(157, 90)","./example/gridmap/arena2.map","Hidden"
"graph","breadth","Success","324","324","24263","24271","0.3438","(103, 77)","(203, 275)","./example/gridmap/arena2.map","Hidden"
"graph","breadth","Success","318","318","24085","24092","0.375","(65, 235)","(106, 12)","./example/gridmap/arena2.map","Hidden"
"graph","breadth","Success","326","326","23653","23672","0.3438","(40, 276)","(100, 36)","./example/gridmap/arena2.map","Hidden"
"graph","breadth","Success","338","338","23397","23432","0.3594","(181, 276)","(50, 79)","./example/gridmap/arena2.map","Hidden"
"graph","breadth","Success","330","330","24087","24094","0.3438","(62, 276)","(108, 14)","./example/gridmap/arena2.map","Hidden"
"graph","breadth","Success","324","324","24060","24081","0.3594","(99, 62)","(199, 266)","./example/gridmap/arena2.map","Hidden"
"graph","breadth","Success","332","332","18814","18950","0.2812","(207, 277)","(89, 89)","./example/gridmap/arena2.map","Hidden"
"graph","breadth","Success","321","321","19593","19652","0.2969","(112, 6)","(71, 238)","./example/gridmap/arena2.map","Hidden"
"graph","breadth","Success","333","333","24094","24113","0.3594","(71, 83)","(190, 277)","./example/gridmap/arena2.map","Hidden"
"graph","breadth","Success","324","324","23453","23480","0.3281","(170, 220)","(111, 37)","./example/gridmap/arena2.map","Hidden"
"graph","breadth","Success","326","326","23486","23538","0.3281","(102, 50)","(188, 228)","./example/gridmap/arena2.map","Hidden"
"graph","breadth","Success","322","322","20927","21002","0.3281","(108, 18)","(50, 242)","./example/gridmap/arena2.map","Hidden"
"graph","breadth","Success","320","320","20103","20185","0.2969","(101, 7)","(149, 245)","./example/gridmap/arena2.map","Hidden"
"graph","breadth","Success","326","326","24303","24305","0.3438","(64, 256)","(112, 0)","./example/gridmap/arena2.map","Hidden"
"graph","breadth","Success","366","366","23955","23968","0.3594","(204, 254)","(3, 99)","./example/gridmap/arena2.map","Hidden"
"graph","breadth","Success","327","327","23645","23694","0.3438","(108, 46)","(187, 224)","./example/gridmap/arena2.map","Hidden"
"graph","breadth","Success","367","367","24108","24127","0.3594","(12, 98)","(204, 263)","./example/gridmap/arena2.map","Hidden"
"graph","breadth","Success","319","319","23349","23399","0.3281","(107, 49)","(180, 269)","./example/gridmap/arena2.map","Hidden"
"graph","breadth","Success","326","326","22469","22514","0.3438","(102, 35)","(164, 225)","./example/gridmap/arena2.map","Hidden"
"graph","breadth","Success","365","365","24171","24183","0.3594","(12, 104)","(195, 276)","./example/gridmap/arena2.map","Hidden"
"graph","breadth","Success","335","335","24094","24101","0.3438","(150, 274)","(107, 12)","./example/gridmap/arena2.map","Hidden"
"graph","breadth","Success","328","328","24116","24126","0.3594","(149, 265)","(104, 6)","./example/gridmap/arena2.map","Hidden"
"graph","breadth","Success","338","338","24278","24284","0.3438","(77, 85)","(201, 279)","./example/gridmap/arena2.map","Hidden"
"graph","breadth","Success","330","330","23435","23485","0.3438","(108, 39)","(188, 229)","./example/gridmap/arena2.map","Hidden"
"graph","breadth","Success","336","336","24302","24305","0.3594","(144, 265)","(111, 14)","./example/gridmap/arena2.map","Hidden"
"graph","breadth","Success","334","334","21103","21310","0.3125","(205, 268)","(117, 62)","./example/gridmap/arena2.map","Hidden"
"graph","breadth","Success","326","326","23926","23942","0.3438","(153, 226)","(105, 24)","./example/gridmap/arena2.map","Hidden"
"graph","breadth","Success","335","335","23925","23941","0.3594","(40, 272)","(104, 23)","./example/gridmap/arena2.map","Hidden"
"graph","breadth","Success","344","344","22104","22259","0.3281","(205, 272)","(74, 79)","./example/gridmap/arena2.map","Hidden"
"graph","breadth","Success","324","324","21861","22033","0.3281","(178, 279)","(120, 61)","./example/gridmap/arena2.map","Hidden"
"graph","breadth","Success","320","320","23020","23073","0.3438","(106, 43)","(195, 244)","./example/gridmap/arena2.map","Hidden"
"graph","breadth","Success","375","375","23706","23728","0.3438","(199, 280)","(8, 106)","./example/gridmap/arena2.map","Hidden"
"graph","breadth","Success","335","335","24179","24197","0.3438","(153, 263)","(102, 1)","./example/gridmap/arena2.map","Hidden"
"graph","breadth","Success","327","327","20839","20916","0.2969","(108, 12)","(43, 252)","./example/gridmap/arena2.map","Hidden"
"graph","breadth","Success","331","331","22485","22530","0.3281","(100, 26)","(180, 241)","./example/gridmap/arena2.map","Hidden"
"graph","breadth","Success","337","337","21075","21148","0.3125","(110, 7)","(53, 237)","./example/gridmap/arena2.map","Hidden"
"graph","breadth","Success","332","332","23604","23617","0.3438","(185, 256)","(99, 34)","./example/gridmap/arena2.map","Hidden"
"graph","breadth","Success","328","328","19435","19486","0.2812","(97, 23)","(66, 246)","./example/gridmap/arena2.map","Hidden"
"graph","breadth","Success","335","335","21663","21728","0.3281","(108, 15)","(169, 245)","./example/gridmap/arena2.map","Hidden"
"graph","breadth","Success","341","341","21567","21742","0.3125","(198, 279)","(95, 61)","./example/gridmap/arena2.map","Hidden"
"graph","breadth","Success","341","341","21508","21684","0.3125","(200, 278)","(121, 64)","./example/gridmap/arena2.map","Hidden"
"graph","breadth","Success","343","343","21994","22052","0.3125","(105, 10)","(52, 278)","./example/gridmap/arena2.map","Hidden"
"graph","breadth","Success","339","339","22695","22740","0.3281","(106, 29)","(164, 220)","./example/gridmap/arena2.map","Hidden"
"graph","breadth","Success","331","331","24167","24184","0.375","(46, 253)","(106, 4)","./example/gridmap/arena2.map","Hidden"
"graph","breadth","Success","343","343","23079","23125","0.3438","(99, 26)","(180, 228)","./example/gridmap/arena2.map","Hidden"
"graph","breadth","Success","333","333","24278","24288","0.3438","(147, 240)","(111, 11)","./example/gridmap/arena2.map","Hidden"
"graph","breadth","Success","335","335","24238","24252","0.3438","(50, 257)","(98, 2)","./example/gridmap/arena2.map","Hidden"
"graph","breadth","Success","344","344","24071","24078","0.3594","(163, 229)","(108, 16)","./example/gridmap/arena2.map","Hidden"
"graph","breadth","Success","333","333","22867","22913","0.3438","(101, 35)","(183, 256)","./example/gridmap/arena2.map","Hidden"
"graph","breadth","Success","328","328","23526","23579","0.3438","(109, 41)","(203, 249)","./example/gridmap/arena2.map","Hidden"
"graph","breadth","Success","336","336","19967","20044","0.2812","(97, 22)","(63, 262)","./example/gridmap/arena2.map","Hidden"
"graph","breadth","Success","337","337","23775","23819","0.3594","(106, 40)","(196, 261)","./example/gridmap/arena2.map","Hidden"
"graph","breadth","Success","339","339","23887","23905","0.3594","(187, 245)","(104, 25)","./example/gridmap/arena2.map","Hidden"
"graph","breadth","Success","350","350","24250","24263","0.3438","(58, 279)","(99, 0)","./example/gridmap/arena2.map","Hidden"
"graph","breadth","Success","394","394","24308","24309","0.3594","(4, 97)","(206, 279)","./example/gridmap/arena2.map","Hidden"
"graph","breadth","Success","349","349","24310","24310","0.375","(104, 59)","(206, 280)","./example/gridmap/arena2.map","Hidden"
"graph","breadth","Success","354","354","23027","23100","0.3438","(203, 276)","(88, 57)","./example/gridmap/arena2.map","Hidden"
"graph","breadth","Success","339","339","22590","22635","0.3438","(107, 27)","(185, 248)","./example/gridmap/arena2.map","Hidden"
"graph","breadth","Success","337","337","21301","21374","0.3125","(108, 8)","(146, 229)","./example/gridmap/arena2.map","Hidden"
"graph","breadth","Success","339","339","24310","24309","0.3438","(152, 256)","(97, 22)","./example/gridmap/arena2.map","Hidden"
"graph","breadth","Success","337","337","23196","23246","0.3438","(98, 33)","(181, 265)","./example/gridmap/arena2.map","Hidden"
"graph","breadth","Success","344","344","23038","23084","0.3281","(107, 32)","(186, 235)","./example/gridmap/arena2.map","Hidden"
"graph","breadth","Success","356","356","23174","23222","0.3281","(105, 21)","(180, 226)","./example/gridmap/arena2.map","Hidden"
"graph","breadth","Success","340","340","23993","24020","0.3594","(101, 46)","(183, 280)","./example/gridmap/arena2.map","Hidden"
"graph","breadth","Success","340","340","21501","21566","0.2969","(104, 4)","(40, 258)","./example/gridmap/arena2.map","Hidden"
"graph","breadth","Success","340","340","23830","23873","0.3281","(101, 41)","(206, 252)","./example/gridmap/arena2.map","Hidden"
"graph","breadth","Success","344","344","22587","22632","0.3281","(104, 19)","(182, 251)","./example/gridmap/arena2.map","Hidden"
"graph","breadth","Success","347","347","22151","22201","0.3125","(102, 7)","(168, 236)","./example/gridmap/arena2.map","Hidden"
"graph","breadth","Success","335","335","23482","23507","0.3281","(205, 245)","(111, 36)","./example/gridmap/arena2.map","Hidden"
"graph","breadth","Success","350","350","23871","23888","0.3281","(187, 233)","(106, 28)","./example/gridmap/arena2.map","Hidden"
"graph","breadth","Success","344","344","24123","24133","0.3438","(147, 219)","(109, 11)","./example/gridmap/arena2.map","Hidden"
"graph","breadth","Success","392","392","24270","24277","0.3438","(5, 92)","(201, 278)","./example/gridmap/arena2.map","Hidden"
"graph","breadth","Success","350","350","23794","23815","0.3438","(195, 255)","(106, 36)","./example/gridmap/arena2.map","Hidden"
"graph","breadth","Success","353","353","22436","22480","0.3125","(108, 11)","(176, 238)","./example/gridmap/arena2.map","Hidden"
"graph","breadth","Success","359","359","24208","24225","0.3438","(39, 272)","(109, 5)","./example/gridmap/arena2.map","Hidden"
"graph","breadth","Success","363","363","23692","23739","0.3438","(107, 26)","(184, 220)","./example/gridmap/arena2.map","Hidden"
"graph","breadth","Success","345","345","20918","20993","0.2969","(97, 20)","(42, 252)","./example/gridmap/arena2.map","Hidden"
"graph","breadth","Success","346","346","24215","24231","0.3438","(148, 224)","(112, 8)","./example/gridmap/arena2.map","Hidden"
"graph","breadth","Success","361","361","24306","24307","0.3438","(158, 275)","(111, 15)","./example/gridmap/arena2.map","Hidden"
"graph","breadth","Success","352","352","22177","22226","0.3438","(109, 8)","(36, 265)","./example/gridmap/arena2.map","Hidden"
"graph","breadth","Success","349","349","21925","21986","0.3125","(97, 6)","(173, 245)","./example/gridmap/arena2.map","Hidden"
"graph","breadth","Success","353","353","23672","23692","0.3438","(194, 264)","(101, 32)","./example/gridmap/arena2.map","Hidden"
"graph","breadth","Success","359","359","24190","24202","0.3594","(98, 37)","(201, 271)","./example/gridmap/arena2.map","Hidden"
"graph","breadth","Success","362","362","23559","23571","0.3594","(204, 270)","(98, 36)","./example/gridmap/arena2.map","Hidden"
"graph","breadth","Success","351","351","22672","22716","0.3281","(105, 15)","(186, 243)","./example/gridmap/arena2.map","Hidden"
"graph","breadth","Success","357","357","23986","23999","0.3438","(191, 237)","(102, 19)","./example/gridmap/arena2.map","Hidden"
"graph","breadth","Success","353","353","22723","22769","0.3125","(105, 14)","(180, 256)","./example/gridmap/arena2.map","Hidden"
"graph","breadth","Success","351","351","22670","22714","0.3438","(103, 13)","(184, 241)","./example/gridmap/arena2.map","Hidden"
"graph","breadth","Success","361","361","23989","24001","0.3594","(186, 228)","(106, 21)","./example/gridmap/arena2.map","Hidden"
"graph","breadth","Success","357","357","23741","23764","0.375","(196, 263)","(104, 32)","./example/gridmap/arena2.map","Hidden"
"graph","breadth","Success","366","366","23972","23986","0.3438","(182, 218)","(102, 20)","./example/gridmap/arena2.map","Hidden"
"graph","breadth","Success","357","357","24210","24222","0.3438","(101, 40)","(196, 278)","./example/gridmap/arena2.map","Hidden"
"graph","breadth","Success","358","358","23813","23856","0.3438","(102, 28)","(189, 269)","./example/gridmap/arena2.map","Hidden"
"graph","breadth","Success","355","355","23505","23558","0.3438","(107, 30)","(182, 270)","./example/gridmap/arena2.map","Hidden"
"graph","breadth","Success","364","364","24311","24310","0.3594","(49, 275)","(97, 23)","./example/gridmap/arena2.map","Hidden"
"graph","breadth","Success","363","363","23331","23378","0.3594","(206, 278)","(107, 40)","./example/gridmap/arena2.map","Hidden"
"graph","breadth","Success","367","367","23429","23479","0.3281","(104, 14)","(182, 223)","./example/gridmap/arena2.map","Hidden"
"graph","breadth","Success","356","356","23006","23052","0.3281","(103, 15)","(182, 260)","./example/gridmap/arena2.map","Hidden"
"graph","breadth","Success","360","360","23988","24000","0.3438","(197, 240)","(105, 20)","./example/gridmap/arena2.map","Hidden"
"graph","breadth","Success","369","369","24258","24270","0.3594","(172, 228)","(111, 4)","./example/gridmap/arena2.map","Hidden"
"graph","breadth","Success","367","367","22975","23020","0.3438","(108, 9)","(169, 219)","./example/gridmap/arena2.map","Hidden"
"graph","breadth","Success","360","360","24289","24296","0.375","(157, 224)","(111, 12)","./example/gridmap/arena2.map","Hidden"
"graph","breadth","Success","364","364","22603","22647","0.3281","(101, 1)","(162, 220)","./example/gridmap/arena2.map","Hidden"
"graph","breadth","Success","360","360","22778","22824","0.3438","(105, 8)","(188, 249)","./example/gridmap/arena2.map","Hidden"
"graph","breadth","Success","373","373","23743","23788","0.3281","(106, 16)","(187, 222)","./example/gridmap/arena2.map","Hidden"
"graph","breadth","Success","366","366","22569","22613","0.3281","(98, 15)","(173, 232)","./example/gridmap/arena2.map","Hidden"
"graph","breadth","Success","366","366","23010","23056","0.3281","(106, 8)","(186, 256)","./example/gridmap/arena2.map","Hidden"
"graph","breadth","Success","363","363","24288","24294","0.3594","(156, 220)","(112, 13)","./example/gridmap/arena2.map","Hidden"
"graph","breadth","Success","368","368","22482","22527","0.3125","(111, 14)","(177, 238)","./example/gridmap/arena2.map","Hidden"
"graph","breadth","Success","366","366","24300","24302","0.3438","(171, 234)","(97, 18)","./example/gridmap/arena2.map","Hidden"
"graph","breadth","Success","369","369","24167","24181","0.375","(104, 31)","(206, 264)","./example/gridmap/arena2.map","Hidden"
"graph","breadth","Success","366","366","24002","24013","0.3438","(199, 237)","(106, 20)","./example/gridmap/arena2.map","Hidden"
"graph","breadth","Success","365","365","24275","24286","0.3594","(184, 247)","(99, 15)","./example/gridmap/arena2.map","Hidden"
"graph","breadth","Success","376","376","24298","24301","0.3594","(167, 220)","(111, 0)","./example/gridmap/arena2.map","Hidden"
"graph","breadth","Success","368","368","23670","23718","0.3438","(102, 17)","(187, 268)","./example/gridmap/arena2.map","Hidden"
"graph","breadth","Success","372","372","24001","24028","0.3438","(106, 23)","(191, 272)","./example/gridmap/arena2.map","Hidden"
"graph","breadth","Success","365","365","23631","23682","0.3438","(103, 18)","(200, 254)","./example/gridmap/arena2.map","Hidden"
"graph","breadth","Success","373","373","24031","24053","0.3438","(105, 22)","(193, 271)","./example/gridmap/arena2.map","Hidden"
"graph","breadth","Success","365","365","24048","24058","0.375","(198, 241)","(106, 16)","./example/gridmap/arena2.map","Hidden"
"graph","breadth","Success","372","372","23596","23648","0.3438","(105, 13)","(191, 229)","./example/gridmap/arena2.map","Hidden"
"graph","breadth","Success","368","368","23840","23881","0.3281","(104, 21)","(202, 235)","./example/gridmap/arena2.map","Hidden"
"graph","breadth","Success","374","374","22794","22839","0.3281","(96, 16)","(171, 225)","./example/gridmap/arena2.map","Hidden"
"graph","breadth","Success","372","372","23509","23562","0.3594","(105, 11)","(186, 266)","./example/gridmap/arena2.map","Hidden"
"graph","breadth","Success","379","379","24134","24145","0.3594","(189, 227)","(109, 10)","./example/gridmap/arena2.map","Hidden"
"graph","breadth","Success","374","374","23857","23896","0.3594","(107, 18)","(189, 270)","./example/gridmap/arena2.map","Hidden"
"graph","breadth","Success","376","376","23818","23861","0.3281","(104, 12)","(194, 264)","./example/gridmap/arena2.map","Hidden"
"graph","breadth","Success","372","372","24086","24093","0.375","(203, 243)","(107, 13)","./example/gridmap/arena2.map","Hidden"
"graph","breadth","Success","374","374","23975","23988","0.3594","(190, 274)","(106, 22)","./example/gridmap/arena2.map","Hidden"
"graph","breadth","Success","378","378","23814","23833","0.3594","(203, 274)","(105, 30)","./example/gridmap/arena2.map","Hidden"
"graph","breadth","Success","369","369","22911","22957","0.3438","(111, 8)","(180, 260)","./example/gridmap/arena2.map","Hidden"
"graph","breadth","Success","370","370","24049","24059","0.3594","(182, 272)","(107, 17)","./example/gridmap/arena2.map","Hidden"
"graph","breadth","Success","376","376","24039","24061","0.375","(102, 18)","(201, 263)","./example/gridmap/arena2.map","Hidden"
"graph","breadth","Success","382","382","24303","24305","0.375","(105, 33)","(204, 280)","./example/gridmap/arena2.map","Hidden"
"graph","breadth","Success","387","387","23878","23916","0.3594","(107, 6)","(188, 220)","./example/gridmap/arena2.map","Hidden"
"graph","breadth","Success","385","385","24178","24195","0.3906","(184, 220)","(103, 0)","./example/gridmap/arena2.map","Hidden"
"graph","breadth","Success","379","379","24088","24108","0.3438","(107, 20)","(205, 261)","./example/gridmap/arena2.map","Hidden"
"graph","breadth","Success","383","383","24111","24120","0.3438","(196, 264)","(107, 10)","./example/gridmap/arena2.map","Hidden"
"graph","breadth","Success","377","377","23769","23813","0.3594","(103, 9)","(190, 267)","./example/gridmap/arena2.map","Hidden"
"graph","breadth","Success","374","374","23213","23263","0.3438","(101, 3)","(198, 248)","./example/gridmap/arena2.map","Hidden"
"graph","breadth","Success","376","376","23967","23997","0.3594","(106, 18)","(188, 274)","./example/gridmap/arena2.map","Hidden"
"graph","breadth","Success","381","381","23812","23855","0.3594","(109, 12)","(188, 270)","./example/gridmap/arena2.map","Hidden"
"graph","breadth","Success","380","380","24245","24258","0.3594","(188, 260)","(112, 6)","./example/gridmap/arena2.map","Hidden"
"graph","breadth","Success","391","391","23591","23643","0.3438","(111, 0)","(186, 224)","./example/gridmap/arena2.map","Hidden"
"graph","breadth","Success","386","386","24140","24157","0.3594","(107, 16)","(197, 272)","./example/gridmap/arena2.map","Hidden"
"graph","breadth","Success","377","377","24138","24150","0.3438","(204, 247)","(101, 5)","./example/gridmap/arena2.map","Hidden"
"graph","breadth","Success","386","386","24088","24094","0.3594","(200, 265)","(103, 8)","./example/gridmap/arena2.map","Hidden"
"graph","breadth","Success","387","387","24177","24194","0.3594","(191, 268)","(110, 8)","./example/gridmap/arena2.map","Hidden"
"graph","breadth","Success","378","378","23807","23850","0.3594","(107, 13)","(183, 275)","./example/gridmap/arena2.map","Hidden"
"graph","breadth","Success","376","376","23144","23191","0.3281","(100, 1)","(198, 245)","./example/gridmap/arena2.map","Hidden"
"graph","breadth","Success","378","378","24089","24097","0.375","(185, 272)","(102, 9)","./example/gridmap/arena2.map","Hidden"
"graph","breadth","Success","379","379","24229","24244","0.3438","(197, 241)","(112, 7)","./example/gridmap/arena2.map","Hidden"
"graph","breadth","Success","382","382","24067","24088","0.3438","(103, 12)","(206, 259)","./example/gridmap/arena2.map","Hidden"
"graph","breadth","Success","393","393","24276","24286","0.3594","(189, 222)","(96, 14)","./example/gridmap/arena2.map","Hidden"
"graph","breadth","Success","385","385","23892","23928","0.3594","(109, 10)","(184, 276)","./example/gridmap/arena2.map","Hidden"
"graph","breadth","Success","382","382","23091","23137","0.3281","(97, 19)","(192, 240)","./example/gridmap/arena2.map","Hidden"
"graph","breadth","Success","384","384","24304","24305","0.3594","(190, 256)","(97, 19)","./example/gridmap/arena2.map","Hidden"
"graph","breadth","Success","386","386","23981","24011","0.3438","(105, 7)","(202, 260)","./example/gridmap/arena2.map","Hidden"
"graph","breadth","Success","391","391","23430","23480","0.3594","(97, 21)","(183, 224)","./example/gridmap/arena2.map","Hidden"
"graph","breadth","Success","383","383","24160","24175","0.3438","(206, 242)","(109, 8)","./example/gridmap/arena2.map","Hidden"
"graph","breadth","Success","383","383","24131","24142","0.3594","(207, 251)","(99, 8)","./example/gridmap/arena2.map","Hidden"
"graph","breadth","Success","386","386","23815","23858","0.375","(99, 5)","(191, 267)","./example/gridmap/arena2.map","Hidden"
"graph","breadth","Success","390","390","24082","24090","0.4375","(197, 273)","(104, 10)","./example/gridmap/arena2.map","Hidden"
"graph","breadth","Success","390","390","24189","24207","0.375","(203, 258)","(97, 6)","./example/gridmap/arena2.map","Hidden"
"graph","breadth","Success","395","395","24299","24302","0.3438","(190, 268)","(112, 1)","./example/gridmap/arena2.map","Hidden"
"graph","breadth","Success","386","386","23716","23762","0.3438","(96, 10)","(184, 272)","./example/gridmap/arena2.map","Hidden"
"graph","breadth","Success","394","394","24077","24084","0.3594","(196, 279)","(106, 13)","./example/gridmap/arena2.map","Hidden"
"graph","breadth","Success","391","391","24091","24110","0.3594","(108, 10)","(187, 280)","./example/gridmap/arena2.map","Hidden"
"graph","breadth","Success","398","398","24228","24243","0.375","(197, 270)","(111, 6)","./example/gridmap/arena2.map","Hidden"
"graph","breadth","Success","385","385","24305","24306","0.375","(178, 267)","(112, 16)","./example/gridmap/arena2.map","Hidden"
"graph","breadth","Success","402","402","24284","24290","0.375","(107, 11)","(207, 273)","./example/gridmap/arena2.map","Hidden"
"graph","breadth","Success","393","393","24150","24164","0.375","(198, 268)","(101, 4)","./example/gridmap/arena2.map","Hidden"
"graph","breadth","Success","389","389","23713","23759","0.375","(112, 5)","(181, 275)","./example/gridmap/arena2.map","Hidden"
