"Framework","Strategy","Status","Cost","Depth","Nodes(exp)","Nodes(gen)","Runtime","start","goal","Problem","Solution"
"graph","depth","Success","71","71","72","177","0.0","(124, 256)","(125, 258)","./example/gridmap/arena2.map","Hidden"
"graph","depth","Success","31","31","32","78","0.0","(159, 99)","(162, 101)","./example/gridmap/arena2.map","Hidden"
"graph","depth","Success","3376","3376","19565","23386","0.2969","(130, 112)","(131, 109)","./example/gridmap/arena2.map","Hidden"
"graph","depth","Success","5","5","6","9","0.0","(94, 101)","(93, 103)","./example/gridmap/arena2.map","Hidden"
"graph","depth","Success","3","3","24306","24310","0.375","(58, 111)","(60, 110)","./example/gridmap/arena2.map","Hidden"
"graph","depth","Success","29","29","30","72","0.0","(83, 93)","(80, 95)","./example/gridmap/arena2.map","Hidden"
"graph","depth","Success","227","227","23450","23778","0.4219","(48, 262)","(46, 259)","./example/gridmap/arena2.map","Hidden"
"graph","depth","Success","97","97","407","543","0.0156","(39, 270)","(40, 268)","./example/gridmap/arena2.map","Hidden"
"graph","depth","Success","1","1","2","4","0.0","(101, 237)","(102, 237)","./example/gridmap/arena2.map","Hidden"
"graph","depth","Success","1","1","24311","24310","0.3906","(178, 274)","(178, 273)","./example/gridmap/arena2.map","Hidden"
"graph","depth","Success","39","39","42","91","0.0","(99, 102)","(104, 98)","./example/gridmap/arena2.map","Hidden"
"graph","depth","Success","4","4","5","13","0.0","(113, 69)","(117, 69)","./example/gridmap/arena2.map","Hidden"
"graph","depth","Success","247","247","2039","2407","0.0312","(138, 256)","(131, 256)","./example/gridmap/arena2.map","Hidden"
"graph","depth","Success","3351","3351","19429","23272","0.3125","(123, 118)","(126, 112)","./example/gridmap/arena2.map","Hidden"
"graph","depth","Success","195","195","196","465","0.0","(128, 141)","(129, 147)","./example/gridmap/arena2.map","Hidden"
"graph","depth","Success","3163","3163","16905","20444","0.25","(40, 140)","(44, 137)","./example/gridmap/arena2.map","Hidden"
"graph","depth","Success","119","119","120","263","0.0","(53, 239)","(50, 245)","./example/gridmap/arena2.map","Hidden"
"graph","depth","Success","162","162","163","358","0.0","(143, 164)","(143, 160)","./example/gridmap/arena2.map","Hidden"
"graph","depth","Success","20","20","21","52","0.0","(73, 170)","(69, 174)","./example/gridmap/arena2.map","Hidden"
"graph","depth","Success","255","255","1226","1596","0.0156","(123, 264)","(122, 258)","./example/gridmap/arena2.map","Hidden"
"graph","depth","Success","11","11","24290","24310","0.3906","(91, 82)","(101, 81)","./example/gridmap/arena2.map","Hidden"
"graph","depth","Success","250","250","23807","24141","0.3594","(98, 108)","(106, 116)","./example/gridmap/arena2.map","Hidden"
"graph","depth","Success","334","334","7893","8350","0.125","(139, 194)","(132, 185)","./example/gridmap/arena2.map","Hidden"
"graph","depth","Success","327","327","16568","16975","0.2656","(90, 196)","(98, 189)","./example/gridmap/arena2.map","Hidden"
"graph","depth","Success","122","122","241","384","0.0","(144, 268)","(141, 277)","./example/gridmap/arena2.map","Hidden"
"graph","depth","Success","11","11","24294","24310","0.3594","(91, 263)","(100, 263)","./example/gridmap/arena2.map","Hidden"
"graph","depth","Success","11","11","24289","24310","0.375","(87, 122)","(97, 123)","./example/gridmap/arena2.map","Hidden"
"graph","depth","Success","92","92","93","214","0.0","(136, 168)","(136, 178)","./example/gridmap/arena2.map","Hidden"
"graph","depth","Success","3112","3112","16855","20379","0.2656","(43, 150)","(51, 144)","./example/gridmap/arena2.map","Hidden"
"graph","depth","Success","3247","3247","16716","20368","0.2656","(39, 130)","(31, 133)","./example/gridmap/arena2.map","Hidden"
"graph","depth","Success","283","283","23830","24180","0.3906","(113, 192)","(106, 180)","./example/gridmap/arena2.map","Hidden"
"graph","depth","Success","159","159","160","359","0.0","(166, 221)","(153, 227)","./example/gridmap/arena2.map","Hidden"
"graph","depth","Success","2974","2974","16632","19998","0.2812","(49, 161)","(45, 147)","./example/gridmap/arena2.map","Hidden"
"graph","depth","Success","80","80","81","203","0.0","(74, 270)","(60, 274)","./example/gridmap/arena2.map","Hidden"
"graph","depth","Success","3022","3022","12216","15668","0.2031","(157, 126)","(170, 121)","./example/gridmap/arena2.map","Hidden"
"graph","depth","Success","81","81","82","235","0.0","(95, 202)","(82, 206)","./example/gridmap/arena2.map","Hidden"
"graph","depth","Success","3787","3787","4135","8352","0.0781","(132, 183)","(128, 196)","./example/gridmap/arena2.map","Hidden"
"graph","depth","Success","142","142","143","310","0.0","(167, 121)","(169, 133)","./example/gridmap/arena2.map","Hidden"
"graph","depth","Success","364","364","23893","24308","0.375","(164, 90)","(165, 105)","./example/gridmap/arena2.map","Hidden"
"graph","depth","Success","151","151","154","325","0.0","(189, 256)","(196, 266)","./example/gridmap/arena2.map","Hidden"
"graph","depth","Success","2936","2936","15067","18366","0.2656","(49, 129)","(36, 138)","./example/gridmap/arena2.map","Hidden"
"graph","depth","Success","30","30","31","82","0.0","(154, 254)","(136, 256)","./example/gridmap/arena2.map","Hidden"
"graph","depth","Success","266","266","268","584","0.0156","(50, 95)","(38, 107)","./example/gridmap/arena2.map","Hidden"
"graph","depth","Success","188","188","23988","24234","0.4062","(72, 161)","(78, 175)","./example/gridmap/arena2.map","Hidden"
"graph","depth","Success","947","947","23023","24127","0.375","(92, 117)","(94, 136)","./example/gridmap/arena2.map","Hidden"
"graph","depth","Success","773","773","1999","2901","0.0469","(67, 264)","(81, 251)","./example/gridmap/arena2.map","Hidden"
"graph","depth","Success","219","219","733","1019","0.0","(18, 128)","(13, 114)","./example/gridmap/arena2.map","Hidden"
"graph","depth","Success","287","287","293","631","0.0156","(135, 167)","(139, 184)","./example/gridmap/arena2.map","Hidden"
"graph","depth","Success","3606","3606","16716","20698","0.2812","(95, 82)","(102, 99)","./example/gridmap/arena2.map","Hidden"
"graph","depth","Success","3292","3292","18789","22483","0.2812","(67, 128)","(77, 116)","./example/gridmap/arena2.map","Hidden"
"graph","depth","Success","168","168","171","364","0.0","(149, 169)","(131, 183)","./example/gridmap/arena2.map","Hidden"
"graph","depth","Success","344","344","8234","8660","0.125","(75, 172)","(79, 194)","./example/gridmap/arena2.map","Hidden"
"graph","depth","Success","2924","2924","12076","15432","0.2188","(154, 167)","(137, 156)","./example/gridmap/arena2.map","Hidden"
"graph","depth","Success","3812","3812","18009","22218","0.2812","(122, 200)","(117, 179)","./example/gridmap/arena2.map","Hidden"
"graph","depth","Success","2721","2721","12868","15982","0.2188","(150, 105)","(153, 83)","./example/gridmap/arena2.map","Hidden"
"graph","depth","Success","3494","3494","19377","23303","0.3281","(124, 179)","(114, 161)","./example/gridmap/arena2.map","Hidden"
"graph","depth","Success","2851","2851","12043","15310","0.2031","(159, 156)","(151, 139)","./example/gridmap/arena2.map","Hidden"
"graph","depth","Success","427","427","2362","2922","0.0312","(105, 84)","(85, 77)","./example/gridmap/arena2.map","Hidden"
"graph","depth","Success","307","307","23919","24284","0.375","(41, 95)","(58, 105)","./example/gridmap/arena2.map","Hidden"
"graph","depth","Success","619","619","2618","3351","0.0469","(65, 238)","(74, 258)","./example/gridmap/arena2.map","Hidden"
"graph","depth","Success","663","663","23547","24268","0.3594","(88, 172)","(104, 153)","./example/gridmap/arena2.map","Hidden"
"graph","depth","Success","159","159","161","339","0.0","(207, 257)","(186, 267)","./example/gridmap/arena2.map","Hidden"
"graph","depth","Success","3658","3658","11811","15892","0.2031","(96, 190)","(119, 181)","./example/gridmap/arena2.map","Hidden"
"graph","depth","Success","24","24","25","73","0.0","(140, 95)","(164, 95)","./example/gridmap/arena2.map","Hidden"
"graph","depth","Success","3657","3657","12808","16903","0.1875","(94, 70)","(87, 92)","./example/gridmap/arena2.map","Hidden"
"graph","depth","Success","3542","3542","14397","18387","0.2344","(121, 96)","(122, 69)","./example/gridmap/arena2.map","Hidden"
"graph","depth","Success","209","209","213","474","0.0","(104, 62)","(126, 75)","./example/gridmap/arena2.map","Hidden"
"graph","depth","Success","851","851","1929","2901","0.0469","(82, 262)","(79, 238)","./example/gridmap/arena2.map","Hidden"
"graph","depth","Success","3818","3818","18233","22490","0.2969","(88, 202)","(96, 178)","./example/gridmap/arena2.map","Hidden"
"graph","depth","Success","355","355","415","837","0.0156","(147, 96)","(163, 117)","./example/gridmap/arena2.map","Hidden"
"graph","depth","Success","2830","2830","20680","23873","0.3281","(70, 135)","(68, 107)","./example/gridmap/arena2.map","Hidden"
"graph","depth","Success","282","282","307","587","0.0","(101, 245)","(95, 219)","./example/gridmap/arena2.map","Hidden"
"graph","depth","Success","563","563","23542","24232","0.5156","(138, 265)","(114, 254)","./example/gridmap/arena2.map","Hidden"
"graph","depth","Success","31","31","24257","24310","0.6562","(73, 123)","(102, 123)","./example/gridmap/arena2.map","Hidden"
"graph","depth","Success","2793","2793","16278","19421","0.4062","(38, 135)","(35, 105)","./example/gridmap/arena2.map","Hidden"
"graph","depth","Success","258","258","8253","8578","0.1719","(100, 177)","(81, 182)","./example/gridmap/arena2.map","Hidden"
"graph","depth","Success","270","270","301","634","0.0","(102, 192)","(75, 199)","./example/gridmap/arena2.map","Hidden"
"graph","depth","Success","438","438","503","1004","0.0156","(105, 141)","(126, 158)","./example/gridmap/arena2.map","Hidden"
"graph","depth","Success","297","297","6917","7278","0.1406","(100, 226)","(110, 201)","./example/gridmap/arena2.map","Hidden"
"graph","depth","Success","257","257","317","643","0.0","(129, 191)","(104, 199)","./example/gridmap/arena2.map","Hidden"
"graph","depth","Success","1078","1078","22445","23690","0.4219","(103, 103)","(102, 136)","./example/gridmap/arena2.map","Hidden"
"graph","depth","Success","550","550","23681","24284","0.3906","(179, 276)","(175, 242)","./example/gridmap/arena2.map","Hidden"
"graph","depth","Success","3429","3429","19144","22991","0.3281","(114, 151)","(88, 136)","./example/gridmap/arena2.map","Hidden"
"graph","depth","Success","3816","3816","13208","17509","0.2031","(115, 85)","(104, 56)","./example/gridmap/arena2.map","Hidden"
"graph","depth","Success","2800","2800","16429","19611","0.2656","(60, 171)","(36, 145)","./example/gridmap/arena2.map","Hidden"
"graph","depth","Success","346","346","7509","7918","0.125","(116, 192)","(87, 207)","./example/gridmap/arena2.map","Hidden"
"graph","depth","Success","438","438","439","938","0.0156","(102, 184)","(130, 198)","./example/gridmap/arena2.map","Hidden"
"graph","depth","Success","3311","3311","9423","13117","0.1406","(82, 197)","(62, 172)","./example/gridmap/arena2.map","Hidden"
"graph","depth","Success","190","190","23968","24233","0.4062","(82, 99)","(56, 113)","./example/gridmap/arena2.map","Hidden"
"graph","depth","Success","859","859","22733","23754","0.375","(70, 277)","(45, 253)","./example/gridmap/arena2.map","Hidden"
"graph","depth","Success","2708","2708","16165","19235","0.2656","(53, 146)","(61, 112)","./example/gridmap/arena2.map","Hidden"
"graph","depth","Success","821","821","9180","10158","0.1406","(123, 183)","(123, 144)","./example/gridmap/arena2.map","Hidden"
"graph","depth","Success","2693","2693","14210","17249","0.2344","(136, 165)","(166, 142)","./example/gridmap/arena2.map","Hidden"
"graph","depth","Success","4083","4083","17076","21633","0.25","(104, 66)","(100, 101)","./example/gridmap/arena2.map","Hidden"
"graph","depth","Success","3294","3294","19777","23456","0.3281","(120, 106)","(100, 84)","./example/gridmap/arena2.map","Hidden"
"graph","depth","Success","60","60","23153","23253","0.3906","(120, 65)","(85, 70)","./example/gridmap/arena2.map","Hidden"
"graph","depth","Success","619","619","22994","23749","0.3594","(107, 93)","(108, 129)","./example/gridmap/arena2.map","Hidden"
"graph","depth","Success","554","554","23673","24298","0.3906","(41, 148)","(37, 110)","./example/gridmap/arena2.map","Hidden"
"graph","depth","Success","556","556","23616","24248","0.3438","(170, 92)","(150, 120)","./example/gridmap/arena2.map","Hidden"
"graph","depth","Success","873","873","922","1949","0.0156","(73, 128)","(88, 160)","./example/gridmap/arena2.map","Hidden"
"graph","depth","Success","341","341","396","799","0.0","(77, 101)","(49, 124)","./example/gridmap/arena2.map","Hidden"
"graph","depth","Success","2443","2443","18475","21230","0.4062","(124, 162)","(109, 126)","./example/gridmap/arena2.map","Hidden"
"graph","depth","Success","1037","1037","1041","2269","0.0312","(99, 119)","(129, 150)","./example/gridmap/arena2.map","Hidden"
"graph","depth","Success","278","278","23965","24248","0.4688","(13, 94)","(25, 128)","./example/gridmap/arena2.map","Hidden"
"graph","depth","Success","532","532","7920","8521","0.1562","(64, 178)","(99, 199)","./example/gridmap/arena2.map","Hidden"
"graph","depth","Success","64","64","24192","24310","0.3906","(135, 139)","(93, 143)","./example/gridmap/arena2.map","Hidden"
"graph","depth","Success","613","613","22911","23572","0.3594","(167, 234)","(194, 266)","./example/gridmap/arena2.map","Hidden"
"graph","depth","Success","3477","3477","11949","15903","0.1875","(105, 101)","(79, 94)","./example/gridmap/arena2.map","Hidden"
"graph","depth","Success","518","518","522","1109","0.0","(150, 118)","(144, 158)","./example/gridmap/arena2.map","Hidden"
"graph","depth","Success","224","224","24018","24310","0.3906","(95, 140)","(134, 147)","./example/gridmap/arena2.map","Hidden"
"graph","depth","Success","4202","4202","17185","21850","0.2969","(97, 97)","(106, 56)","./example/gridmap/arena2.map","Hidden"
"graph","depth","Success","3823","3823","12678","16957","0.25","(79, 163)","(95, 182)","./example/gridmap/arena2.map","Hidden"
"graph","depth","Success","2722","2722","16178","19260","0.2656","(61, 151)","(44, 114)","./example/gridmap/arena2.map","Hidden"
"graph","depth","Success","2762","2762","18213","21357","0.2812","(119, 149)","(86, 118)","./example/gridmap/arena2.map","Hidden"
"graph","depth","Success","3239","3239","16548","20160","0.25","(75, 91)","(112, 99)","./example/gridmap/arena2.map","Hidden"
"graph","depth","Success","497","497","23651","24198","0.3594","(151, 115)","(162, 155)","./example/gridmap/arena2.map","Hidden"
"graph","depth","Success","3171","3171","19012","22646","0.2969","(110, 118)","(93, 82)","./example/gridmap/arena2.map","Hidden"
"graph","depth","Success","2576","2576","20618","23507","0.3125","(90, 155)","(116, 119)","./example/gridmap/arena2.map","Hidden"
"graph","depth","Success","2865","2865","20501","23693","0.3125","(103, 166)","(67, 143)","./example/gridmap/arena2.map","Hidden"
"graph","depth","Success","2473","2473","13204","16065","0.2188","(159, 134)","(175, 95)","./example/gridmap/arena2.map","Hidden"
"graph","depth","Success","3578","3578","13227","17235","0.2031","(121, 60)","(88, 97)","./example/gridmap/arena2.map","Hidden"
"graph","depth","Success","128","128","24110","24310","0.3594","(122, 145)","(73, 152)","./example/gridmap/arena2.map","Hidden"
"graph","depth","Success","475","475","535","1081","0.0","(76, 184)","(118, 201)","./example/gridmap/arena2.map","Hidden"
"graph","depth","Success","461","461","2268","2841","0.0312","(136, 251)","(88, 260)","./example/gridmap/arena2.map","Hidden"
"graph","depth","Success","681","681","687","1435","0.0","(146, 125)","(152, 174)","./example/gridmap/arena2.map","Hidden"
"graph","depth","Success","2860","2860","19527","22749","0.3125","(43, 102)","(84, 85)","./example/gridmap/arena2.map","Hidden"
"graph","depth","Success","413","413","23749","24275","0.375","(57, 78)","(101, 67)","./example/gridmap/arena2.map","Hidden"
"graph","depth","Success","449","449","22652","23231","0.3438","(147, 78)","(102, 66)","./example/gridmap/arena2.map","Hidden"
"graph","depth","Success","2894","2894","17803","21073","0.2656","(17, 130)","(60, 109)","./example/gridmap/arena2.map","Hidden"
"graph","depth","Success","844","844","22763","23731","0.4688","(107, 103)","(71, 137)","./example/gridmap/arena2.map","Hidden"
"graph","depth","Success","3786","3786","16756","21012","0.2812","(109, 114)","(121, 66)","./example/gridmap/arena2.map","Hidden"
"graph","depth","Success","321","321","23378","23767","0.4375","(119, 161)","(90, 191)","./example/gridmap/arena2.map","Hidden"
"graph","depth","Success","3284","3284","19472","23149","0.3281","(131, 150)","(78, 143)","./example/gridmap/arena2.map","Hidden"
"graph","depth","Success","2645","2645","20931","23875","0.3594","(112, 126)","(120, 93)","./example/gridmap/arena2.map","Hidden"
"graph","depth","Success","475","475","23562","24104","0.3906","(98, 97)","(139, 125)","./example/gridmap/arena2.map","Hidden"
"graph","depth","Success","763","763","23426","24258","0.3438","(159, 167)","(157, 112)","./example/gridmap/arena2.map","Hidden"
"graph","depth","Success","3722","3722","15702","19868","0.3438","(118, 102)","(84, 100)","./example/gridmap/arena2.map","Hidden"
"graph","depth","Success","1260","1260","22160","23585","0.4219","(74, 128)","(84, 178)","./example/gridmap/arena2.map","Hidden"
"graph","depth","Success","2672","2672","17635","20695","0.2969","(55, 119)","(88, 82)","./example/gridmap/arena2.map","Hidden"
"graph","depth","Success","2586","2586","20761","23697","0.3125","(101, 166)","(138, 129)","./example/gridmap/arena2.map","Hidden"
"graph","depth","Success","2422","2422","13246","16072","0.2031","(163, 137)","(135, 93)","./example/gridmap/arena2.map","Hidden"
"graph","depth","Success","291","291","23871","24233","0.3594","(93, 95)","(42, 113)","./example/gridmap/arena2.map","Hidden"
"graph","depth","Success","1182","1182","1247","2576","0.0156","(116, 60)","(148, 106)","./example/gridmap/arena2.map","Hidden"
"graph","depth","Success","562","562","8253","8912","0.125","(92, 159)","(122, 195)","./example/gridmap/arena2.map","Hidden"
"graph","depth","Success","1145","1145","21939","23223","0.3438","(146, 102)","(105, 64)","./example/gridmap/arena2.map","Hidden"
"graph","depth","Success","3162","3162","14426","17907","0.2344","(109, 198)","(154, 171)","./example/gridmap/arena2.map","Hidden"
"graph","depth","Success","3417","3417","10370","14121","0.1719","(71, 198)","(94, 152)","./example/gridmap/arena2.map","Hidden"
"graph","depth","Success","301","301","23940","24310","0.3281","(132, 112)","(80, 127)","./example/gridmap/arena2.map","Hidden"
"graph","depth","Success","3319","3319","16547","20238","0.25","(62, 89)","(103, 103)","./example/gridmap/arena2.map","Hidden"
"graph","depth","Success","3951","3951","17501","21923","0.2812","(117, 107)","(93, 66)","./example/gridmap/arena2.map","Hidden"
"graph","depth","Success","651","651","23367","24111","0.3906","(137, 150)","(111, 183)","./example/gridmap/arena2.map","Hidden"
"graph","depth","Success","315","315","5772","6115","0.0938","(67, 243)","(102, 227)","./example/gridmap/arena2.map","Hidden"
"graph","depth","Success","2680","2680","11827","14824","0.1875","(115, 92)","(65, 100)","./example/gridmap/arena2.map","Hidden"
"graph","depth","Success","482","482","23100","23725","0.3438","(117, 260)","(65, 278)","./example/gridmap/arena2.map","Hidden"
"graph","depth","Success","3405","3405","14131","17906","0.2344","(103, 208)","(140, 168)","./example/gridmap/arena2.map","Hidden"
"graph","depth","Success","3337","3337","18853","22593","0.2812","(82, 143)","(140, 134)","./example/gridmap/arena2.map","Hidden"
"graph","depth","Success","3538","3538","11933","15914","0.1875","(70, 184)","(125, 179)","./example/gridmap/arena2.map","Hidden"
"graph","depth","Success","2851","2851","16393","19609","0.25","(59, 105)","(110, 93)","./example/gridmap/arena2.map","Hidden"
"graph","depth","Success","3276","3276","16157","19856","0.2344","(84, 96)","(127, 111)","./example/gridmap/arena2.map","Hidden"
"graph","depth","Success","3930","3930","12898","17299","0.2188","(52, 154)","(84, 176)","./example/gridmap/arena2.map","Hidden"
"graph","depth","Success","3632","3632","12125","16223","0.1875","(89, 145)","(77, 171)","./example/gridmap/arena2.map","Hidden"
"graph","depth","Success","853","853","907","1842","0.0156","(116, 139)","(78, 188)","./example/gridmap/arena2.map","Hidden"
"graph","depth","Success","847","847","20160","21163","0.2969","(61, 269)","(121, 250)","./example/gridmap/arena2.map","Hidden"
"graph","depth","Success","3435","3435","15486","19412","0.25","(115, 119)","(78, 101)","./example/gridmap/arena2.map","Hidden"
"graph","depth","Success","3070","3070","13232","16683","0.2031","(97, 77)","(44, 104)","./example/gridmap/arena2.map","Hidden"
"graph","depth","Success","2991","2991","19487","22828","0.3125","(109, 98)","(159, 99)","./example/gridmap/arena2.map","Hidden"
"graph","depth","Success","2362","2362","11506","14255","0.1719","(136, 187)","(168, 133)","./example/gridmap/arena2.map","Hidden"
"graph","depth","Success","486","486","23492","24018","0.3594","(85, 72)","(106, 17)","./example/gridmap/arena2.map","Hidden"
"graph","depth","Success","3568","3568","18940","22891","0.3125","(34, 95)","(90, 69)","./example/gridmap/arena2.map","Hidden"
"graph","depth","Success","545","545","23352","23950","0.4219","(75, 74)","(104, 30)","./example/gridmap/arena2.map","Hidden"
"graph","depth","Success","1049","1049","1103","2316","0.0156","(100, 138)","(73, 194)","./example/gridmap/arena2.map","Hidden"
"graph","depth","Success","3568","3568","18384","22334","0.2969","(62, 105)","(105, 54)","./example/gridmap/arena2.map","Hidden"
"graph","depth","Success","1191","1191","19960","21350","0.3281","(105, 86)","(73, 141)","./example/gridmap/arena2.map","Hidden"
"graph","depth","Success","588","588","8269","8961","0.1406","(158, 165)","(99, 196)","./example/gridmap/arena2.map","Hidden"
"graph","depth","Success","879","879","2924","3905","0.0469","(110, 205)","(84, 258)","./example/gridmap/arena2.map","Hidden"
"graph","depth","Success","2560","2560","18221","21139","0.2969","(42, 133)","(89, 96)","./example/gridmap/arena2.map","Hidden"
"graph","depth","Success","1002","1002","22189","23294","0.3594","(131, 263)","(102, 212)","./example/gridmap/arena2.map","Hidden"
"graph","depth","Success","2093","2093","15843","18224","0.25","(139, 159)","(146, 95)","./example/gridmap/arena2.map","Hidden"
"graph","depth","Success","3263","3263","4342","8024","0.0625","(54, 181)","(117, 195)","./example/gridmap/arena2.map","Hidden"
"graph","depth","Success","784","784","9505","10454","0.1406","(120, 152)","(132, 162)","./example/gridmap/arena2.map","Hidden"
"graph","depth","Success","3621","3621","12959","17077","0.2188","(69, 179)","(69, 152)","./example/gridmap/arena2.map","Hidden"
"graph","depth","Success","2852","2852","13390","16626","0.2188","(116, 199)","(128, 131)","./example/gridmap/arena2.map","Hidden"
"graph","depth","Success","313","313","23315","23777","0.4062","(132, 260)","(61, 272)","./example/gridmap/arena2.map","Hidden"
"graph","depth","Success","3155","3155","10132","13601","0.1719","(86, 206)","(78, 137)","./example/gridmap/arena2.map","Hidden"
"graph","depth","Success","3399","3399","17817","21678","0.2969","(133, 161)","(121, 150)","./example/gridmap/arena2.map","Hidden"
"graph","depth","Success","2819","2819","17566","20746","0.2812","(118, 132)","(111, 176)","./example/gridmap/arena2.map","Hidden"
"graph","depth","Success","999","999","8501","9646","0.125","(138, 149)","(101, 199)","./example/gridmap/arena2.map","Hidden"
"graph","depth","Success","2777","2777","3611","6772","0.0625","(70, 131)","(77, 193)","./example/gridmap/arena2.map","Hidden"
"graph","depth","Success","614","614","23530","24310","0.3906","(128, 253)","(87, 204)","./example/gridmap/arena2.map","Hidden"
"graph","depth","Success","3828","3828","16718","20934","0.2344","(80, 77)","(69, 106)","./example/gridmap/arena2.map","Hidden"
"graph","depth","Success","292","292","296","636","0.0","(10, 96)","(63, 127)","./example/gridmap/arena2.map","Hidden"
"graph","depth","Success","1739","1739","22310","24287","0.3594","(102, 131)","(117, 59)","./example/gridmap/arena2.map","Hidden"
"graph","depth","Success","1268","1268","20632","22065","0.3281","(143, 78)","(168, 145)","./example/gridmap/arena2.map","Hidden"
"graph","depth","Success","2045","2045","10957","13204","0.1719","(86, 171)","(106, 100)","./example/gridmap/arena2.map","Hidden"
"graph","depth","Success","3072","3072","17202","20641","0.2969","(108, 163)","(78, 157)","./example/gridmap/arena2.map","Hidden"
"graph","depth","Success","3451","3451","15161","19127","0.2344","(127, 147)","(136, 161)","./example/gridmap/arena2.map","Hidden"
"graph","depth","Success","3155","3155","14687","18295","0.2344","(130, 99)","(86, 128)","./example/gridmap/arena2.map","Hidden"
"graph","depth","Success","1168","1168","2547","3884","0.0469","(181, 266)","(134, 275)","./example/gridmap/arena2.map","Hidden"
"graph","depth","Success","328","328","5178","5609","0.0781","(115, 253)","(40, 250)","./example/gridmap/arena2.map","Hidden"
"graph","depth","Success","339","339","4975","5430","0.0781","(81, 254)","(155, 249)","./example/gridmap/arena2.map","Hidden"
"graph","depth","Success","2574","2574","18055","20938","0.2969","(130, 86)","(91, 139)","./example/gridmap/arena2.map","Hidden"
"graph","depth","Success","1230","1230","1240","2576","0.0312","(45, 131)","(74, 200)","./example/gridmap/arena2.map","Hidden"
"graph","depth","Success","1080","1080","1087","2355","0.0312","(105, 51)","(168, 96)","./example/gridmap/arena2.map","Hidden"
"graph","depth","Success","2579","2579","10885","13837","0.1875","(79, 175)","(83, 128)","./example/gridmap/arena2.map","Hidden"
"graph","depth","Success","3469","3469","18572","22478","0.2969","(81, 110)","(146, 80)","./example/gridmap/arena2.map","Hidden"
"graph","depth","Success","731","731","4439","5369","0.0625","(190, 228)","(121, 258)","./example/gridmap/arena2.map","Hidden"
"graph","depth","Success","1134","1134","20544","21918","0.3594","(104, 131)","(67, 90)","./example/gridmap/arena2.map","Hidden"
"graph","depth","Success","2095","2095","21356","23718","0.3438","(49, 156)","(73, 85)","./example/gridmap/arena2.map","Hidden"
"graph","depth","Success","2636","2636","20876","23828","0.3281","(71, 130)","(129, 84)","./example/gridmap/arena2.map","Hidden"
"graph","depth","Success","3804","3804","4305","8574","0.0781","(90, 220)","(122, 150)","./example/gridmap/arena2.map","Hidden"
"graph","depth","Success","2373","2373","17031","19670","0.2812","(142, 190)","(113, 126)","./example/gridmap/arena2.map","Hidden"
"graph","depth","Success","3732","3732","12454","16668","0.1875","(66, 146)","(61, 177)","./example/gridmap/arena2.map","Hidden"
"graph","depth","Success","3860","3860","15599","19990","0.25","(78, 90)","(67, 129)","./example/gridmap/arena2.map","Hidden"
"graph","depth","Success","456","456","4001","4611","0.0625","(184, 237)","(104, 251)","./example/gridmap/arena2.map","Hidden"
"graph","depth","Success","2164","2164","14316","16787","0.2656","(85, 86)","(87, 154)","./example/gridmap/arena2.map","Hidden"
"graph","depth","Success","2927","2927","17727","21078","0.2812","(152, 168)","(113, 142)","./example/gridmap/arena2.map","Hidden"
"graph","depth","Success","2738","2738","20526","23604","0.3125","(10, 135)","(56, 79)","./example/gridmap/arena2.map","Hidden"
"graph","depth","Success","3264","3264","20101","23692","0.2969","(90, 171)","(142, 163)","./example/gridmap/arena2.map","Hidden"
"graph","depth","Success","2422","2422","18520","21268","0.2656","(45, 134)","(101, 82)","./example/gridmap/arena2.map","Hidden"
"graph","depth","Success","857","857","3661","4682","0.0469","(75, 256)","(123, 201)","./example/gridmap/arena2.map","Hidden"
"graph","depth","Success","3338","3338","18876","22539","0.2969","(92, 187)","(171, 166)","./example/gridmap/arena2.map","Hidden"
"graph","depth","Success","2854","2854","20561","23707","0.3281","(104, 182)","(148, 134)","./example/gridmap/arena2.map","Hidden"
"graph","depth","Success","1209","1209","1937","3254","0.0312","(94, 209)","(62, 266)","./example/gridmap/arena2.map","Hidden"
"graph","depth","Success","655","655","1734","2505","0.0312","(53, 249)","(136, 263)","./example/gridmap/arena2.map","Hidden"
"graph","depth","Success","898","898","5509","6576","0.0938","(63, 257)","(84, 210)","./example/gridmap/arena2.map","Hidden"
"graph","depth","Success","2145","2145","17440","19869","0.2656","(110, 165)","(118, 78)","./example/gridmap/arena2.map","Hidden"
"graph","depth","Success","2530","2530","17993","20913","0.2812","(136, 131)","(77, 188)","./example/gridmap/arena2.map","Hidden"
"graph","depth","Success","3740","3740","13255","17383","0.2188","(174, 97)","(110, 49)","./example/gridmap/arena2.map","Hidden"
"graph","depth","Success","3055","3055","15148","18574","0.2344","(165, 97)","(119, 112)","./example/gridmap/arena2.map","Hidden"
"graph","depth","Success","1512","1512","1578","3276","0.0312","(112, 63)","(160, 133)","./example/gridmap/arena2.map","Hidden"
"graph","depth","Success","949","949","21318","22394","0.3438","(67, 119)","(67, 78)","./example/gridmap/arena2.map","Hidden"
"graph","depth","Success","2877","2877","13358","16649","0.2188","(70, 185)","(138, 138)","./example/gridmap/arena2.map","Hidden"
"graph","depth","Success","2723","2723","7669","10713","0.125","(103, 196)","(167, 141)","./example/gridmap/arena2.map","Hidden"
"graph","depth","Success","3374","3374","15604","19380","0.2344","(99, 222)","(38, 155)","./example/gridmap/arena2.map","Hidden"
"graph","depth","Success","2679","2679","11198","14224","0.1719","(123, 74)","(175, 145)","./example/gridmap/arena2.map","Hidden"
"graph","depth","Success","1462","1462","1565","3134","0.0312","(92, 212)","(59, 277)","./example/gridmap/arena2.map","Hidden"
"graph","depth","Success","4930","4930","5661","11080","0.0938","(96, 181)","(126, 255)","./example/gridmap/arena2.map","Hidden"
"graph","depth","Success","2026","2026","15167","17493","0.2344","(119, 158)","(84, 87)","./example/gridmap/arena2.map","Hidden"
"graph","depth","Success","1680","1680","10624","12501","0.1562","(108, 165)","(123, 92)","./example/gridmap/arena2.map","Hidden"
"graph","depth","Success","922","922","22885","24023","0.3281","(59, 129)","(116, 92)","./example/gridmap/arena2.map","Hidden"
"graph","depth","Success","2721","2721","11072","14118","0.1719","(101, 72)","(45, 143)","./example/gridmap/arena2.map","Hidden"
"graph","depth","Success","3020","3020","20295","23633","0.3125","(51, 137)","(97, 59)","./example/gridmap/arena2.map","Hidden"
"graph","depth","Success","1413","1413","1551","3081","0.0156","(62, 147)","(98, 228)","./example/gridmap/arena2.map","Hidden"
"graph","depth","Success","1689","1689","2835","4667","0.0469","(115, 174)","(122, 262)","./example/gridmap/arena2.map","Hidden"
"graph","depth","Success","853","853","20095","21178","0.2969","(139, 252)","(131, 193)","./example/gridmap/arena2.map","Hidden"
"graph","depth","Success","432","432","23544","24068","0.375","(65, 176)","(136, 163)","./example/gridmap/arena2.map","Hidden"
"graph","depth","Success","1845","1845","10931","13101","0.1562","(130, 175)","(155, 87)","./example/gridmap/arena2.map","Hidden"
"graph","depth","Success","2110","2110","19356","21700","0.2969","(124, 78)","(109, 167)","./example/gridmap/arena2.map","Hidden"
"graph","depth","Success","2955","2955","11735","15071","0.2188","(170, 98)","(79, 82)","./example/gridmap/arena2.map","Hidden"
"graph","depth","Success","3898","3898","12819","17201","0.2188","(123, 136)","(62, 171)","./example/gridmap/arena2.map","Hidden"
"graph","depth","Success","4983","4983","7822","13363","0.125","(85, 261)","(121, 178)","./example/gridmap/arena2.map","Hidden"
"graph","depth","Success","1284","1284","7747","9135","0.125","(51, 159)","(108, 238)","./example/gridmap/arena2.map","Hidden"
"graph","depth","Success","858","858","23105","24057","0.3594","(55, 78)","(104, 13)","./example/gridmap/arena2.map","Hidden"
"graph","depth","Success","787","787","8635","9588","0.1406","(132, 192)","(52, 153)","./example/gridmap/arena2.map","Hidden"
"graph","depth","Success","2023","2023","19502","21757","0.3125","(106, 78)","(96, 175)","./example/gridmap/arena2.map","Hidden"
"graph","depth","Success","3086","3086","18349","21759","0.3125","(159, 75)","(113, 133)","./example/gridmap/arena2.map","Hidden"
"graph","depth","Success","1597","1597","7935","9693","0.125","(94, 144)","(109, 240)","./example/gridmap/arena2.map","Hidden"
"graph","depth","Success","417","417","23415","23917","0.3594","(107, 251)","(194, 267)","./example/gridmap/arena2.map","Hidden"
"graph","depth","Success","793","793","4151","5032","0.0625","(122, 205)","(152, 240)","./example/gridmap/arena2.map","Hidden"
"graph","depth","Success","4330","4330","16662","21480","0.2656","(124, 101)","(99, 162)","./example/gridmap/arena2.map","Hidden"
"graph","depth","Success","4966","4966","7508","13034","0.125","(78, 263)","(96, 179)","./example/gridmap/arena2.map","Hidden"
"graph","depth","Success","3725","3725","15516","19731","0.2344","(133, 111)","(55, 110)","./example/gridmap/arena2.map","Hidden"
"graph","depth","Success","1286","1286","1335","2874","0.0312","(151, 100)","(75, 128)","./example/gridmap/arena2.map","Hidden"
"graph","depth","Success","1230","1230","1339","2704","0.0312","(157, 139)","(94, 208)","./example/gridmap/arena2.map","Hidden"
"graph","depth","Success","3633","3633","15924","20058","0.2969","(156, 95)","(134, 128)","./example/gridmap/arena2.map","Hidden"
"graph","depth","Success","3777","3777","18444","22711","0.3438","(153, 155)","(81, 166)","./example/gridmap/arena2.map","Hidden"
"graph","depth","Success","2621","2621","17754","20784","0.2812","(131, 147)","(74, 159)","./example/gridmap/arena2.map","Hidden"
"graph","depth","Success","2607","2607","15170","18084","0.2344","(96, 60)","(116, 159)","./example/gridmap/arena2.map","Hidden"
"graph","depth","Success","4172","4172","14432","19142","0.2344","(111, 94)","(30, 133)","./example/gridmap/arena2.map","Hidden"
"graph","depth","Success","2580","2580","20167","23067","0.3125","(157, 134)","(114, 107)","./example/gridmap/arena2.map","Hidden"
"graph","depth","Success","1077","1077","19917","21156","0.2969","(45, 267)","(113, 208)","./example/gridmap/arena2.map","Hidden"
"graph","depth","Success","2909","2909","20622","23822","0.2656","(96, 178)","(168, 139)","./example/gridmap/arena2.map","Hidden"
"graph","depth","Success","1581","1581","21739","23600","0.3594","(121, 257)","(146, 173)","./example/gridmap/arena2.map","Hidden"
"graph","depth","Success","2240","2240","9370","11870","0.1562","(115, 106)","(92, 205)","./example/gridmap/arena2.map","Hidden"
"graph","depth","Success","817","817","4185","5135","0.0781","(86, 199)","(154, 242)","./example/gridmap/arena2.map","Hidden"
"graph","depth","Success","4399","4399","13649","18605","0.2031","(53, 115)","(90, 169)","./example/gridmap/arena2.map","Hidden"
"graph","depth","Success","1010","1010","22227","23309","0.3438","(111, 206)","(151, 228)","./example/gridmap/arena2.map","Hidden"
"graph","depth","Success","2357","2357","10581","13244","0.1719","(108, 97)","(167, 149)","./example/gridmap/arena2.map","Hidden"
"graph","depth","Success","279","279","23949","24293","0.3594","(100, 231)","(191, 249)","./example/gridmap/arena2.map","Hidden"
"graph","depth","Success","1163","1163","9853","11180","0.1562","(135, 138)","(172, 166)","./example/gridmap/arena2.map","Hidden"
"graph","depth","Success","1572","1572","1659","3420","0.0312","(110, 166)","(85, 257)","./example/gridmap/arena2.map","Hidden"
"graph","depth","Success","2192","2192","10786","13229","0.1719","(164, 128)","(77, 95)","./example/gridmap/arena2.map","Hidden"
"graph","depth","Success","2759","2759","11702","14771","0.1875","(93, 170)","(63, 109)","./example/gridmap/arena2.map","Hidden"
"graph","depth","Success","2677","2677","18855","21809","0.2969","(109, 179)","(162, 119)","./example/gridmap/arena2.map","Hidden"
"graph","depth","Success","1527","1527","1811","3542","0.0312","(52, 119)","(106, 206)","./example/gridmap/arena2.map","Hidden"
"graph","depth","Success","2010","2010","12864","15217","0.1875","(109, 84)","(135, 166)","./example/gridmap/arena2.map","Hidden"
"graph","depth","Success","2919","2919","11267","14594","0.1562","(44, 162)","(99, 132)","./example/gridmap/arena2.map","Hidden"
"graph","depth","Success","3352","3352","19448","23273","0.2969","(150, 144)","(139, 141)","./example/gridmap/arena2.map","Hidden"
"graph","depth","Success","1564","1564","10333","12129","0.1562","(81, 134)","(143, 158)","./example/gridmap/arena2.map","Hidden"
"graph","depth","Success","2789","2789","15720","18806","0.2344","(82, 160)","(93, 56)","./example/gridmap/arena2.map","Hidden"
"graph","depth","Success","3073","3073","15123","18562","0.2188","(148, 150)","(100, 51)","./example/gridmap/arena2.map","Hidden"
"graph","depth","Success","2396","2396","20069","22743","0.3438","(59, 174)","(83, 66)","./example/gridmap/arena2.map","Hidden"
"graph","depth","Success","1566","1566","7984","9675","0.125","(169, 136)","(99, 226)","./example/gridmap/arena2.map","Hidden"
"graph","depth","Success","3140","3140","18575","22077","0.2969","(23, 124)","(115, 64)","./example/gridmap/arena2.map","Hidden"
"graph","depth","Success","2544","2544","20283","23139","0.3125","(77, 114)","(164, 121)","./example/gridmap/arena2.map","Hidden"
"graph","depth","Success","2898","2898","14574","17860","0.2344","(67, 156)","(110, 123)","./example/gridmap/arena2.map","Hidden"
"graph","depth","Success","1570","1570","22469","24226","0.375","(120, 138)","(162, 140)","./example/gridmap/arena2.map","Hidden"
"graph","depth","Success","967","967","21267","22400","0.3125","(96, 262)","(191, 268)","./example/gridmap/arena2.map","Hidden"
"graph","depth","Success","1205","1205","3970","5404","0.0625","(57, 240)","(78, 190)","./example/gridmap/arena2.map","Hidden"
"graph","depth","Success","1648","1648","21890","23725","0.3438","(104, 155)","(150, 99)","./example/gridmap/arena2.map","Hidden"
"graph","depth","Success","3935","3935","14098","18526","0.2031","(83, 125)","(39, 158)","./example/gridmap/arena2.map","Hidden"
"graph","depth","Success","3039","3039","16696","20088","0.2656","(168, 145)","(126, 132)","./example/gridmap/arena2.map","Hidden"
"graph","depth","Success","2630","2630","12973","15919","0.2031","(102, 208)","(155, 115)","./example/gridmap/arena2.map","Hidden"
"graph","depth","Success","3818","3818","14979","19303","0.2344","(126, 114)","(46, 130)","./example/gridmap/arena2.map","Hidden"
"graph","depth","Success","5245","5245","9941","15745","0.1562","(130, 276)","(91, 178)","./example/gridmap/arena2.map","Hidden"
"graph","depth","Success","3481","3481","13498","17432","0.2031","(45, 149)","(126, 147)","./example/gridmap/arena2.map","Hidden"
"graph","depth","Success","1617","1617","10617","12455","0.1562","(91, 173)","(71, 94)","./example/gridmap/arena2.map","Hidden"
"graph","depth","Success","4176","4176","13612","18309","0.2188","(137, 127)","(57, 167)","./example/gridmap/arena2.map","Hidden"
"graph","depth","Success","2072","2072","14810","17165","0.2344","(113, 154)","(55, 92)","./example/gridmap/arena2.map","Hidden"
"graph","depth","Success","1743","1743","2906","4805","0.0625","(84, 171)","(131, 267)","./example/gridmap/arena2.map","Hidden"
"graph","depth","Success","1455","1455","22074","23723","0.3281","(95, 146)","(165, 135)","./example/gridmap/arena2.map","Hidden"
"graph","depth","Success","3178","3178","19857","23437","0.2969","(172, 118)","(129, 127)","./example/gridmap/arena2.map","Hidden"
"graph","depth","Success","1345","1345","1543","3095","0.0312","(117, 75)","(13, 132)","./example/gridmap/arena2.map","Hidden"
"graph","depth","Success","1279","1279","9653","11079","0.1406","(76, 186)","(9, 94)","./example/gridmap/arena2.map","Hidden"
"graph","depth","Success","1157","1157","7181","8411","0.125","(88, 174)","(149, 250)","./example/gridmap/arena2.map","Hidden"
"graph","depth","Success","4465","4465","13944","18975","0.2188","(114, 147)","(170, 94)","./example/gridmap/arena2.map","Hidden"
"graph","depth","Success","1547","1547","8833","10564","0.1406","(42, 118)","(112, 205)","./example/gridmap/arena2.map","Hidden"
"graph","depth","Success","3746","3746","10403","14594","0.1719","(101, 248)","(67, 146)","./example/gridmap/arena2.map","Hidden"
"graph","depth","Success","2527","2527","15052","17936","0.25","(58, 152)","(78, 115)","./example/gridmap/arena2.map","Hidden"
"graph","depth","Success","1607","1607","19773","21633","0.3281","(47, 268)","(119, 191)","./example/gridmap/arena2.map","Hidden"
"graph","depth","Success","1804","1804","3040","5016","0.0469","(130, 173)","(142, 265)","./example/gridmap/arena2.map","Hidden"
"graph","depth","Success","4321","4321","14787","19633","0.2344","(100, 95)","(3, 109)","./example/gridmap/arena2.map","Hidden"
"graph","depth","Success","1777","1777","18065","20154","0.2812","(125, 260)","(159, 163)","./example/gridmap/arena2.map","Hidden"
"graph","depth","Success","1686","1686","3224","5072","0.0625","(135, 186)","(155, 268)","./example/gridmap/arena2.map","Hidden"
"graph","depth","Success","2814","2814","16270","19373","0.2656","(158, 138)","(132, 120)","./example/gridmap/arena2.map","Hidden"
"graph","depth","Success","792","792","21454","22415","0.3281","(66, 262)","(186, 252)","./example/gridmap/arena2.map","Hidden"
"graph","depth","Success","2977","2977","13850","17213","0.2031","(123, 189)","(27, 130)","./example/gridmap/arena2.map","Hidden"
"graph","depth","Success","4343","4343","8829","13713","0.125","(90, 261)","(109, 145)","./example/gridmap/arena2.map","Hidden"
"graph","depth","Success","3920","3920","12687","17008","0.1875","(67, 132)","(166, 101)","./example/gridmap/arena2.map","Hidden"
"graph","depth","Success","1991","1991","10909","13174","0.1562","(137, 133)","(169, 118)","./example/gridmap/arena2.map","Hidden"
"graph","depth","Success","3193","3193","3810","7351","0.0625","(117, 116)","(109, 247)","./example/gridmap/arena2.map","Hidden"
"graph","depth","Success","5679","5679","6532","12684","0.125","(89, 179)","(55, 278)","./example/gridmap/arena2.map","Hidden"
"graph","depth","Success","2214","2214","16163","18706","0.2656","(134, 177)","(105, 74)","./example/gridmap/arena2.map","Hidden"
"graph","depth","Success","1689","1689","9509","11427","0.1562","(91, 93)","(81, 198)","./example/gridmap/arena2.map","Hidden"
"graph","depth","Success","1625","1625","4397","6197","0.0625","(122, 158)","(79, 240)","./example/gridmap/arena2.map","Hidden"
"graph","depth","Success","2129","2129","10352","12785","0.1562","(119, 114)","(171, 151)","./example/gridmap/arena2.map","Hidden"
"graph","depth","Success","2305","2305","10708","13343","0.1562","(58, 159)","(114, 110)","./example/gridmap/arena2.map","Hidden"
"graph","depth","Success","997","997","3777","5021","0.0625","(178, 247)","(98, 194)","./example/gridmap/arena2.map","Hidden"
"graph","depth","Success","2288","2288","9849","12423","0.1562","(86, 79)","(110, 197)","./example/gridmap/arena2.map","Hidden"
"graph","depth","Success","1712","1712","19657","21609","0.3125","(39, 279)","(99, 193)","./example/gridmap/arena2.map","Hidden"
"graph","depth","Success","3470","3470","14832","18770","0.2188","(44, 124)","(65, 133)","./example/gridmap/arena2.map","Hidden"
"graph","depth","Success","3516","3516","16568","20412","0.25","(75, 136)","(108, 13)","./example/gridmap/arena2.map","Hidden"
"graph","depth","Success","4081","4081","6769","11336","0.1094","(104, 261)","(124, 132)","./example/gridmap/arena2.map","Hidden"
"graph","depth","Success","1438","1438","4851","6472","0.0781","(128, 194)","(163, 223)","./example/gridmap/arena2.map","Hidden"
"graph","depth","Success","1979","1979","2370","4656","0.0469","(124, 115)","(46, 168)","./example/gridmap/arena2.map","Hidden"
"graph","depth","Success","1564","1564","1696","3521","0.0312","(118, 69)","(7, 136)","./example/gridmap/arena2.map","Hidden"
"graph","depth","Success","2183","2183","10405","12931","0.1562","(118, 117)","(175, 151)","./example/gridmap/arena2.map","Hidden"
"graph","depth","Success","2249","2249","10500","13037","0.1719","(121, 78)","(71, 167)","./example/gridmap/arena2.map","Hidden"
"graph","depth","Success","1416","1416","1424","3071","0.0312","(131, 83)","(61, 165)","./example/gridmap/arena2.map","Hidden"
"graph","depth","Success","4445","4445","12922","17937","0.2031","(69, 114)","(37, 165)","./example/gridmap/arena2.map","Hidden"
"graph","depth","Success","4012","4012","14434","18930","0.2188","(172, 132)","(57, 101)","./example/gridmap/arena2.map","Hidden"
"graph","depth","Success","4580","4580","9481","14628","0.1562","(65, 258)","(85, 154)","./example/gridmap/arena2.map","Hidden"
"graph","depth","Success","1637","1637","19845","21670","0.2969","(172, 168)","(104, 111)","./example/gridmap/arena2.map","Hidden"
"graph","depth","Success","2486","2486","15330","18124","0.25","(103, 172)","(53, 96)","./example/gridmap/arena2.map","Hidden"
"graph","depth","Success","2695","2695","4979","7979","0.0625","(106, 206)","(96, 73)","./example/gridmap/arena2.map","Hidden"
"graph","depth","Success","2443","2443","2619","5282","0.0469","(78, 123)","(105, 253)","./example/gridmap/arena2.map","Hidden"
"graph","depth","Success","1500","1500","22331","24070","0.3438","(137, 253)","(159, 161)","./example/gridmap/arena2.map","Hidden"
"graph","depth","Success","4804","4804","8703","13936","0.1406","(79, 182)","(49, 272)","./example/gridmap/arena2.map","Hidden"
"graph","depth","Success","1536","1536","4820","6512","0.0781","(166, 158)","(78, 252)","./example/gridmap/arena2.map","Hidden"
"graph","depth","Success","1408","1408","4147","5787","0.0625","(155, 227)","(142, 196)","./example/gridmap/arena2.map","Hidden"
"graph","depth","Success","4358","4358","17120","21889","0.2656","(110, 1)","(67, 112)","./example/gridmap/arena2.map","Hidden"
"graph","depth","Success","1587","1587","21486","23369","0.3125","(175, 230)","(108, 180)","./example/gridmap/arena2.map","Hidden"
"graph","depth","Success","2053","2053","2620","4911","0.0469","(108, 206)","(84, 93)","./example/gridmap/arena2.map","Hidden"
"graph","depth","Success","2263","2263","10457","13007","0.1562","(72, 111)","(152, 156)","./example/gridmap/arena2.map","Hidden"
"graph","depth","Success","636","636","5594","6351","0.0938","(199, 260)","(102, 207)","./example/gridmap/arena2.map","Hidden"
"graph","depth","Success","4224","4224","12677","17391","0.2031","(10, 122)","(98, 158)","./example/gridmap/arena2.map","Hidden"
"graph","depth","Success","2261","2261","11437","14013","0.1406","(174, 95)","(43, 115)","./example/gridmap/arena2.map","Hidden"
"graph","depth","Success","3855","3855","8611","13015","0.125","(100, 260)","(74, 127)","./example/gridmap/arena2.map","Hidden"
"graph","depth","Success","1656","1656","21129","23000","0.3125","(46, 276)","(159, 223)","./example/gridmap/arena2.map","Hidden"
"graph","depth","Success","2075","2075","10435","12862","0.1562","(74, 86)","(151, 168)","./example/gridmap/arena2.map","Hidden"
"graph","depth","Success","4313","4313","11481","16244","0.1719","(56, 238)","(124, 159)","./example/gridmap/arena2.map","Hidden"
"graph","depth","Success","3259","3259","3829","7385","0.0625","(69, 116)","(101, 251)","./example/gridmap/arena2.map","Hidden"
"graph","depth","Success","2898","2898","11848","15055","0.1719","(141, 167)","(99, 39)","./example/gridmap/arena2.map","Hidden"
"graph","depth","Success","1091","1091","1143","2381","0.0312","(2, 134)","(116, 193)","./example/gridmap/arena2.map","Hidden"
"graph","depth","Success","3313","3313","13018","16723","0.1875","(86, 251)","(108, 124)","./example/gridmap/arena2.map","Hidden"
"graph","depth","Success","3018","3018","15095","18516","0.2344","(108, 218)","(3, 127)","./example/gridmap/arena2.map","Hidden"
"graph","depth","Success","1173","1173","1237","2571","0.0156","(151, 76)","(23, 127)","./example/gridmap/arena2.map","Hidden"
"graph","depth","Success","486","486","22410","23049","0.3281","(202, 242)","(62, 236)","./example/gridmap/arena2.map","Hidden"
"graph","depth","Success","3360","3360","18586","22294","0.2812","(14, 106)","(118, 64)","./example/gridmap/arena2.map","Hidden"
"graph","depth","Success","2814","2814","15698","18861","0.25","(60, 133)","(143, 150)","./example/gridmap/arena2.map","Hidden"
"graph","depth","Success","3700","3700","13836","18015","0.2031","(89, 255)","(46, 134)","./example/gridmap/arena2.map","Hidden"
"graph","depth","Success","4935","4935","8430","13944","0.1406","(175, 235)","(82, 181)","./example/gridmap/arena2.map","Hidden"
"graph","depth","Success","498","498","23619","24283","0.4062","(41, 256)","(191, 242)","./example/gridmap/arena2.map","Hidden"
"graph","depth","Success","2066","2066","20895","23228","0.3125","(65, 111)","(169, 163)","./example/gridmap/arena2.map","Hidden"
"graph","depth","Success","4806","4806","7179","12485","0.1094","(51, 183)","(150, 280)","./example/gridmap/arena2.map","Hidden"
"graph","depth","Success","4407","4407","15039","19941","0.2344","(137, 267)","(60, 151)","./example/gridmap/arena2.map","Hidden"
"graph","depth","Success","4519","4519","9131","14072","0.1562","(46, 164)","(135, 276)","./example/gridmap/arena2.map","Hidden"
"graph","depth","Success","2664","2664","19349","22297","0.3125","(90, 213)","(76, 75)","./example/gridmap/arena2.map","Hidden"
"graph","depth","Success","1591","1591","5803","7542","0.1094","(61, 176)","(159, 233)","./example/gridmap/arena2.map","Hidden"
"graph","depth","Success","2021","2021","21491","23762","0.3125","(51, 129)","(157, 174)","./example/gridmap/arena2.map","Hidden"
"graph","depth","Success","1086","1086","2146","3416","0.0469","(205, 259)","(62, 270)","./example/gridmap/arena2.map","Hidden"
"graph","depth","Success","3696","3696","14735","18911","0.2188","(102, 125)","(4, 115)","./example/gridmap/arena2.map","Hidden"
"graph","depth","Success","986","986","4828","6073","0.0781","(201, 246)","(87, 194)","./example/gridmap/arena2.map","Hidden"
"graph","depth","Success","3515","3515","17171","21019","0.2656","(138, 139)","(98, 12)","./example/gridmap/arena2.map","Hidden"
"graph","depth","Success","2234","2234","8712","11128","0.1406","(129, 93)","(109, 225)","./example/gridmap/arena2.map","Hidden"
"graph","depth","Success","2946","2946","13927","17245","0.2188","(129, 188)","(4, 125)","./example/gridmap/arena2.map","Hidden"
"graph","depth","Success","3362","3362","7125","10861","0.1094","(100, 116)","(86, 254)","./example/gridmap/arena2.map","Hidden"
"graph","depth","Success","4303","4303","11279","16066","0.1562","(131, 265)","(74, 135)","./example/gridmap/arena2.map","Hidden"
"graph","depth","Success","890","890","9011","10056","0.1406","(170, 129)","(50, 183)","./example/gridmap/arena2.map","Hidden"
"graph","depth","Success","928","928","23241","24253","0.3594","(85, 212)","(185, 278)","./example/gridmap/arena2.map","Hidden"
"graph","depth","Success","2001","2001","8284","10426","0.1406","(169, 106)","(108, 242)","./example/gridmap/arena2.map","Hidden"
"graph","depth","Success","1718","1718","1806","3666","0.0312","(8, 131)","(108, 235)","./example/gridmap/arena2.map","Hidden"
"graph","depth","Success","1997","1997","21703","23918","0.3438","(106, 238)","(139, 98)","./example/gridmap/arena2.map","Hidden"
"graph","depth","Success","1218","1218","9506","10885","0.1406","(167, 144)","(58, 145)","./example/gridmap/arena2.map","Hidden"
"graph","depth","Success","1948","1948","13236","15460","0.2031","(65, 86)","(136, 173)","./example/gridmap/arena2.map","Hidden"
"graph","depth","Success","4753","4753","7849","13197","0.125","(59, 270)","(79, 149)","./example/gridmap/arena2.map","Hidden"
"graph","depth","Success","2546","2546","5137","7969","0.0938","(89, 127)","(75, 241)","./example/gridmap/arena2.map","Hidden"
"graph","depth","Success","2302","2302","3527","6036","0.0625","(148, 147)","(142, 273)","./example/gridmap/arena2.map","Hidden"
"graph","depth","Success","904","904","9169","10221","0.1406","(175, 148)","(40, 167)","./example/gridmap/arena2.map","Hidden"
"graph","depth","Success","3981","3981","11563","16076","0.2031","(154, 250)","(115, 138)","./example/gridmap/arena2.map","Hidden"
"graph","depth","Success","2106","2106","6688","9102","0.1094","(132, 200)","(63, 83)","./example/gridmap/arena2.map","Hidden"
"graph","depth","Success","890","890","3075","4124","0.0469","(203, 245)","(47, 269)","./example/gridmap/arena2.map","Hidden"
"graph","depth","Success","2765","2765","10604","13769","0.1562","(127, 195)","(13, 108)","./example/gridmap/arena2.map","Hidden"
"graph","depth","Success","2642","2642","9399","12353","0.1562","(150, 80)","(103, 227)","./example/gridmap/arena2.map","Hidden"
"graph","depth","Success","4172","4172","10072","14658","0.1562","(34, 166)","(66, 236)","./example/gridmap/arena2.map","Hidden"
"graph","depth","Success","2442","2442","5377","8108","0.1094","(132, 127)","(75, 244)","./example/gridmap/arena2.map","Hidden"
"graph","depth","Success","3451","3451","15394","19228","0.4219","(6, 105)","(103, 125)","./example/gridmap/arena2.map","Hidden"
"graph","depth","Success","4027","4027","14168","18757","0.2812","(158, 245)","(53, 161)","./example/gridmap/arena2.map","Hidden"
"graph","depth","Success","1796","1796","1905","3916","0.0469","(71, 77)","(159, 177)","./example/gridmap/arena2.map","Hidden"
"graph","depth","Success","3218","3218","14177","17826","0.2969","(119, 141)","(14, 124)","./example/gridmap/arena2.map","Hidden"
"graph","depth","Success","4779","4779","6120","11388","0.125","(39, 165)","(67, 280)","./example/gridmap/arena2.map","Hidden"
"graph","depth","Success","1293","1293","22521","23967","0.375","(165, 154)","(54, 128)","./example/gridmap/arena2.map","Hidden"
"graph","depth","Success","1365","1365","6862","8365","0.0938","(103, 173)","(191, 258)","./example/gridmap/arena2.map","Hidden"
"graph","depth","Success","4837","4837","6213","11634","0.1094","(51, 275)","(99, 148)","./example/gridmap/arena2.map","Hidden"
"graph","depth","Success","3072","3072","3260","6648","0.0625","(112, 57)","(99, 218)","./example/gridmap/arena2.map","Hidden"
"graph","depth","Success","1279","1279","4706","6123","0.0625","(64, 177)","(186, 244)","./example/gridmap/arena2.map","Hidden"
"graph","depth","Success","4168","4168","14629","19323","0.25","(134, 109)","(2, 111)","./example/gridmap/arena2.map","Hidden"
"graph","depth","Success","2391","2391","4023","6695","0.0625","(68, 265)","(155, 139)","./example/gridmap/arena2.map","Hidden"
"graph","depth","Success","1395","1395","9732","11297","0.1562","(53, 160)","(147, 115)","./example/gridmap/arena2.map","Hidden"
"graph","depth","Success","4548","4548","10061","15163","0.1562","(142, 268)","(70, 140)","./example/gridmap/arena2.map","Hidden"
"graph","depth","Success","2303","2303","2683","5216","0.0469","(74, 94)","(110, 241)","./example/gridmap/arena2.map","Hidden"
"graph","depth","Success","3309","3309","9340","12999","0.1719","(77, 242)","(138, 122)","./example/gridmap/arena2.map","Hidden"
"graph","depth","Success","1635","1635","1785","3681","0.0469","(164, 116)","(35, 146)","./example/gridmap/arena2.map","Hidden"
"graph","depth","Success","2307","2307","18799","21355","0.2812","(71, 261)","(146, 129)","./example/gridmap/arena2.map","Hidden"
"graph","depth","Success","4316","4316","13572","18454","0.2031","(165, 231)","(65, 159)","./example/gridmap/arena2.map","Hidden"
"graph","depth","Success","1938","1938","5401","7514","0.0781","(150, 175)","(163, 218)","./example/gridmap/arena2.map","Hidden"
"graph","depth","Success","2062","2062","4773","7028","0.0625","(162, 139)","(79, 236)","./example/gridmap/arena2.map","Hidden"
"graph","depth","Success","2589","2589","2678","5458","0.0625","(170, 146)","(72, 275)","./example/gridmap/arena2.map","Hidden"
"graph","depth","Success","1994","1994","4897","7124","0.0781","(68, 146)","(58, 242)","./example/gridmap/arena2.map","Hidden"
"graph","depth","Success","1876","1876","4475","6550","0.0625","(173, 144)","(66, 245)","./example/gridmap/arena2.map","Hidden"
"graph","depth","Success","5327","5327","5998","11765","0.0938","(73, 151)","(55, 280)","./example/gridmap/arena2.map","Hidden"
"graph","depth","Success","3486","3486","14524","18412","0.2344","(78, 136)","(13, 103)","./example/gridmap/arena2.map","Hidden"
"graph","depth","Success","2709","2709","3967","6996","0.0625","(125, 135)","(158, 265)","./example/gridmap/arena2.map","Hidden"
"graph","depth","Success","1357","1357","4870","6473","0.0938","(204, 253)","(138, 188)","./example/gridmap/arena2.map","Hidden"
"graph","depth","Success","3528","3528","10198","14205","0.1719","(157, 247)","(121, 127)","./example/gridmap/arena2.map","Hidden"
"graph","depth","Success","741","741","20477","21415","0.3125","(35, 265)","(207, 246)","./example/gridmap/arena2.map","Hidden"
"graph","depth","Success","2331","2331","8756","11271","0.1406","(126, 88)","(103, 240)","./example/gridmap/arena2.map","Hidden"
"graph","depth","Success","4075","4075","9139","13741","0.1406","(69, 266)","(105, 121)","./example/gridmap/arena2.map","Hidden"
"graph","depth","Success","1990","1990","2137","4336","0.0312","(146, 148)","(47, 259)","./example/gridmap/arena2.map","Hidden"
"graph","depth","Success","1530","1530","22178","23955","0.3594","(158, 178)","(57, 93)","./example/gridmap/arena2.map","Hidden"
"graph","depth","Success","3262","3262","12775","16544","0.2031","(142, 257)","(116, 109)","./example/gridmap/arena2.map","Hidden"
"graph","depth","Success","4220","4220","7266","12015","0.125","(158, 233)","(75, 142)","./example/gridmap/arena2.map","Hidden"
"graph","depth","Success","2673","2673","7621","10644","0.125","(95, 257)","(148, 97)","./example/gridmap/arena2.map","Hidden"
"graph","depth","Success","2017","2017","2106","4292","0.0312","(30, 127)","(133, 253)","./example/gridmap/arena2.map","Hidden"
"graph","depth","Success","1179","1179","22868","24193","0.3438","(39, 261)","(189, 280)","./example/gridmap/arena2.map","Hidden"
"graph","depth","Success","4217","4217","15339","20059","0.25","(76, 112)","(3, 94)","./example/gridmap/arena2.map","Hidden"
"graph","depth","Success","2412","2412","2546","5194","0.0469","(131, 144)","(44, 265)","./example/gridmap/arena2.map","Hidden"
"graph","depth","Success","2960","2960","4215","7453","0.0625","(86, 128)","(151, 275)","./example/gridmap/arena2.map","Hidden"
"graph","depth","Success","4312","4312","15218","20015","0.25","(137, 277)","(44, 140)","./example/gridmap/arena2.map","Hidden"
"graph","depth","Success","1875","1875","2902","5072","0.0469","(53, 184)","(164, 100)","./example/gridmap/arena2.map","Hidden"
"graph","depth","Success","2414","2414","3864","6474","0.0625","(147, 139)","(156, 274)","./example/gridmap/arena2.map","Hidden"
"graph","depth","Success","3570","3570","7921","11882","0.1094","(141, 265)","(88, 110)","./example/gridmap/arena2.map","Hidden"
"graph","depth","Success","2565","2565","3687","6484","0.0625","(20, 125)","(120, 264)","./example/gridmap/arena2.map","Hidden"
"graph","depth","Success","2081","2081","19262","21606","0.2812","(148, 239)","(156, 136)","./example/gridmap/arena2.map","Hidden"
"graph","depth","Success","1936","1936","6704","8845","0.1094","(150, 131)","(152, 245)","./example/gridmap/arena2.map","Hidden"
"graph","depth","Success","4254","4254","8991","13749","0.1406","(68, 280)","(79, 125)","./example/gridmap/arena2.map","Hidden"
"graph","depth","Success","4623","4623","10434","15580","0.1875","(182, 264)","(91, 164)","./example/gridmap/arena2.map","Hidden"
"graph","depth","Success","1463","1463","1565","3170","0.0156","(186, 277)","(39, 273)","./example/gridmap/arena2.map","Hidden"
"graph","depth","Success","1391","1391","10468","12110","0.1406","(157, 182)","(44, 98)","./example/gridmap/arena2.map","Hidden"
"graph","depth","Success","2681","2681","3774","6691","0.0625","(158, 104)","(89, 262)","./example/gridmap/arena2.map","Hidden"
"graph","depth","Success","2133","2133","5552","7872","0.0938","(163, 146)","(153, 229)","./example/gridmap/arena2.map","Hidden"
"graph","depth","Success","3439","3439","7010","10861","0.1094","(94, 116)","(51, 250)","./example/gridmap/arena2.map","Hidden"
"graph","depth","Success","2952","2952","4206","7435","0.0625","(75, 123)","(151, 263)","./example/gridmap/arena2.map","Hidden"
"graph","depth","Success","2475","2475","5941","8665","0.1094","(105, 140)","(161, 225)","./example/gridmap/arena2.map","Hidden"
"graph","depth","Success","1467","1467","7010","8658","0.1094","(159, 171)","(185, 258)","./example/gridmap/arena2.map","Hidden"
"graph","depth","Success","2665","2665","4357","7260","0.0781","(48, 114)","(131, 264)","./example/gridmap/arena2.map","Hidden"
"graph","depth","Success","3204","3204","9648","13172","0.1562","(109, 55)","(99, 235)","./example/gridmap/arena2.map","Hidden"
"graph","depth","Success","3293","3293","3998","7626","0.0625","(142, 114)","(73, 270)","./example/gridmap/arena2.map","Hidden"
"graph","depth","Success","3735","3735","6842","11070","0.1094","(50, 255)","(138, 128)","./example/gridmap/arena2.map","Hidden"
"graph","depth","Success","2125","2125","10518","12828","0.1719","(11, 111)","(160, 111)","./example/gridmap/arena2.map","Hidden"
"graph","depth","Success","4996","4996","8553","14146","0.1406","(188, 275)","(95, 166)","./example/gridmap/arena2.map","Hidden"
"graph","depth","Success","3891","3891","5160","9520","0.0781","(67, 279)","(89, 112)","./example/gridmap/arena2.map","Hidden"
"graph","depth","Success","2060","2060","21101","23464","0.2969","(182, 220)","(153, 161)","./example/gridmap/arena2.map","Hidden"
"graph","depth","Success","1870","1870","5345","7379","0.0781","(38, 160)","(174, 234)","./example/gridmap/arena2.map","Hidden"
"graph","depth","Success","2169","2169","2316","4723","0.0469","(59, 120)","(59, 255)","./example/gridmap/arena2.map","Hidden"
"graph","depth","Success","3933","3933","5193","9551","0.0781","(87, 115)","(55, 264)","./example/gridmap/arena2.map","Hidden"
"graph","depth","Success","2799","2799","3009","6095","0.0625","(78, 82)","(106, 253)","./example/gridmap/arena2.map","Hidden"
"graph","depth","Success","4302","4302","9649","14519","0.1562","(180, 251)","(78, 149)","./example/gridmap/arena2.map","Hidden"
"graph","depth","Success","2873","2873","14938","18117","0.2188","(111, 11)","(76, 163)","./example/gridmap/arena2.map","Hidden"
"graph","depth","Success","3691","3691","10164","14338","0.1719","(53, 255)","(71, 120)","./example/gridmap/arena2.map","Hidden"
"graph","depth","Success","3416","3416","14296","18149","0.2188","(107, 263)","(82, 100)","./example/gridmap/arena2.map","Hidden"
"graph","depth","Success","3549","3549","8318","12226","0.1406","(37, 116)","(140, 260)","./example/gridmap/arena2.map","Hidden"
"graph","depth","Success","3658","3658","7494","11574","0.125","(97, 115)","(150, 234)","./example/gridmap/arena2.map","Hidden"
"graph","depth","Success","2914","2914","13332","16596","0.2188","(127, 165)","(8, 92)","./example/gridmap/arena2.map","Hidden"
"graph","depth","Success","2304","2304","6415","9046","0.0938","(149, 232)","(151, 128)","./example/gridmap/arena2.map","Hidden"
"graph","depth","Success","3929","3929","12607","17021","0.1719","(151, 268)","(55, 125)","./example/gridmap/arena2.map","Hidden"
"graph","depth","Success","4264","4264","12582","17395","0.2031","(195, 261)","(76, 162)","./example/gridmap/arena2.map","Hidden"
"graph","depth","Success","2467","2467","20671","23496","0.3281","(134, 258)","(163, 104)","./example/gridmap/arena2.map","Hidden"
"graph","depth","Success","4109","4109","12066","16671","0.2031","(48, 260)","(44, 135)","./example/gridmap/arena2.map","Hidden"
"graph","depth","Success","4213","4213","13155","17914","0.2344","(197, 239)","(60, 165)","./example/gridmap/arena2.map","Hidden"
"graph","depth","Success","4164","4164","10997","15645","0.1875","(55, 182)","(207, 254)","./example/gridmap/arena2.map","Hidden"
"graph","depth","Success","2227","2227","5705","8141","0.0938","(140, 156)","(190, 221)","./example/gridmap/arena2.map","Hidden"
"graph","depth","Success","1867","1867","21385","23441","0.3125","(12, 109)","(147, 133)","./example/gridmap/arena2.map","Hidden"
"graph","depth","Success","3747","3747","11456","15654","0.1875","(149, 264)","(35, 123)","./example/gridmap/arena2.map","Hidden"
"graph","depth","Success","3886","3886","8063","12478","0.1406","(167, 237)","(65, 131)","./example/gridmap/arena2.map","Hidden"
"graph","depth","Success","2685","2685","5814","8817","0.1094","(94, 85)","(78, 248)","./example/gridmap/arena2.map","Hidden"
"graph","depth","Success","4000","4000","5835","10314","0.1094","(40, 264)","(78, 126)","./example/gridmap/arena2.map","Hidden"
"graph","depth","Success","2034","2034","21422","23647","0.3594","(153, 119)","(9, 99)","./example/gridmap/arena2.map","Hidden"
"graph","depth","Success","1766","1766","7126","9097","0.1406","(87, 154)","(195, 264)","./example/gridmap/arena2.map","Hidden"
"graph","depth","Success","3030","3030","3121","6412","0.0625","(118, 89)","(128, 261)","./example/gridmap/arena2.map","Hidden"
"graph","depth","Success","4375","4375","8283","13099","0.1562","(68, 134)","(170, 227)","./example/gridmap/arena2.map","Hidden"
"graph","depth","Success","1925","1925","20047","22238","0.3438","(201, 269)","(132, 161)","./example/gridmap/arena2.map","Hidden"
"graph","depth","Success","3815","3815","10804","15113","0.1719","(151, 226)","(107, 117)","./example/gridmap/arena2.map","Hidden"
"graph","depth","Success","2570","2570","21310","24081","0.3281","(159, 183)","(97, 7)","./example/gridmap/arena2.map","Hidden"
"graph","depth","Success","2664","2664","6560","9568","0.1094","(112, 133)","(181, 226)","./example/gridmap/arena2.map","Hidden"
"graph","depth","Success","2135","2135","6563","8886","0.1094","(32, 131)","(153, 237)","./example/gridmap/arena2.map","Hidden"
"graph","depth","Success","3266","3266","5650","9362","0.0938","(146, 99)","(143, 256)","./example/gridmap/arena2.map","Hidden"
"graph","depth","Success","3630","3630","4770","8810","0.0938","(119, 99)","(100, 264)","./example/gridmap/arena2.map","Hidden"
"graph","depth","Success","4166","4166","10258","14969","0.1719","(170, 222)","(107, 129)","./example/gridmap/arena2.map","Hidden"
"graph","depth","Success","3621","3621","13690","17797","0.2188","(123, 252)","(13, 107)","./example/gridmap/arena2.map","Hidden"
"graph","depth","Success","3864","3864","13651","18014","0.1875","(146, 264)","(19, 125)","./example/gridmap/arena2.map","Hidden"
"graph","depth","Success","3997","3997","10263","14805","0.1406","(182, 250)","(66, 141)","./example/gridmap/arena2.map","Hidden"
"graph","depth","Success","2474","2474","5953","8654","0.0938","(55, 118)","(147, 234)","./example/gridmap/arena2.map","Hidden"
"graph","depth","Success","3932","3932","10999","15450","0.1719","(43, 263)","(43, 129)","./example/gridmap/arena2.map","Hidden"
"graph","depth","Success","4025","4025","9883","14423","0.1406","(191, 240)","(102, 138)","./example/gridmap/arena2.map","Hidden"
"graph","depth","Success","3346","3346","3525","7221","0.0469","(91, 117)","(35, 265)","./example/gridmap/arena2.map","Hidden"
"graph","depth","Success","2956","2956","13129","16461","0.2188","(40, 250)","(73, 113)","./example/gridmap/arena2.map","Hidden"
"graph","depth","Success","3979","3979","7552","12065","0.1094","(180, 259)","(112, 132)","./example/gridmap/arena2.map","Hidden"
"graph","depth","Success","2982","2982","15392","18782","0.2344","(72, 256)","(74, 94)","./example/gridmap/arena2.map","Hidden"
"graph","depth","Success","3484","3484","11609","15562","0.1875","(161, 243)","(41, 125)","./example/gridmap/arena2.map","Hidden"
"graph","depth","Success","2440","2440","5904","8635","0.0781","(77, 125)","(180, 242)","./example/gridmap/arena2.map","Hidden"
"graph","depth","Success","2298","2298","4334","6851","0.0625","(175, 124)","(47, 260)","./example/gridmap/arena2.map","Hidden"
"graph","depth","Success","1657","1657","10075","11960","0.1406","(166, 143)","(11, 115)","./example/gridmap/arena2.map","Hidden"
"graph","depth","Success","2065","2065","21474","23724","0.3281","(54, 247)","(154, 108)","./example/gridmap/arena2.map","Hidden"
"graph","depth","Success","2336","2336","7168","9784","0.1094","(105, 125)","(187, 243)","./example/gridmap/arena2.map","Hidden"
"graph","depth","Success","1836","1836","10256","12319","0.1562","(166, 135)","(10, 111)","./example/gridmap/arena2.map","Hidden"
"graph","depth","Success","2056","2056","6989","9287","0.1094","(106, 143)","(200, 259)","./example/gridmap/arena2.map","Hidden"
"graph","depth","Success","2182","2182","21375","23711","0.2969","(5, 91)","(158, 118)","./example/gridmap/arena2.map","Hidden"
"graph","depth","Success","3845","3845","5110","9343","0.0938","(95, 61)","(117, 262)","./example/gridmap/arena2.map","Hidden"
"graph","depth","Success","1574","1574","10273","12052","0.1562","(156, 152)","(10, 110)","./example/gridmap/arena2.map","Hidden"
"graph","depth","Success","2494","2494","7499","10376","0.125","(153, 257)","(143, 101)","./example/gridmap/arena2.map","Hidden"
"graph","depth","Success","1595","1595","9788","11523","0.1406","(10, 91)","(157, 169)","./example/gridmap/arena2.map","Hidden"
"graph","depth","Success","3613","3613","10920","15068","0.1406","(191, 250)","(89, 125)","./example/gridmap/arena2.map","Hidden"
"graph","depth","Success","2215","2215","5869","8347","0.0938","(51, 118)","(166, 242)","./example/gridmap/arena2.map","Hidden"
"graph","depth","Success","4202","4202","9719","14525","0.1562","(199, 259)","(126, 140)","./example/gridmap/arena2.map","Hidden"
"graph","depth","Success","3568","3568","16751","20731","0.2656","(139, 273)","(54, 96)","./example/gridmap/arena2.map","Hidden"
"graph","depth","Success","3243","3243","20176","23690","0.2969","(114, 212)","(105, 4)","./example/gridmap/arena2.map","Hidden"
"graph","depth","Success","1933","1933","8244","10336","0.125","(2, 124)","(141, 252)","./example/gridmap/arena2.map","Hidden"
"graph","depth","Success","3586","3586","14698","18687","0.1875","(60, 238)","(13, 133)","./example/gridmap/arena2.map","Hidden"
"graph","depth","Success","3458","3458","14541","18409","0.2188","(60, 239)","(12, 129)","./example/gridmap/arena2.map","Hidden"
"graph","depth","Success","3350","3350","7088","10792","0.1094","(110, 110)","(172, 222)","./example/gridmap/arena2.map","Hidden"
"graph","depth","Success","2163","2163","5656","8026","0.0938","(175, 159)","(190, 219)","./example/gridmap/arena2.map","Hidden"
"graph","depth","Success","3581","3581","6624","10633","0.0938","(146, 222)","(109, 104)","./example/gridmap/arena2.map","Hidden"
"graph","depth","Success","3082","3082","3291","6699","0.0625","(54, 77)","(72, 253)","./example/gridmap/arena2.map","Hidden"
"graph","depth","Success","2687","2687","2835","5737","0.0469","(153, 125)","(34, 271)","./example/gridmap/arena2.map","Hidden"
"graph","depth","Success","3619","3619","15242","19307","0.2344","(68, 268)","(113, 78)","./example/gridmap/arena2.map","Hidden"
"graph","depth","Success","3564","3564","11656","15618","0.1719","(47, 129)","(179, 237)","./example/gridmap/arena2.map","Hidden"
"graph","depth","Success","2571","2571","5766","8692","0.0938","(144, 256)","(172, 93)","./example/gridmap/arena2.map","Hidden"
"graph","depth","Success","2742","2742","6249","9302","0.1094","(90, 128)","(191, 231)","./example/gridmap/arena2.map","Hidden"
"graph","depth","Success","3630","3630","19292","23328","0.2812","(104, 254)","(106, 40)","./example/gridmap/arena2.map","Hidden"
"graph","depth","Success","4292","4292","5615","10371","0.1094","(170, 100)","(142, 280)","./example/gridmap/arena2.map","Hidden"
"graph","depth","Success","3437","3437","9320","13152","0.1719","(186, 262)","(115, 118)","./example/gridmap/arena2.map","Hidden"
"graph","depth","Success","4235","4235","12361","17076","0.2188","(157, 218)","(37, 129)","./example/gridmap/arena2.map","Hidden"
"graph","depth","Success","4275","4275","10923","15725","0.1875","(55, 274)","(12, 132)","./example/gridmap/arena2.map","Hidden"
"graph","depth","Success","2758","2758","20209","23300","0.3594","(50, 253)","(102, 85)","./example/gridmap/arena2.map","Hidden"
"graph","depth","Success","3451","3451","6216","10024","0.0938","(114, 73)","(74, 236)","./example/gridmap/arena2.map","Hidden"
"graph","depth","Success","2272","2272","8316","10821","0.125","(79, 239)","(114, 102)","./example/gridmap/arena2.map","Hidden"
"graph","depth","Success","1761","1761","7655","9599","0.125","(168, 138)","(194, 245)","./example/gridmap/arena2.map","Hidden"
"graph","depth","Success","3268","3268","3485","7038","0.0781","(105, 0)","(107, 214)","./example/gridmap/arena2.map","Hidden"
"graph","depth","Success","3368","3368","7611","11339","0.125","(111, 99)","(160, 228)","./example/gridmap/arena2.map","Hidden"
"graph","depth","Success","3383","3383","15999","19787","0.25","(61, 246)","(94, 70)","./example/gridmap/arena2.map","Hidden"
"graph","depth","Success","3486","3486","16850","20717","0.2656","(135, 250)","(102, 55)","./example/gridmap/arena2.map","Hidden"
"graph","depth","Success","2852","2852","18356","21518","0.2656","(72, 235)","(125, 82)","./example/gridmap/arena2.map","Hidden"
"graph","depth","Success","3772","3772","16970","21151","0.2656","(134, 262)","(103, 59)","./example/gridmap/arena2.map","Hidden"
"graph","depth","Success","2258","2258","18747","21304","0.2969","(172, 246)","(166, 110)","./example/gridmap/arena2.map","Hidden"
"graph","depth","Success","3117","3117","5779","9241","0.1094","(102, 81)","(55, 235)","./example/gridmap/arena2.map","Hidden"
"graph","depth","Success","2010","2010","6926","9168","0.1406","(144, 148)","(197, 267)","./example/gridmap/arena2.map","Hidden"
"graph","depth","Success","3103","3103","3194","6491","0.0469","(10, 111)","(65, 275)","./example/gridmap/arena2.map","Hidden"
"graph","depth","Success","3614","3614","7789","11804","0.125","(111, 67)","(66, 240)","./example/gridmap/arena2.map","Hidden"
"graph","depth","Success","4647","4647","10382","15542","0.1875","(141, 148)","(202, 270)","./example/gridmap/arena2.map","Hidden"
"graph","depth","Success","3627","3627","16804","20826","0.25","(64, 235)","(2, 112)","./example/gridmap/arena2.map","Hidden"
"graph","depth","Success","2701","2701","17777","20789","0.2656","(57, 263)","(131, 100)","./example/gridmap/arena2.map","Hidden"
"graph","depth","Success","4190","4190","5737","10397","0.0781","(169, 100)","(157, 274)","./example/gridmap/arena2.map","Hidden"
"graph","depth","Success","2608","2608","5640","8518","0.0781","(156, 235)","(174, 101)","./example/gridmap/arena2.map","Hidden"
"graph","depth","Success","2766","2766","4847","7908","0.0781","(41, 268)","(174, 113)","./example/gridmap/arena2.map","Hidden"
"graph","depth","Success","2432","2432","5931","8670","0.0938","(181, 229)","(175, 125)","./example/gridmap/arena2.map","Hidden"
"graph","depth","Success","3359","3359","7123","10848","0.1094","(87, 68)","(59, 251)","./example/gridmap/arena2.map","Hidden"
"graph","depth","Success","3233","3233","3442","6928","0.0469","(137, 92)","(55, 269)","./example/gridmap/arena2.map","Hidden"
"graph","depth","Success","3281","3281","6760","10388","0.1094","(51, 76)","(64, 254)","./example/gridmap/arena2.map","Hidden"
"graph","depth","Success","4324","4324","12759","17590","0.2031","(73, 280)","(2, 117)","./example/gridmap/arena2.map","Hidden"
"graph","depth","Success","3963","3963","4363","8663","0.0781","(62, 74)","(69, 276)","./example/gridmap/arena2.map","Hidden"
"graph","depth","Success","3141","3141","15984","19597","0.2344","(170, 245)","(68, 100)","./example/gridmap/arena2.map","Hidden"
"graph","depth","Success","4302","4302","9695","14462","0.1406","(136, 132)","(186, 280)","./example/gridmap/arena2.map","Hidden"
"graph","depth","Success","3713","3713","6379","10468","0.0938","(90, 62)","(78, 235)","./example/gridmap/arena2.map","Hidden"
"graph","depth","Success","1955","1955","20069","22308","0.2969","(206, 246)","(167, 138)","./example/gridmap/arena2.map","Hidden"
"graph","depth","Success","3124","3124","5650","9129","0.0938","(54, 261)","(83, 84)","./example/gridmap/arena2.map","Hidden"
"graph","depth","Success","2344","2344","19615","22237","0.3125","(195, 274)","(149, 136)","./example/gridmap/arena2.map","Hidden"
"graph","depth","Success","2958","2958","3370","6641","0.0625","(88, 97)","(58, 263)","./example/gridmap/arena2.map","Hidden"
"graph","depth","Success","2936","2936","13250","16598","0.2188","(170, 244)","(51, 99)","./example/gridmap/arena2.map","Hidden"
"graph","depth","Success","2155","2155","6985","9325","0.1094","(157, 142)","(205, 273)","./example/gridmap/arena2.map","Hidden"
"graph","depth","Success","2693","2693","2783","5679","0.0469","(13, 107)","(159, 260)","./example/gridmap/arena2.map","Hidden"
"graph","depth","Success","3330","3330","16889","20642","0.2188","(53, 270)","(66, 83)","./example/gridmap/arena2.map","Hidden"
"graph","depth","Success","3055","3055","7977","11372","0.125","(144, 109)","(178, 258)","./example/gridmap/arena2.map","Hidden"
"graph","depth","Success","3140","3140","5762","9364","0.0781","(163, 99)","(35, 251)","./example/gridmap/arena2.map","Hidden"
"graph","depth","Success","3132","3132","3289","6651","0.0469","(9, 108)","(59, 280)","./example/gridmap/arena2.map","Hidden"
"graph","depth","Success","2720","2720","7600","10600","0.125","(75, 127)","(189, 273)","./example/gridmap/arena2.map","Hidden"
"graph","depth","Success","3095","3095","3968","7369","0.0625","(85, 98)","(56, 270)","./example/gridmap/arena2.map","Hidden"
"graph","depth","Success","2749","2749","7629","10654","0.125","(92, 127)","(205, 277)","./example/gridmap/arena2.map","Hidden"
"graph","depth","Success","3451","3451","17107","20958","0.2656","(54, 251)","(3, 103)","./example/gridmap/arena2.map","Hidden"
"graph","depth","Success","3887","3887","5059","9294","0.0938","(151, 75)","(146, 273)","./example/gridmap/arena2.map","Hidden"
"graph","depth","Success","2864","2864","16828","20002","0.25","(45, 260)","(119, 94)","./example/gridmap/arena2.map","Hidden"
"graph","depth","Success","3130","3130","10005","13504","0.1562","(120, 84)","(167, 231)","./example/gridmap/arena2.map","Hidden"
"graph","depth","Success","2819","2819","6599","9711","0.0938","(154, 103)","(176, 224)","./example/gridmap/arena2.map","Hidden"
"graph","depth","Success","3937","3937","5324","9647","0.0938","(122, 70)","(153, 278)","./example/gridmap/arena2.map","Hidden"
"graph","depth","Success","3071","3071","3162","6442","0.0469","(171, 111)","(34, 277)","./example/gridmap/arena2.map","Hidden"
"graph","depth","Success","3312","3312","20137","23773","0.2969","(57, 250)","(104, 55)","./example/gridmap/arena2.map","Hidden"
"graph","depth","Success","3764","3764","17418","21579","0.25","(155, 274)","(125, 76)","./example/gridmap/arena2.map","Hidden"
"graph","depth","Success","2872","2872","6418","9538","0.1094","(152, 101)","(171, 220)","./example/gridmap/arena2.map","Hidden"
"graph","depth","Success","2965","2965","11087","14510","0.1562","(167, 243)","(46, 93)","./example/gridmap/arena2.map","Hidden"
"graph","depth","Success","2356","2356","5407","8043","0.0781","(198, 275)","(156, 135)","./example/gridmap/arena2.map","Hidden"
"graph","depth","Success","3523","3523","19273","23248","0.3125","(153, 220)","(109, 79)","./example/gridmap/arena2.map","Hidden"
"graph","depth","Success","2834","2834","6988","10111","0.1094","(40, 103)","(175, 230)","./example/gridmap/arena2.map","Hidden"
"graph","depth","Success","2853","2853","3712","6782","0.0625","(4, 104)","(53, 264)","./example/gridmap/arena2.map","Hidden"
"graph","depth","Success","2991","2991","7912","11258","0.125","(103, 101)","(194, 257)","./example/gridmap/arena2.map","Hidden"
"graph","depth","Success","2393","2393","7226","9861","0.125","(161, 98)","(179, 249)","./example/gridmap/arena2.map","Hidden"
"graph","depth","Success","2729","2729","8487","11549","0.125","(70, 113)","(202, 254)","./example/gridmap/arena2.map","Hidden"
"graph","depth","Success","3324","3324","13695","17459","0.2188","(197, 244)","(28, 127)","./example/gridmap/arena2.map","Hidden"
"graph","depth","Success","2436","2436","19351","22111","0.2812","(186, 249)","(143, 102)","./example/gridmap/arena2.map","Hidden"
"graph","depth","Success","2256","2256","6158","8644","0.0938","(183, 240)","(164, 105)","./example/gridmap/arena2.map","Hidden"
"graph","depth","Success","2875","2875","7042","10302","0.1094","(160, 230)","(130, 95)","./example/gridmap/arena2.map","Hidden"
"graph","depth","Success","3596","3596","7138","11113","0.0781","(122, 58)","(150, 240)","./example/gridmap/arena2.map","Hidden"
"graph","depth","Success","3930","3930","4314","8619","0.0625","(118, 75)","(40, 269)","./example/gridmap/arena2.map","Hidden"
"graph","depth","Success","3738","3738","16469","20619","0.2344","(38, 269)","(116, 75)","./example/gridmap/arena2.map","Hidden"
"graph","depth","Success","3064","3064","6571","9971","0.1094","(81, 109)","(206, 238)","./example/gridmap/arena2.map","Hidden"
"graph","depth","Success","2566","2566","5637","8474","0.0938","(182, 277)","(151, 120)","./example/gridmap/arena2.map","Hidden"
"graph","depth","Success","3090","3090","19893","23303","0.3125","(37, 250)","(100, 69)","./example/gridmap/arena2.map","Hidden"
"graph","depth","Success","2229","2229","7119","9584","0.125","(146, 112)","(200, 257)","./example/gridmap/arena2.map","Hidden"
"graph","depth","Success","3404","3404","10214","14123","0.1562","(38, 265)","(40, 93)","./example/gridmap/arena2.map","Hidden"
"graph","depth","Success","3195","3195","4545","8072","0.0781","(38, 275)","(161, 95)","./example/gridmap/arena2.map","Hidden"
"graph","depth","Success","3350","3350","11473","15215","0.1562","(169, 227)","(95, 93)","./example/gridmap/arena2.map","Hidden"
"graph","depth","Success","3370","3370","18840","22670","0.3125","(166, 232)","(129, 77)","./example/gridmap/arena2.map","Hidden"
"graph","depth","Success","2340","2340","7492","10044","0.1094","(164, 120)","(192, 272)","./example/gridmap/arena2.map","Hidden"
"graph","depth","Success","3395","3395","6328","10106","0.1094","(129, 84)","(41, 267)","./example/gridmap/arena2.map","Hidden"
"graph","depth","Success","3584","3584","9427","13408","0.1406","(121, 67)","(169, 237)","./example/gridmap/arena2.map","Hidden"
"graph","depth","Success","3669","3669","16671","20700","0.2656","(127, 251)","(106, 23)","./example/gridmap/arena2.map","Hidden"
"graph","depth","Success","3367","3367","7105","10856","0.0938","(122, 83)","(168, 224)","./example/gridmap/arena2.map","Hidden"
"graph","depth","Success","3478","3478","3861","7722","0.0625","(130, 76)","(41, 257)","./example/gridmap/arena2.map","Hidden"
"graph","depth","Success","2628","2628","5360","8165","0.0781","(4, 91)","(57, 240)","./example/gridmap/arena2.map","Hidden"
"graph","depth","Success","3214","3214","12412","16099","0.2031","(182, 242)","(35, 101)","./example/gridmap/arena2.map","Hidden"
"graph","depth","Success","3597","3597","12854","16950","0.2188","(163, 224)","(79, 101)","./example/gridmap/arena2.map","Hidden"
"graph","depth","Success","2900","2900","19010","22247","0.3125","(184, 221)","(137, 102)","./example/gridmap/arena2.map","Hidden"
"graph","depth","Success","3427","3427","16820","20642","0.25","(39, 274)","(77, 83)","./example/gridmap/arena2.map","Hidden"
"graph","depth","Success","2397","2397","5529","8123","0.0938","(4, 94)","(45, 252)","./example/gridmap/arena2.map","Hidden"
"graph","depth","Success","3958","3958","5152","9520","0.0781","(95, 66)","(35, 262)","./example/gridmap/arena2.map","Hidden"
"graph","depth","Success","2428","2428","5439","8199","0.0781","(206, 276)","(172, 130)","./example/gridmap/arena2.map","Hidden"
"graph","depth","Success","2685","2685","7838","10833","0.1406","(60, 93)","(183, 259)","./example/gridmap/arena2.map","Hidden"
"graph","depth","Success","3610","3610","6693","10705","0.1094","(110, 44)","(52, 248)","./example/gridmap/arena2.map","Hidden"
"graph","depth","Success","3197","3197","9361","12892","0.1406","(89, 76)","(183, 245)","./example/gridmap/arena2.map","Hidden"
"graph","depth","Success","2859","2859","6367","9559","0.1094","(99, 98)","(207, 245)","./example/gridmap/arena2.map","Hidden"
"graph","depth","Success","2188","2188","7756","10171","0.125","(12, 127)","(191, 256)","./example/gridmap/arena2.map","Hidden"
"graph","depth","Success","3134","3134","6983","10411","0.1094","(51, 90)","(179, 226)","./example/gridmap/arena2.map","Hidden"
"graph","depth","Success","3586","3586","12295","16390","0.2031","(206, 258)","(36, 118)","./example/gridmap/arena2.map","Hidden"
"graph","depth","Success","3656","3656","11779","15876","0.1719","(190, 227)","(46, 103)","./example/gridmap/arena2.map","Hidden"
"graph","depth","Success","2459","2459","5878","8531","0.1094","(9, 111)","(181, 238)","./example/gridmap/arena2.map","Hidden"
"graph","depth","Success","2546","2546","5554","8350","0.0938","(201, 279)","(168, 126)","./example/gridmap/arena2.map","Hidden"
"graph","depth","Success","4288","4288","14862","19629","0.2188","(161, 219)","(2, 114)","./example/gridmap/arena2.map","Hidden"
"graph","depth","Success","2363","2363","6264","8855","0.0781","(200, 236)","(162, 107)","./example/gridmap/arena2.map","Hidden"
"graph","depth","Success","4182","4182","14914","19612","0.2031","(152, 229)","(13, 92)","./example/gridmap/arena2.map","Hidden"
"graph","depth","Success","3478","3478","16025","19905","0.2656","(171, 227)","(68, 80)","./example/gridmap/arena2.map","Hidden"
"graph","depth","Success","2538","2538","7974","10766","0.125","(61, 106)","(197, 268)","./example/gridmap/arena2.map","Hidden"
"graph","depth","Success","2722","2722","18550","21600","0.2969","(199, 235)","(144, 96)","./example/gridmap/arena2.map","Hidden"
"graph","depth","Success","2652","2652","6381","9399","0.0938","(195, 254)","(138, 95)","./example/gridmap/arena2.map","Hidden"
"graph","depth","Success","2263","2263","7856","10341","0.1094","(165, 110)","(206, 258)","./example/gridmap/arena2.map","Hidden"
"graph","depth","Success","3019","3019","8490","11862","0.125","(100, 81)","(180, 264)","./example/gridmap/arena2.map","Hidden"
"graph","depth","Success","2355","2355","5775","8368","0.0938","(10, 108)","(183, 240)","./example/gridmap/arena2.map","Hidden"
"graph","depth","Success","3080","3080","8912","12373","0.1406","(44, 100)","(198, 252)","./example/gridmap/arena2.map","Hidden"
"graph","depth","Success","4142","4142","15255","19840","0.2188","(99, 260)","(110, 3)","./example/gridmap/arena2.map","Hidden"
"graph","depth","Success","2498","2498","7478","10229","0.125","(172, 90)","(186, 248)","./example/gridmap/arena2.map","Hidden"
"graph","depth","Success","2930","2930","18203","21490","0.2812","(190, 264)","(98, 82)","./example/gridmap/arena2.map","Hidden"
"graph","depth","Success","2296","2296","6831","9371","0.0938","(6, 118)","(191, 239)","./example/gridmap/arena2.map","Hidden"
"graph","depth","Success","2463","2463","8453","11158","0.1406","(172, 91)","(193, 245)","./example/gridmap/arena2.map","Hidden"
"graph","depth","Success","2822","2822","18857","21999","0.2812","(185, 227)","(116, 100)","./example/gridmap/arena2.map","Hidden"
"graph","depth","Success","2711","2711","7775","10767","0.125","(40, 95)","(193, 259)","./example/gridmap/arena2.map","Hidden"
"graph","depth","Success","4303","4303","4538","9213","0.0781","(95, 62)","(36, 280)","./example/gridmap/arena2.map","Hidden"
"graph","depth","Success","3323","3323","7669","11342","0.1406","(105, 79)","(196, 237)","./example/gridmap/arena2.map","Hidden"
"graph","depth","Success","3297","3297","7473","11169","0.1094","(86, 86)","(187, 230)","./example/gridmap/arena2.map","Hidden"
"graph","depth","Success","3313","3313","8235","11879","0.1406","(101, 93)","(200, 275)","./example/gridmap/arena2.map","Hidden"
"graph","depth","Success","2625","2625","7205","10086","0.1094","(151, 93)","(202, 241)","./example/gridmap/arena2.map","Hidden"
"graph","depth","Success","3392","3392","8196","11946","0.1094","(76, 74)","(179, 239)","./example/gridmap/arena2.map","Hidden"
"graph","depth","Success","3269","3269","11395","15116","0.1719","(182, 261)","(93, 95)","./example/gridmap/arena2.map","Hidden"
"graph","depth","Success","3680","3680","17974","22089","0.2656","(176, 245)","(108, 47)","./example/gridmap/arena2.map","Hidden"
"graph","depth","Success","2654","2654","8445","11356","0.1406","(70, 90)","(201, 249)","./example/gridmap/arena2.map","Hidden"
"graph","depth","Success","2491","2491","7382","10093","0.125","(174, 108)","(200, 271)","./example/gridmap/arena2.map","Hidden"
"graph","depth","Success","2660","2660","7782","10734","0.125","(68, 89)","(201, 250)","./example/gridmap/arena2.map","Hidden"
"graph","depth","Success","3407","3407","8230","12029","0.125","(101, 67)","(191, 244)","./example/gridmap/arena2.map","Hidden"
"graph","depth","Success","2703","2703","7809","10760","0.125","(168, 98)","(187, 272)","./example/gridmap/arena2.map","Hidden"
"graph","depth","Success","3835","3835","11988","16265","0.1875","(204, 279)","(36, 116)","./example/gridmap/arena2.map","Hidden"
"graph","depth","Success","4037","4037","12511","17047","0.1875","(194, 269)","(8, 134)","./example/gridmap/arena2.map","Hidden"
"graph","depth","Success","2797","2797","8036","11080","0.125","(132, 94)","(181, 268)","./example/gridmap/arena2.map","Hidden"
"graph","depth","Success","2663","2663","7496","10393","0.125","(147, 88)","(203, 253)","./example/gridmap/arena2.map","Hidden"
"graph","depth","Success","2590","2590","7486","10274","0.125","(20, 123)","(203, 280)","./example/gridmap/arena2.map","Hidden"
"graph","depth","Success","3742","3742","18963","23146","0.2969","(191, 222)","(94, 73)","./example/gridmap/arena2.map","Hidden"
"graph","depth","Success","4313","4313","15392","20119","0.2344","(36, 274)","(101, 48)","./example/gridmap/arena2.map","Hidden"
"graph","depth","Success","4004","4004","5928","10304","0.0938","(104, 18)","(142, 260)","./example/gridmap/arena2.map","Hidden"
"graph","depth","Success","3791","3791","16827","21019","0.2656","(54, 240)","(100, 27)","./example/gridmap/arena2.map","Hidden"
"graph","depth","Success","3272","3272","8106","11735","0.1406","(133, 79)","(181, 263)","./example/gridmap/arena2.map","Hidden"
"graph","depth","Success","2751","2751","7063","10064","0.1094","(162, 93)","(203, 235)","./example/gridmap/arena2.map","Hidden"
"graph","depth","Success","3412","3412","17221","21086","0.2656","(190, 241)","(89, 66)","./example/gridmap/arena2.map","Hidden"
"graph","depth","Success","3402","3402","7114","10921","0.1094","(115, 71)","(200, 242)","./example/gridmap/arena2.map","Hidden"
"graph","depth","Success","3899","3899","4268","8530","0.0938","(98, 16)","(86, 257)","./example/gridmap/arena2.map","Hidden"
"graph","depth","Success","3294","3294","11640","15400","0.1719","(199, 271)","(55, 93)","./example/gridmap/arena2.map","Hidden"
"graph","depth","Success","3363","3363","15653","19476","0.25","(186, 276)","(68, 91)","./example/gridmap/arena2.map","Hidden"
"graph","depth","Success","3715","3715","6100","10202","0.1094","(107, 33)","(157, 258)","./example/gridmap/arena2.map","Hidden"
"graph","depth","Success","4142","4142","4366","8883","0.0625","(104, 25)","(56, 263)","./example/gridmap/arena2.map","Hidden"
"graph","depth","Success","3532","3532","8433","12373","0.125","(107, 48)","(182, 243)","./example/gridmap/arena2.map","Hidden"
"graph","depth","Success","2758","2758","5809","8847","0.0781","(206, 280)","(173, 109)","./example/gridmap/arena2.map","Hidden"
"graph","depth","Success","4152","4152","4542","9048","0.0781","(111, 16)","(84, 261)","./example/gridmap/arena2.map","Hidden"
"graph","depth","Success","4157","4157","15995","20527","0.2344","(90, 263)","(97, 21)","./example/gridmap/arena2.map","Hidden"
"graph","depth","Success","2751","2751","7816","10841","0.125","(70, 99)","(207, 271)","./example/gridmap/arena2.map","Hidden"
"graph","depth","Success","4015","4015","7905","12335","0.1094","(109, 40)","(154, 224)","./example/gridmap/arena2.map","Hidden"
"graph","depth","Success","3984","3984","14828","19318","0.2344","(179, 260)","(11, 94)","./example/gridmap/arena2.map","Hidden"
"graph","depth","Success","3622","3622","8574","12546","0.125","(114, 72)","(178, 278)","./example/gridmap/arena2.map","Hidden"
"graph","depth","Success","3480","3480","9184","13073","0.125","(106, 71)","(205, 262)","./example/gridmap/arena2.map","Hidden"
"graph","depth","Success","4114","4114","5641","10119","0.0781","(101, 12)","(144, 265)","./example/gridmap/arena2.map","Hidden"
"graph","depth","Success","4288","4288","4798","9452","0.0781","(102, 20)","(61, 269)","./example/gridmap/arena2.map","Hidden"
"graph","depth","Success","3514","3514","11664","15683","0.1875","(201, 276)","(44, 99)","./example/gridmap/arena2.map","Hidden"
"graph","depth","Success","3775","3775","16827","20992","0.2656","(79, 246)","(111, 13)","./example/gridmap/arena2.map","Hidden"
"graph","depth","Success","3524","3524","19932","23756","0.2812","(60, 249)","(103, 12)","./example/gridmap/arena2.map","Hidden"
"graph","depth","Success","3301","3301","16150","19854","0.25","(199, 265)","(129, 80)","./example/gridmap/arena2.map","Hidden"
"graph","depth","Success","3658","3658","6304","10332","0.0938","(105, 20)","(52, 251)","./example/gridmap/arena2.map","Hidden"
"graph","depth","Success","3407","3407","9188","12942","0.1406","(124, 63)","(198, 254)","./example/gridmap/arena2.map","Hidden"
"graph","depth","Success","4032","4032","7588","12022","0.125","(102, 31)","(152, 227)","./example/gridmap/arena2.map","Hidden"
"graph","depth","Success","3171","3171","8262","11776","0.125","(143, 81)","(193, 276)","./example/gridmap/arena2.map","Hidden"
"graph","depth","Success","3549","3549","16454","20412","0.2656","(199, 267)","(65, 76)","./example/gridmap/arena2.map","Hidden"
"graph","depth","Success","3799","3799","8028","12227","0.125","(92, 55)","(187, 233)","./example/gridmap/arena2.map","Hidden"
"graph","depth","Success","3623","3623","16412","20420","0.25","(186, 269)","(60, 76)","./example/gridmap/arena2.map","Hidden"
"graph","depth","Success","3619","3619","17067","21139","0.25","(197, 252)","(6, 100)","./example/gridmap/arena2.map","Hidden"
"graph","depth","Success","3216","3216","18480","22009","0.2812","(194, 279)","(157, 90)","./example/gridmap/arena2.map","Hidden"
"graph","depth","Success","3442","3442","8393","12175","0.1562","(103, 77)","(203, 275)","./example/gridmap/arena2.map","Hidden"
"graph","depth","Success","3758","3758","19682","23730","0.2969","(65, 235)","(106, 12)","./example/gridmap/arena2.map","Hidden"
"graph","depth","Success","4450","4450","16207","21063","0.25","(40, 276)","(100, 36)","./example/gridmap/arena2.map","Hidden"
"graph","depth","Success","3484","3484","16038","19962","0.2344","(181, 276)","(50, 79)","./example/gridmap/arena2.map","Hidden"
"graph","depth","Success","4492","4492","15900","20808","0.25","(62, 276)","(108, 14)","./example/gridmap/arena2.map","Hidden"
"graph","depth","Success","3616","3616","9023","13016","0.1406","(99, 62)","(199, 266)","./example/gridmap/arena2.map","Hidden"
"graph","depth","Success","3342","3342","15821","19547","0.2344","(207, 277)","(89, 89)","./example/gridmap/arena2.map","Hidden"
"graph","depth","Success","3921","3921","6749","11028","0.1094","(112, 6)","(71, 238)","./example/gridmap/arena2.map","Hidden"
"graph","depth","Success","3339","3339","8174","11862","0.1406","(71, 83)","(190, 277)","./example/gridmap/arena2.map","Hidden"
"graph","depth","Success","4218","4218","18517","23188","0.2812","(170, 220)","(111, 37)","./example/gridmap/arena2.map","Hidden"
"graph","depth","Success","3928","3928","7934","12306","0.125","(102, 50)","(188, 228)","./example/gridmap/arena2.map","Hidden"
"graph","depth","Success","3770","3770","6740","10876","0.125","(108, 18)","(50, 242)","./example/gridmap/arena2.map","Hidden"
"graph","depth","Success","3702","3702","8714","12768","0.1406","(101, 7)","(149, 245)","./example/gridmap/arena2.map","Hidden"
"graph","depth","Success","3960","3960","16801","21134","0.25","(64, 256)","(112, 0)","./example/gridmap/arena2.map","Hidden"
"graph","depth","Success","3860","3860","14786","19183","0.2344","(204, 254)","(3, 99)","./example/gridmap/arena2.map","Hidden"
"graph","depth","Success","4041","4041","8384","12864","0.1406","(108, 46)","(187, 224)","./example/gridmap/arena2.map","Hidden"
"graph","depth","Success","2559","2559","7392","10150","0.125","(12, 98)","(204, 263)","./example/gridmap/arena2.map","Hidden"
"graph","depth","Success","3787","3787","8743","12916","0.1406","(107, 49)","(180, 269)","./example/gridmap/arena2.map","Hidden"
"graph","depth","Success","4058","4058","7614","12071","0.1094","(102, 35)","(164, 225)","./example/gridmap/arena2.map","Hidden"
"graph","depth","Success","2679","2679","7647","10529","0.1094","(12, 104)","(195, 276)","./example/gridmap/arena2.map","Hidden"
"graph","depth","Success","4375","4375","18447","23207","0.2812","(150, 274)","(107, 12)","./example/gridmap/arena2.map","Hidden"
"graph","depth","Success","4320","4320","18378","23058","0.2812","(149, 265)","(104, 6)","./example/gridmap/arena2.map","Hidden"
"graph","depth","Success","3052","3052","8061","11429","0.125","(77, 85)","(201, 279)","./example/gridmap/arena2.map","Hidden"
"graph","depth","Success","3956","3956","7510","11874","0.125","(108, 39)","(188, 229)","./example/gridmap/arena2.map","Hidden"
"graph","depth","Success","4312","4312","18367","23037","0.2969","(144, 265)","(111, 14)","./example/gridmap/arena2.map","Hidden"
"graph","depth","Success","3764","3764","16734","20988","0.25","(205, 268)","(117, 62)","./example/gridmap/arena2.map","Hidden"
"graph","depth","Success","4232","4232","16960","21626","0.25","(153, 226)","(105, 24)","./example/gridmap/arena2.map","Hidden"
"graph","depth","Success","4393","4393","16293","21091","0.25","(40, 272)","(104, 23)","./example/gridmap/arena2.map","Hidden"
"graph","depth","Success","3374","3374","18094","21937","0.2812","(205, 272)","(74, 79)","./example/gridmap/arena2.map","Hidden"
"graph","depth","Success","3910","3910","17527","21902","0.2812","(178, 279)","(120, 61)","./example/gridmap/arena2.map","Hidden"
"graph","depth","Success","3500","3500","7044","10919","0.0938","(106, 43)","(195, 244)","./example/gridmap/arena2.map","Hidden"
"graph","depth","Success","4181","4181","14661","19311","0.2188","(199, 280)","(8, 106)","./example/gridmap/arena2.map","Hidden"
"graph","depth","Success","4255","4255","18079","22696","0.2656","(153, 263)","(102, 1)","./example/gridmap/arena2.map","Hidden"
"graph","depth","Success","3657","3657","6919","10941","0.1406","(108, 12)","(43, 252)","./example/gridmap/arena2.map","Hidden"
"graph","depth","Success","3661","3661","8418","12443","0.125","(100, 26)","(180, 241)","./example/gridmap/arena2.map","Hidden"
"graph","depth","Success","3961","3961","6657","10981","0.0938","(110, 7)","(53, 237)","./example/gridmap/arena2.map","Hidden"
"graph","depth","Success","3654","3654","19330","23340","0.2812","(185, 256)","(99, 34)","./example/gridmap/arena2.map","Hidden"
"graph","depth","Success","3798","3798","6999","11144","0.125","(97, 23)","(66, 246)","./example/gridmap/arena2.map","Hidden"
"graph","depth","Success","3555","3555","9614","13485","0.1406","(108, 15)","(169, 245)","./example/gridmap/arena2.map","Hidden"
"graph","depth","Success","3971","3971","17561","21935","0.2812","(198, 279)","(95, 61)","./example/gridmap/arena2.map","Hidden"
"graph","depth","Success","3875","3875","16625","20963","0.2656","(200, 278)","(121, 64)","./example/gridmap/arena2.map","Hidden"
"graph","depth","Success","4529","4529","4845","9723","0.0781","(105, 10)","(52, 278)","./example/gridmap/arena2.map","Hidden"
"graph","depth","Success","4151","4151","7875","12419","0.125","(106, 29)","(164, 220)","./example/gridmap/arena2.map","Hidden"
"graph","depth","Success","3837","3837","18992","23202","0.2812","(46, 253)","(106, 4)","./example/gridmap/arena2.map","Hidden"
"graph","depth","Success","4005","4005","8045","12431","0.1406","(99, 26)","(180, 228)","./example/gridmap/arena2.map","Hidden"
"graph","depth","Success","3803","3803","17415","21567","0.375","(147, 240)","(111, 11)","./example/gridmap/arena2.map","Hidden"
"graph","depth","Success","4109","4109","18775","23264","0.3438","(50, 257)","(98, 2)","./example/gridmap/arena2.map","Hidden"
"graph","depth","Success","4146","4146","17642","22217","0.3438","(163, 229)","(108, 16)","./example/gridmap/arena2.map","Hidden"
"graph","depth","Success","3637","3637","9355","13375","0.1562","(101, 35)","(183, 256)","./example/gridmap/arena2.map","Hidden"
"graph","depth","Success","3508","3508","9428","13308","0.1719","(109, 41)","(203, 249)","./example/gridmap/arena2.map","Hidden"
"graph","depth","Success","4184","4184","5419","9954","0.0938","(97, 22)","(63, 262)","./example/gridmap/arena2.map","Hidden"
"graph","depth","Success","3707","3707","8664","12765","0.1562","(106, 40)","(196, 261)","./example/gridmap/arena2.map","Hidden"
"graph","depth","Success","3575","3575","18871","22802","0.3125","(187, 245)","(104, 25)","./example/gridmap/arena2.map","Hidden"
"graph","depth","Success","4580","4580","16088","21066","0.2656","(58, 279)","(99, 0)","./example/gridmap/arena2.map","Hidden"
"graph","depth","Success","2784","2784","7675","10642","0.125","(4, 97)","(206, 279)","./example/gridmap/arena2.map","Hidden"
"graph","depth","Success","3817","3817","8831","13002","0.1562","(104, 59)","(206, 280)","./example/gridmap/arena2.map","Hidden"
"graph","depth","Success","3988","3988","16703","21165","0.2969","(203, 276)","(88, 57)","./example/gridmap/arena2.map","Hidden"
"graph","depth","Success","3575","3575","8571","12505","0.125","(107, 27)","(185, 248)","./example/gridmap/arena2.map","Hidden"
"graph","depth","Success","4057","4057","7629","12032","0.1094","(108, 8)","(146, 229)","./example/gridmap/arena2.map","Hidden"
"graph","depth","Success","3843","3843","16774","21048","0.2656","(152, 256)","(97, 22)","./example/gridmap/arena2.map","Hidden"
"graph","depth","Success","3793","3793","9171","13330","0.1562","(98, 33)","(181, 265)","./example/gridmap/arena2.map","Hidden"
"graph","depth","Success","3808","3808","8206","12381","0.1094","(107, 32)","(186, 235)","./example/gridmap/arena2.map","Hidden"
"graph","depth","Success","4034","4034","8017","12444","0.1406","(105, 21)","(180, 226)","./example/gridmap/arena2.map","Hidden"
"graph","depth","Success","3970","3970","9449","13819","0.1719","(101, 46)","(183, 280)","./example/gridmap/arena2.map","Hidden"
"graph","depth","Success","3958","3958","6131","10461","0.0938","(104, 4)","(40, 258)","./example/gridmap/arena2.map","Hidden"
"graph","depth","Success","3552","3552","9367","13297","0.1719","(101, 41)","(206, 252)","./example/gridmap/arena2.map","Hidden"
"graph","depth","Success","3620","3620","9491","13459","0.1562","(104, 19)","(182, 251)","./example/gridmap/arena2.map","Hidden"
"graph","depth","Success","3951","3951","7522","11825","0.1094","(102, 7)","(168, 236)","./example/gridmap/arena2.map","Hidden"
"graph","depth","Success","3499","3499","18954","22817","0.2969","(205, 245)","(111, 36)","./example/gridmap/arena2.map","Hidden"
"graph","depth","Success","3996","3996","16720","21124","0.2812","(187, 233)","(106, 28)","./example/gridmap/arena2.map","Hidden"
"graph","depth","Success","4458","4458","17193","22019","0.2812","(147, 219)","(109, 11)","./example/gridmap/arena2.map","Hidden"
"graph","depth","Success","2794","2794","7726","10711","0.125","(5, 92)","(201, 278)","./example/gridmap/arena2.map","Hidden"
"graph","depth","Success","3838","3838","17608","21898","0.2969","(195, 255)","(106, 36)","./example/gridmap/arena2.map","Hidden"
"graph","depth","Success","3835","3835","7616","11803","0.1094","(108, 11)","(176, 238)","./example/gridmap/arena2.map","Hidden"
"graph","depth","Success","4453","4453","16240","21091","0.2656","(39, 272)","(109, 5)","./example/gridmap/arena2.map","Hidden"
"graph","depth","Success","4205","4205","7858","12447","0.125","(107, 26)","(184, 220)","./example/gridmap/arena2.map","Hidden"
"graph","depth","Success","3695","3695","7097","11144","0.1094","(97, 20)","(42, 252)","./example/gridmap/arena2.map","Hidden"
"graph","depth","Success","4264","4264","18141","22848","0.2969","(148, 224)","(112, 8)","./example/gridmap/arena2.map","Hidden"
"graph","depth","Success","4399","4399","18195","22983","0.25","(158, 275)","(111, 15)","./example/gridmap/arena2.map","Hidden"
"graph","depth","Success","4298","4298","4540","9202","0.0781","(109, 8)","(36, 265)","./example/gridmap/arena2.map","Hidden"
"graph","depth","Success","3615","3615","9703","13634","0.1406","(97, 6)","(173, 245)","./example/gridmap/arena2.map","Hidden"
"graph","depth","Success","3781","3781","19236","23378","0.2812","(194, 264)","(101, 32)","./example/gridmap/arena2.map","Hidden"
"graph","depth","Success","3877","3877","8842","13086","0.1562","(98, 37)","(201, 271)","./example/gridmap/arena2.map","Hidden"
"graph","depth","Success","4058","4058","17015","21516","0.2344","(204, 270)","(98, 36)","./example/gridmap/arena2.map","Hidden"
"graph","depth","Success","3623","3623","8544","12516","0.1406","(105, 15)","(186, 243)","./example/gridmap/arena2.map","Hidden"
"graph","depth","Success","3909","3909","17768","22090","0.2344","(191, 237)","(102, 19)","./example/gridmap/arena2.map","Hidden"
"graph","depth","Success","3689","3689","9417","13475","0.1406","(105, 14)","(180, 256)","./example/gridmap/arena2.map","Hidden"
"graph","depth","Success","3727","3727","8478","12558","0.1406","(103, 13)","(184, 241)","./example/gridmap/arena2.map","Hidden"
"graph","depth","Success","4085","4085","18430","22962","0.2812","(186, 228)","(106, 21)","./example/gridmap/arena2.map","Hidden"
"graph","depth","Success","3959","3959","17187","21552","0.25","(196, 263)","(104, 32)","./example/gridmap/arena2.map","Hidden"
"graph","depth","Success","4414","4414","17146","21937","0.25","(182, 218)","(102, 20)","./example/gridmap/arena2.map","Hidden"
"graph","depth","Success","3957","3957","9003","13338","0.1562","(101, 40)","(196, 278)","./example/gridmap/arena2.map","Hidden"
"graph","depth","Success","3880","3880","8845","13093","0.1406","(102, 28)","(189, 269)","./example/gridmap/arena2.map","Hidden"
"graph","depth","Success","3881","3881","9147","13396","0.1406","(107, 30)","(182, 270)","./example/gridmap/arena2.map","Hidden"
"graph","depth","Success","4484","4484","15573","20465","0.2344","(49, 275)","(97, 23)","./example/gridmap/arena2.map","Hidden"
"graph","depth","Success","4107","4107","16914","21467","0.25","(206, 278)","(107, 40)","./example/gridmap/arena2.map","Hidden"
"graph","depth","Success","4153","4153","7713","12249","0.1094","(104, 14)","(182, 223)","./example/gridmap/arena2.map","Hidden"
"graph","depth","Success","3760","3760","9363","13489","0.1406","(103, 15)","(182, 260)","./example/gridmap/arena2.map","Hidden"
"graph","depth","Success","3704","3704","17592","21647","0.2656","(197, 240)","(105, 20)","./example/gridmap/arena2.map","Hidden"
"graph","depth","Success","4181","4181","18568","23203","0.2812","(172, 228)","(111, 4)","./example/gridmap/arena2.map","Hidden"
"graph","depth","Success","4279","4279","7839","12491","0.125","(108, 9)","(169, 219)","./example/gridmap/arena2.map","Hidden"
"graph","depth","Success","4260","4260","18137","22837","0.2812","(157, 224)","(111, 12)","./example/gridmap/arena2.map","Hidden"
"graph","depth","Success","4296","4296","8040","12715","0.1406","(101, 1)","(162, 220)","./example/gridmap/arena2.map","Hidden"
"graph","depth","Success","3672","3672","9586","13603","0.1406","(105, 8)","(188, 249)","./example/gridmap/arena2.map","Hidden"
"graph","depth","Success","4137","4137","7951","12475","0.1406","(106, 16)","(187, 222)","./example/gridmap/arena2.map","Hidden"
"graph","depth","Success","4020","4020","7724","12086","0.125","(98, 15)","(173, 232)","./example/gridmap/arena2.map","Hidden"
"graph","depth","Success","3752","3752","9482","13601","0.1562","(106, 8)","(186, 256)","./example/gridmap/arena2.map","Hidden"
"graph","depth","Success","4357","4357","18234","23026","0.2812","(156, 220)","(112, 13)","./example/gridmap/arena2.map","Hidden"
"graph","depth","Success","3860","3860","7584","11788","0.125","(111, 14)","(177, 238)","./example/gridmap/arena2.map","Hidden"
"graph","depth","Success","4124","4124","16885","21420","0.2969","(171, 234)","(97, 18)","./example/gridmap/arena2.map","Hidden"
"graph","depth","Success","3781","3781","8746","12902","0.1562","(104, 31)","(206, 264)","./example/gridmap/arena2.map","Hidden"
"graph","depth","Success","3888","3888","17747","22047","0.2969","(199, 237)","(106, 20)","./example/gridmap/arena2.map","Hidden"
"graph","depth","Success","3853","3853","16611","20873","0.2812","(184, 247)","(99, 15)","./example/gridmap/arena2.map","Hidden"
"graph","depth","Success","4410","4410","18341","23179","0.3125","(167, 220)","(111, 0)","./example/gridmap/arena2.map","Hidden"
"graph","depth","Success","3868","3868","9229","13458","0.1562","(102, 17)","(187, 268)","./example/gridmap/arena2.map","Hidden"
"graph","depth","Success","3914","3914","9144","13420","0.1562","(106, 23)","(191, 272)","./example/gridmap/arena2.map","Hidden"
"graph","depth","Success","3649","3649","9721","13721","0.1719","(103, 18)","(200, 254)","./example/gridmap/arena2.map","Hidden"
"graph","depth","Success","3917","3917","8883","13161","0.1719","(105, 22)","(193, 271)","./example/gridmap/arena2.map","Hidden"
"graph","depth","Success","3771","3771","17911","22095","0.2812","(198, 241)","(106, 16)","./example/gridmap/arena2.map","Hidden"
"graph","depth","Success","4074","4074","7631","12092","0.125","(105, 13)","(191, 229)","./example/gridmap/arena2.map","Hidden"
"graph","depth","Success","3828","3828","8271","12458","0.1406","(104, 21)","(202, 235)","./example/gridmap/arena2.map","Hidden"
"graph","depth","Success","4174","4174","7874","12423","0.125","(96, 16)","(171, 225)","./example/gridmap/arena2.map","Hidden"
"graph","depth","Success","3884","3884","9498","13737","0.1406","(105, 11)","(186, 266)","./example/gridmap/arena2.map","Hidden"
"graph","depth","Success","4229","4229","17204","21817","0.2812","(189, 227)","(109, 10)","./example/gridmap/arena2.map","Hidden"
"graph","depth","Success","3922","3922","9204","13482","0.1406","(107, 18)","(189, 270)","./example/gridmap/arena2.map","Hidden"
"graph","depth","Success","3850","3850","9312","13518","0.1406","(104, 12)","(194, 264)","./example/gridmap/arena2.map","Hidden"
"graph","depth","Success","3776","3776","16754","20935","0.2812","(203, 243)","(107, 13)","./example/gridmap/arena2.map","Hidden"
"graph","depth","Success","4194","4194","17019","21628","0.2656","(190, 274)","(106, 22)","./example/gridmap/arena2.map","Hidden"
"graph","depth","Success","4150","4150","16986","21576","0.2812","(203, 274)","(105, 30)","./example/gridmap/arena2.map","Hidden"
"graph","depth","Success","3807","3807","9430","13601","0.1562","(111, 8)","(180, 260)","./example/gridmap/arena2.map","Hidden"
"graph","depth","Success","4152","4152","17030","21613","0.2969","(182, 272)","(107, 17)","./example/gridmap/arena2.map","Hidden"
"graph","depth","Success","3820","3820","9057","13240","0.1562","(102, 18)","(201, 263)","./example/gridmap/arena2.map","Hidden"
"graph","depth","Success","3990","3990","9019","13367","0.1562","(105, 33)","(204, 280)","./example/gridmap/arena2.map","Hidden"
"graph","depth","Success","4277","4277","8075","12726","0.1406","(107, 6)","(188, 220)","./example/gridmap/arena2.map","Hidden"
"graph","depth","Success","4385","4385","18316","23137","0.2969","(184, 220)","(103, 0)","./example/gridmap/arena2.map","Hidden"
"graph","depth","Success","3761","3761","9011","13139","0.1562","(107, 20)","(205, 261)","./example/gridmap/arena2.map","Hidden"
"graph","depth","Success","3849","3849","19552","23744","0.3594","(196, 264)","(107, 10)","./example/gridmap/arena2.map","Hidden"
"graph","depth","Success","3905","3905","8874","13136","0.1406","(103, 9)","(190, 267)","./example/gridmap/arena2.map","Hidden"
"graph","depth","Success","3686","3686","8675","12708","0.1406","(101, 3)","(198, 248)","./example/gridmap/arena2.map","Hidden"
"graph","depth","Success","3972","3972","9132","13461","0.125","(106, 18)","(188, 274)","./example/gridmap/arena2.map","Hidden"
"graph","depth","Success","3933","3933","9215","13501","0.1875","(109, 12)","(188, 270)","./example/gridmap/arena2.map","Hidden"
"graph","depth","Success","3820","3820","18915","23078","0.3281","(188, 260)","(112, 6)","./example/gridmap/arena2.map","Hidden"
"graph","depth","Success","4229","4229","8083","12691","0.1406","(111, 0)","(186, 224)","./example/gridmap/arena2.map","Hidden"
"graph","depth","Success","3938","3938","9157","13454","0.1719","(107, 16)","(197, 272)","./example/gridmap/arena2.map","Hidden"
"graph","depth","Success","3813","3813","16709","20932","0.2656","(204, 247)","(101, 5)","./example/gridmap/arena2.map","Hidden"
"graph","depth","Success","4144","4144","17392","21924","0.2812","(200, 265)","(103, 8)","./example/gridmap/arena2.map","Hidden"
"graph","depth","Success","4121","4121","17140","21707","0.2812","(191, 268)","(110, 8)","./example/gridmap/arena2.map","Hidden"
"graph","depth","Success","4022","4022","8990","13363","0.1562","(107, 13)","(183, 275)","./example/gridmap/arena2.map","Hidden"
"graph","depth","Success","3676","3676","9683","13699","0.1719","(100, 1)","(198, 245)","./example/gridmap/arena2.map","Hidden"
"graph","depth","Success","4178","4178","17075","21690","0.2656","(185, 272)","(102, 9)","./example/gridmap/arena2.map","Hidden"
"graph","depth","Success","3811","3811","17700","21926","0.2969","(197, 241)","(112, 7)","./example/gridmap/arena2.map","Hidden"
"graph","depth","Success","3800","3800","8769","12930","0.1562","(103, 12)","(206, 259)","./example/gridmap/arena2.map","Hidden"
"graph","depth","Success","4385","4385","17145","21955","0.2969","(189, 222)","(96, 14)","./example/gridmap/arena2.map","Hidden"
"graph","depth","Success","4019","4019","9147","13516","0.1562","(109, 10)","(184, 276)","./example/gridmap/arena2.map","Hidden"
"graph","depth","Success","3792","3792","7493","11629","0.125","(97, 19)","(192, 240)","./example/gridmap/arena2.map","Hidden"
"graph","depth","Success","3794","3794","19513","23655","0.3125","(190, 256)","(97, 19)","./example/gridmap/arena2.map","Hidden"
"graph","depth","Success","3834","3834","9413","13615","0.1562","(105, 7)","(202, 260)","./example/gridmap/arena2.map","Hidden"
"graph","depth","Success","4191","4191","8176","12736","0.125","(97, 21)","(183, 224)","./example/gridmap/arena2.map","Hidden"
"graph","depth","Success","3795","3795","17613","21825","0.2812","(206, 242)","(109, 8)","./example/gridmap/arena2.map","Hidden"
"graph","depth","Success","3879","3879","17464","21780","0.2812","(207, 251)","(99, 8)","./example/gridmap/arena2.map","Hidden"
"graph","depth","Success","3936","3936","9025","13319","0.1406","(99, 5)","(191, 267)","./example/gridmap/arena2.map","Hidden"
"graph","depth","Success","4218","4218","17313","21924","0.2656","(197, 273)","(104, 10)","./example/gridmap/arena2.map","Hidden"
"graph","depth","Success","4002","4002","17341","21794","0.2656","(203, 258)","(97, 6)","./example/gridmap/arena2.map","Hidden"
"graph","depth","Success","4163","4163","17284","21897","0.3281","(190, 268)","(112, 1)","./example/gridmap/arena2.map","Hidden"
"graph","depth","Success","3974","3974","9390","13717","0.1562","(96, 10)","(184, 272)","./example/gridmap/arena2.map","Hidden"
"graph","depth","Success","4288","4288","17052","21712","0.2812","(196, 279)","(106, 13)","./example/gridmap/arena2.map","Hidden"
"graph","depth","Success","4081","4081","9057","13480","0.1562","(108, 10)","(187, 280)","./example/gridmap/arena2.map","Hidden"
"graph","depth","Success","4176","4176","17159","21756","0.2812","(197, 270)","(111, 6)","./example/gridmap/arena2.map","Hidden"
"graph","depth","Success","4137","4137","17238","21753","0.2969","(178, 267)","(112, 16)","./example/gridmap/arena2.map","Hidden"
"graph","depth","Success","3982","3982","9174","13506","0.1406","(107, 11)","(207, 273)","./example/gridmap/arena2.map","Hidden"
"graph","depth","Success","4141","4141","17221","21823","0.2812","(198, 268)","(101, 4)","./example/gridmap/arena2.map","Hidden"
"graph","depth","Success","4065","4065","9055","13470","0.1406","(112, 5)","(181, 275)","./example/gridmap/arena2.map","Hidden"
