"Framework","Strategy","Status","Cost","Depth","Nodes(exp)","Nodes(gen)","Runtime","start","goal","Problem","Solution"
"graph","depth","Success","1182.4800000000014","843","21606","23526","0.7188","(124, 256)","(125, 258)","./example/gridmap/arena2.map","Hidden"
"graph","depth","Success","521.2900000000038","370","450","1282","0.0312","(159, 99)","(162, 101)","./example/gridmap/arena2.map","Hidden"
"graph","depth","Success","4.2299999999999995","3","24298","24310","0.75","(130, 112)","(131, 109)","./example/gridmap/arena2.map","Hidden"
"graph","depth","Success","5119.229999999738","3642","4594","13026","0.1562","(94, 101)","(93, 103)","./example/gridmap/arena2.map","Hidden"
"graph","depth","Success","2.41","2","24303","24310","0.7969","(58, 111)","(60, 110)","./example/gridmap/arena2.map","Hidden"
"graph","depth","Success","5005.60999999975","3562","13083","21287","0.4062","(83, 93)","(80, 95)","./example/gridmap/arena2.map","Hidden"
"graph","depth","Success","1739.5600000000334","1241","20645","23544","0.6562","(48, 262)","(46, 259)","./example/gridmap/arena2.map","Hidden"
"graph","depth","Success","2.41","2","24304","24310","0.75","(39, 270)","(40, 268)","./example/gridmap/arena2.map","Hidden"
"graph","depth","Success","1","1","24308","24310","0.7812","(101, 237)","(102, 237)","./example/gridmap/arena2.map","Hidden"
"graph","depth","Success","1","1","24311","24310","0.7656","(178, 274)","(178, 273)","./example/gridmap/arena2.map","Hidden"
"graph","depth","Success","6.64","5","24292","24310","0.7812","(99, 102)","(104, 98)","./example/gridmap/arena2.map","Hidden"
"graph","depth","Success","5045.499999999745","3590","4543","12825","0.1719","(113, 69)","(117, 69)","./example/gridmap/arena2.map","Hidden"
"graph","depth","Success","1124.6699999999983","802","21767","23580","0.6719","(138, 256)","(131, 256)","./example/gridmap/arena2.map","Hidden"
"graph","depth","Success","1625.2200000000269","1157","1470","4096","0.0625","(123, 118)","(126, 112)","./example/gridmap/arena2.map","Hidden"
"graph","depth","Success","163.1499999999997","116","157","452","0.0","(128, 141)","(129, 147)","./example/gridmap/arena2.map","Hidden"
"graph","depth","Success","5.2299999999999995","4","24295","24310","0.7656","(40, 140)","(44, 137)","./example/gridmap/arena2.map","Hidden"
"graph","depth","Success","1913.5800000000434","1365","20190","23339","0.6719","(53, 239)","(50, 245)","./example/gridmap/arena2.map","Hidden"
"graph","depth","Success","203.0399999999996","144","145","534","0.0","(143, 164)","(143, 160)","./example/gridmap/arena2.map","Hidden"
"graph","depth","Success","2016.4300000000499","1433","19699","23393","0.625","(73, 170)","(69, 174)","./example/gridmap/arena2.map","Hidden"
"graph","depth","Success","77.13999999999989","55","3511","3663","0.125","(123, 264)","(122, 258)","./example/gridmap/arena2.map","Hidden"
"graph","depth","Success","6131.509999999635","4364","6357","16481","0.2188","(91, 82)","(101, 81)","./example/gridmap/arena2.map","Hidden"
"graph","depth","Success","1628.0900000000272","1157","2690","5771","0.0938","(98, 108)","(106, 116)","./example/gridmap/arena2.map","Hidden"
"graph","depth","Success","761.1699999999984","541","22773","24050","0.7344","(139, 194)","(132, 185)","./example/gridmap/arena2.map","Hidden"
"graph","depth","Success","10.87","8","24279","24310","0.7812","(90, 196)","(98, 189)","./example/gridmap/arena2.map","Hidden"
"graph","depth","Success","252.15999999999948","180","23817","24274","0.7812","(144, 268)","(141, 277)","./example/gridmap/arena2.map","Hidden"
"graph","depth","Success","1275.3100000000068","910","21370","23420","0.6719","(91, 263)","(100, 263)","./example/gridmap/arena2.map","Hidden"
"graph","depth","Success","3458.9399999999064","2461","3549","9361","0.1406","(87, 122)","(97, 123)","./example/gridmap/arena2.map","Hidden"
"graph","depth","Success","834.8499999999967","595","618","1921","0.0156","(136, 168)","(136, 178)","./example/gridmap/arena2.map","Hidden"
"graph","depth","Success","11.28","8","24277","24310","0.7656","(43, 150)","(51, 144)","./example/gridmap/arena2.map","Hidden"
"graph","depth","Success","5686.40999999968","4046","6034","15411","0.25","(39, 130)","(31, 133)","./example/gridmap/arena2.map","Hidden"
"graph","depth","Success","2067.1400000000494","1471","1819","5211","0.0625","(113, 192)","(106, 180)","./example/gridmap/arena2.map","Hidden"
"graph","depth","Success","1209.860000000003","863","1063","2926","0.0469","(166, 221)","(153, 227)","./example/gridmap/arena2.map","Hidden"
"graph","depth","Success","5597.169999999689","3983","5902","15077","0.2031","(49, 161)","(45, 147)","./example/gridmap/arena2.map","Hidden"
"graph","depth","Success","248.5199999999995","178","23884","24310","0.7656","(74, 270)","(60, 274)","./example/gridmap/arena2.map","Hidden"
"graph","depth","Success","210.08999999999958","149","23936","24310","0.7188","(157, 126)","(170, 121)","./example/gridmap/arena2.map","Hidden"
"graph","depth","Success","4481.089999999804","3190","13769","21056","0.4531","(95, 202)","(82, 206)","./example/gridmap/arena2.map","Hidden"
"graph","depth","Success","1880.6600000000421","1337","21011","24063","0.75","(132, 183)","(128, 196)","./example/gridmap/arena2.map","Hidden"
"graph","depth","Success","264.8499999999996","189","192","592","0.0156","(167, 121)","(169, 133)","./example/gridmap/arena2.map","Hidden"
"graph","depth","Success","496.9100000000037","353","23527","24310","0.7188","(164, 90)","(165, 105)","./example/gridmap/arena2.map","Hidden"
"graph","depth","Success","297.46000000000015","213","23750","24274","0.7656","(189, 256)","(196, 266)","./example/gridmap/arena2.map","Hidden"
"graph","depth","Success","5747.219999999674","4090","5169","14547","0.1875","(49, 129)","(36, 138)","./example/gridmap/arena2.map","Hidden"
"graph","depth","Success","383.06000000000165","274","23571","24218","0.7656","(154, 254)","(136, 256)","./example/gridmap/arena2.map","Hidden"
"graph","depth","Success","5893.039999999659","4194","11596","21184","0.4375","(50, 95)","(38, 107)","./example/gridmap/arena2.map","Hidden"
"graph","depth","Success","35.83999999999999","26","24250","24310","0.75","(72, 161)","(78, 175)","./example/gridmap/arena2.map","Hidden"
"graph","depth","Success","3258.1299999999273","2318","4001","9435","0.1562","(92, 117)","(94, 136)","./example/gridmap/arena2.map","Hidden"
"graph","depth","Success","19.33","14","24256","24310","0.7188","(67, 264)","(81, 251)","./example/gridmap/arena2.map","Hidden"
"graph","depth","Success","5664.209999999683","4032","11985","21284","0.4219","(18, 128)","(13, 114)","./example/gridmap/arena2.map","Hidden"
"graph","depth","Success","1654.830000000029","1178","2159","4878","0.0781","(135, 167)","(139, 184)","./example/gridmap/arena2.map","Hidden"
"graph","depth","Success","6012.8899999996465","4279","5353","15312","0.1875","(95, 82)","(102, 99)","./example/gridmap/arena2.map","Hidden"
"graph","depth","Success","16.919999999999998","12","24262","24310","0.7656","(67, 128)","(77, 116)","./example/gridmap/arena2.map","Hidden"
"graph","depth","Success","839.3099999999966","597","22945","24288","0.75","(149, 169)","(131, 183)","./example/gridmap/arena2.map","Hidden"
"graph","depth","Success","4571.969999999794","3253","8849","16789","0.2812","(75, 172)","(79, 194)","./example/gridmap/arena2.map","Hidden"
"graph","depth","Success","893.4799999999955","636","994","2502","0.0469","(154, 167)","(137, 156)","./example/gridmap/arena2.map","Hidden"
"graph","depth","Success","2194.8100000000363","1563","17957","21554","0.5781","(122, 200)","(117, 179)","./example/gridmap/arena2.map","Hidden"
"graph","depth","Success","1413.360000000015","1005","1403","3704","0.0469","(150, 105)","(153, 83)","./example/gridmap/arena2.map","Hidden"
"graph","depth","Success","4848.099999999766","3450","9018","16902","0.2969","(124, 179)","(114, 161)","./example/gridmap/arena2.map","Hidden"
"graph","depth","Success","975.0799999999936","693","707","2299","0.0156","(159, 156)","(151, 139)","./example/gridmap/arena2.map","Hidden"
"graph","depth","Success","4961.309999999754","3530","13197","21291","0.4062","(105, 84)","(85, 77)","./example/gridmap/arena2.map","Hidden"
"graph","depth","Success","5176.219999999732","3683","9624","18117","0.2812","(41, 95)","(58, 105)","./example/gridmap/arena2.map","Hidden"
"graph","depth","Success","1512.7800000000202","1079","21102","23544","0.6875","(65, 238)","(74, 258)","./example/gridmap/arena2.map","Hidden"
"graph","depth","Success","158.9199999999997","113","23944","24310","0.7344","(88, 172)","(104, 153)","./example/gridmap/arena2.map","Hidden"
"graph","depth","Success","303.3300000000003","216","218","713","0.0","(207, 257)","(186, 267)","./example/gridmap/arena2.map","Hidden"
"graph","depth","Success","48.52999999999996","35","24205","24310","0.7344","(96, 190)","(119, 181)","./example/gridmap/arena2.map","Hidden"
"graph","depth","Success","659.0600000000006","468","23216","24310","0.7031","(140, 95)","(164, 95)","./example/gridmap/arena2.map","Hidden"
"graph","depth","Success","6229.849999999624","4432","6428","16727","0.25","(94, 70)","(87, 92)","./example/gridmap/arena2.map","Hidden"
"graph","depth","Success","1672.1600000000296","1190","21415","24122","0.6719","(121, 96)","(122, 69)","./example/gridmap/arena2.map","Hidden"
"graph","depth","Success","48.93999999999996","35","24220","24310","1.0156","(104, 62)","(126, 75)","./example/gridmap/arena2.map","Hidden"
"graph","depth","Success","234.23999999999953","167","22511","22946","0.7812","(82, 262)","(79, 238)","./example/gridmap/arena2.map","Hidden"
"graph","depth","Success","656.8300000000007","467","22681","23946","0.75","(88, 202)","(96, 178)","./example/gridmap/arena2.map","Hidden"
"graph","depth","Success","572.0500000000027","406","23371","24310","0.7188","(147, 96)","(163, 117)","./example/gridmap/arena2.map","Hidden"
"graph","depth","Success","2147.9200000000415","1528","1771","5711","0.0625","(70, 135)","(68, 107)","./example/gridmap/arena2.map","Hidden"
"graph","depth","Success","3506.239999999902","2496","15141","20858","0.4844","(101, 245)","(95, 219)","./example/gridmap/arena2.map","Hidden"
"graph","depth","Success","1233.0100000000048","880","21765","23707","0.6875","(138, 265)","(114, 254)","./example/gridmap/arena2.map","Hidden"
"graph","depth","Success","1555.180000000023","1105","2875","5832","0.0781","(73, 123)","(102, 123)","./example/gridmap/arena2.map","Hidden"
"graph","depth","Success","5964.769999999651","4244","5544","15368","0.2031","(38, 135)","(35, 105)","./example/gridmap/arena2.map","Hidden"
"graph","depth","Success","5216.239999999728","3714","4615","13269","0.1562","(100, 177)","(81, 182)","./example/gridmap/arena2.map","Hidden"
"graph","depth","Success","4574.689999999794","3259","3981","11370","0.1562","(102, 192)","(75, 199)","./example/gridmap/arena2.map","Hidden"
"graph","depth","Success","361.5500000000013","257","23613","24309","0.7188","(105, 141)","(126, 158)","./example/gridmap/arena2.map","Hidden"
"graph","depth","Success","1954.570000000046","1390","13891","17066","0.4375","(100, 226)","(110, 201)","./example/gridmap/arena2.map","Hidden"
"graph","depth","Success","3979.359999999854","2833","4049","10556","0.1406","(129, 191)","(104, 199)","./example/gridmap/arena2.map","Hidden"
"graph","depth","Success","3068.1899999999464","2183","2564","7703","0.1094","(103, 103)","(102, 136)","./example/gridmap/arena2.map","Hidden"
"graph","depth","Success","540.9800000000033","386","22976","23853","0.6875","(179, 276)","(175, 242)","./example/gridmap/arena2.map","Hidden"
"graph","depth","Success","5936.239999999654","4229","5059","14538","0.1875","(114, 151)","(88, 136)","./example/gridmap/arena2.map","Hidden"
"graph","depth","Success","3784.829999999873","2693","10868","17168","0.3438","(115, 85)","(104, 56)","./example/gridmap/arena2.map","Hidden"
"graph","depth","Success","5481.9099999997015","3903","11203","20554","0.3438","(60, 171)","(36, 145)","./example/gridmap/arena2.map","Hidden"
"graph","depth","Success","4018.78999999985","2863","14802","21158","0.4688","(116, 192)","(87, 207)","./example/gridmap/arena2.map","Hidden"
"graph","depth","Success","2526.5200000000027","1800","19532","23625","0.5781","(102, 184)","(130, 198)","./example/gridmap/arena2.map","Hidden"
"graph","depth","Success","371.60000000000144","265","23668","24276","0.7344","(82, 197)","(62, 172)","./example/gridmap/arena2.map","Hidden"
"graph","depth","Success","5304.939999999719","3774","8346","17134","0.25","(82, 99)","(56, 113)","./example/gridmap/arena2.map","Hidden"
"graph","depth","Success","561.7200000000029","401","22913","23914","0.7188","(70, 277)","(45, 253)","./example/gridmap/arena2.map","Hidden"
"graph","depth","Success","47.93999999999996","34","24220","24310","0.7188","(53, 146)","(61, 112)","./example/gridmap/arena2.map","Hidden"
"graph","depth","Success","3908.2699999998617","2782","14919","21260","0.4531","(123, 183)","(123, 144)","./example/gridmap/arena2.map","Hidden"
"graph","depth","Success","1452.6100000000174","1034","1823","4247","0.0625","(136, 165)","(166, 142)","./example/gridmap/arena2.map","Hidden"
"graph","depth","Success","5970.999999999651","4249","5321","15175","0.1875","(104, 66)","(100, 101)","./example/gridmap/arena2.map","Hidden"
"graph","depth","Success","6055.779999999642","4310","6919","16774","0.2344","(120, 106)","(100, 84)","./example/gridmap/arena2.map","Hidden"
"graph","depth","Success","5053.9599999997445","3596","13021","21291","0.4375","(120, 65)","(85, 70)","./example/gridmap/arena2.map","Hidden"
"graph","depth","Success","5620.499999999687","4001","5074","14158","0.1875","(107, 93)","(108, 129)","./example/gridmap/arena2.map","Hidden"
"graph","depth","Success","5905.959999999657","4202","5855","15599","0.2031","(41, 148)","(37, 110)","./example/gridmap/arena2.map","Hidden"
"graph","depth","Success","1143.6399999999992","814","22201","24028","0.7031","(170, 92)","(150, 120)","./example/gridmap/arena2.map","Hidden"
"graph","depth","Success","1245.2100000000053","884","3379","5782","0.1094","(73, 128)","(88, 160)","./example/gridmap/arena2.map","Hidden"
"graph","depth","Success","5808.259999999667","4133","5345","14951","0.1719","(77, 101)","(49, 124)","./example/gridmap/arena2.map","Hidden"
"graph","depth","Success","5557.279999999693","3955","5157","14154","0.1875","(124, 162)","(109, 126)","./example/gridmap/arena2.map","Hidden"
"graph","depth","Success","143.40999999999974","102","24085","24310","0.7344","(99, 119)","(129, 150)","./example/gridmap/arena2.map","Hidden"
"graph","depth","Success","5673.309999999681","4037","11971","21284","0.4062","(13, 94)","(25, 128)","./example/gridmap/arena2.map","Hidden"
"graph","depth","Success","4237.439999999829","3014","13411","20584","0.4375","(64, 178)","(99, 199)","./example/gridmap/arena2.map","Hidden"
"graph","depth","Success","5563.689999999692","3961","7812","16831","0.25","(135, 139)","(93, 143)","./example/gridmap/arena2.map","Hidden"
"graph","depth","Success","358.32000000000124","255","23709","24310","0.7188","(167, 234)","(194, 266)","./example/gridmap/arena2.map","Hidden"
"graph","depth","Success","5172.1199999997325","3683","4834","13200","0.1719","(105, 101)","(79, 94)","./example/gridmap/arena2.map","Hidden"
"graph","depth","Success","1047.5299999999938","747","1298","2968","0.0312","(150, 118)","(144, 158)","./example/gridmap/arena2.map","Hidden"
"graph","depth","Success","148.04999999999973","105","107","396","0.0156","(95, 140)","(134, 147)","./example/gridmap/arena2.map","Hidden"
"graph","depth","Success","422.1800000000024","300","23429","24310","0.7031","(97, 97)","(106, 56)","./example/gridmap/arena2.map","Hidden"
"graph","depth","Success","2036.580000000051","1447","2177","5894","0.0781","(79, 163)","(95, 182)","./example/gridmap/arena2.map","Hidden"
"graph","depth","Success","5694.229999999679","4053","7721","17020","0.25","(61, 151)","(44, 114)","./example/gridmap/arena2.map","Hidden"
"graph","depth","Success","5975.40999999965","4253","6043","15804","0.2188","(119, 149)","(86, 118)","./example/gridmap/arena2.map","Hidden"
"graph","depth","Success","1791.8300000000368","1274","1734","4696","0.0625","(75, 91)","(112, 99)","./example/gridmap/arena2.map","Hidden"
"graph","depth","Success","669.4700000000006","478","487","1518","0.0156","(151, 115)","(162, 155)","./example/gridmap/arena2.map","Hidden"
"graph","depth","Success","6108.129999999636","4348","6844","16830","0.2188","(110, 118)","(93, 82)","./example/gridmap/arena2.map","Hidden"
"graph","depth","Success","5141.869999999736","3663","8550","16802","0.2969","(90, 155)","(116, 119)","./example/gridmap/arena2.map","Hidden"
"graph","depth","Success","5872.65999999966","4181","6106","15796","0.2031","(103, 166)","(67, 143)","./example/gridmap/arena2.map","Hidden"
"graph","depth","Success","54.57999999999995","39","24200","24310","0.7188","(159, 134)","(175, 95)","./example/gridmap/arena2.map","Hidden"
"graph","depth","Success","6168.80999999963","4389","6340","16574","0.2344","(121, 60)","(88, 97)","./example/gridmap/arena2.map","Hidden"
"graph","depth","Success","5977.40999999965","4255","6184","15884","0.1719","(122, 145)","(73, 152)","./example/gridmap/arena2.map","Hidden"
"graph","depth","Success","2578.969999999998","1834","18651","23335","0.5781","(76, 184)","(118, 201)","./example/gridmap/arena2.map","Hidden"
"graph","depth","Success","1368.960000000012","977","19299","21495","0.5781","(136, 251)","(88, 260)","./example/gridmap/arena2.map","Hidden"
"graph","depth","Success","1097.5199999999966","781","22231","24138","0.6719","(146, 125)","(152, 174)","./example/gridmap/arena2.map","Hidden"
"graph","depth","Success","6392.179999999607","4548","7346","17964","0.25","(43, 102)","(84, 85)","./example/gridmap/arena2.map","Hidden"
"graph","depth","Success","6274.969999999619","4464","7214","17635","0.2344","(57, 78)","(101, 67)","./example/gridmap/arena2.map","Hidden"
"graph","depth","Success","6209.879999999625","4419","6812","17032","0.2344","(147, 78)","(102, 66)","./example/gridmap/arena2.map","Hidden"
"graph","depth","Success","5069.469999999743","3607","12904","21287","0.4219","(17, 130)","(60, 109)","./example/gridmap/arena2.map","Hidden"
"graph","depth","Success","6037.809999999644","4299","5999","15791","0.2031","(107, 103)","(71, 137)","./example/gridmap/arena2.map","Hidden"
"graph","depth","Success","4768.089999999774","3395","9202","16901","0.2969","(109, 114)","(121, 66)","./example/gridmap/arena2.map","Hidden"
"graph","depth","Success","4133.999999999838","2945","14628","21158","0.4219","(119, 161)","(90, 191)","./example/gridmap/arena2.map","Hidden"
"graph","depth","Success","5814.439999999667","4140","7389","16822","0.2344","(131, 150)","(78, 143)","./example/gridmap/arena2.map","Hidden"
"graph","depth","Success","1408.3100000000147","1002","21759","24032","0.6562","(112, 126)","(120, 93)","./example/gridmap/arena2.map","Hidden"
"graph","depth","Success","4698.09999999978","3341","11849","19906","0.3906","(98, 97)","(139, 125)","./example/gridmap/arena2.map","Hidden"
"graph","depth","Success","1072.3699999999951","762","22255","23958","0.6719","(159, 167)","(157, 112)","./example/gridmap/arena2.map","Hidden"
"graph","depth","Success","5686.589999999679","4047","7181","16484","0.2344","(118, 102)","(84, 100)","./example/gridmap/arena2.map","Hidden"
"graph","depth","Success","2576.919999999997","1834","18767","23129","0.5781","(74, 128)","(84, 178)","./example/gridmap/arena2.map","Hidden"
"graph","depth","Success","5955.0799999996525","4238","10649","20445","0.3281","(55, 119)","(88, 82)","./example/gridmap/arena2.map","Hidden"
"graph","depth","Success","54.989999999999945","39","24163","24310","0.7188","(101, 166)","(138, 129)","./example/gridmap/arena2.map","Hidden"
"graph","depth","Success","1407.9000000000144","1002","21756","24027","0.6719","(163, 137)","(135, 93)","./example/gridmap/arena2.map","Hidden"
"graph","depth","Success","5952.0799999996525","4235","7359","17152","0.2344","(93, 95)","(42, 113)","./example/gridmap/arena2.map","Hidden"
"graph","depth","Success","1360.1900000000119","967","1251","3421","0.0312","(116, 60)","(148, 106)","./example/gridmap/arena2.map","Hidden"
"graph","depth","Success","2464.710000000009","1755","19939","23924","0.6094","(92, 159)","(122, 195)","./example/gridmap/arena2.map","Hidden"
"graph","depth","Success","5871.479999999661","4179","6918","16496","0.2344","(146, 102)","(105, 64)","./example/gridmap/arena2.map","Hidden"
"graph","depth","Success","2194.6800000000367","1560","20324","24034","0.625","(109, 198)","(154, 171)","./example/gridmap/arena2.map","Hidden"
"graph","depth","Success","419.77000000000237","298","302","1164","0.0156","(71, 198)","(94, 152)","./example/gridmap/arena2.map","Hidden"
"graph","depth","Success","6049.499999999643","4307","5957","15750","0.1875","(132, 112)","(80, 127)","./example/gridmap/arena2.map","Hidden"
"graph","depth","Success","5967.589999999651","4246","7980","17927","0.25","(62, 89)","(103, 103)","./example/gridmap/arena2.map","Hidden"
"graph","depth","Success","4760.039999999775","3389","13517","21222","0.4062","(117, 107)","(93, 66)","./example/gridmap/arena2.map","Hidden"
"graph","depth","Success","3882.069999999864","2764","14984","21257","0.4688","(137, 150)","(111, 183)","./example/gridmap/arena2.map","Hidden"
"graph","depth","Success","542.2100000000033","386","16899","17917","0.5312","(67, 243)","(102, 227)","./example/gridmap/arena2.map","Hidden"
"graph","depth","Success","3672.6199999998853","2614","15623","21500","0.5","(115, 92)","(65, 100)","./example/gridmap/arena2.map","Hidden"
"graph","depth","Success","1417.9000000000149","1012","19345","21594","0.5781","(117, 260)","(65, 278)","./example/gridmap/arena2.map","Hidden"
"graph","depth","Success","655.2400000000008","465","23123","24310","0.7344","(103, 208)","(140, 168)","./example/gridmap/arena2.map","Hidden"
"graph","depth","Success","185.70999999999964","132","23944","24310","0.7188","(82, 143)","(140, 134)","./example/gridmap/arena2.map","Hidden"
"graph","depth","Success","3833.5899999998696","2727","14974","21474","0.4531","(70, 184)","(125, 179)","./example/gridmap/arena2.map","Hidden"
"graph","depth","Success","1803.1100000000372","1282","21156","24165","0.6406","(59, 105)","(110, 93)","./example/gridmap/arena2.map","Hidden"
"graph","depth","Success","1121.3099999999981","797","1107","3237","0.0312","(84, 96)","(127, 111)","./example/gridmap/arena2.map","Hidden"
"graph","depth","Success","4832.819999999767","3438","9495","17495","0.3125","(52, 154)","(84, 176)","./example/gridmap/arena2.map","Hidden"
"graph","depth","Success","4391.259999999812","3126","4028","11151","0.1406","(89, 145)","(77, 171)","./example/gridmap/arena2.map","Hidden"
"graph","depth","Success","4373.109999999814","3114","14173","21256","0.4375","(116, 139)","(78, 188)","./example/gridmap/arena2.map","Hidden"
"graph","depth","Success","99.69999999999985","71","18218","18423","0.5156","(61, 269)","(121, 250)","./example/gridmap/arena2.map","Hidden"
"graph","depth","Success","6263.22999999962","4458","6232","16474","0.2031","(115, 119)","(78, 101)","./example/gridmap/arena2.map","Hidden"
"graph","depth","Success","5846.739999999663","4160","10946","20542","0.3594","(97, 77)","(44, 104)","./example/gridmap/arena2.map","Hidden"
"graph","depth","Success","1103.159999999997","785","22338","24101","0.6719","(109, 98)","(159, 99)","./example/gridmap/arena2.map","Hidden"
"graph","depth","Success","3413.7699999999118","2431","3094","8644","0.0938","(136, 187)","(168, 133)","./example/gridmap/arena2.map","Hidden"
"graph","depth","Success","135.71999999999977","98","556","802","0.0156","(85, 72)","(106, 17)","./example/gridmap/arena2.map","Hidden"
"graph","depth","Success","78.9599999999999","56","57","220","0.0","(34, 95)","(90, 69)","./example/gridmap/arena2.map","Hidden"
"graph","depth","Success","169.9699999999997","122","549","887","0.0156","(75, 74)","(104, 30)","./example/gridmap/arena2.map","Hidden"
"graph","depth","Success","5298.429999999719","3772","4718","13333","0.1562","(100, 138)","(73, 194)","./example/gridmap/arena2.map","Hidden"
"graph","depth","Success","1868.3800000000413","1328","20690","24095","0.5938","(62, 105)","(105, 54)","./example/gridmap/arena2.map","Hidden"
"graph","depth","Success","5789.1099999996695","4120","7471","16968","0.2344","(105, 86)","(73, 141)","./example/gridmap/arena2.map","Hidden"
"graph","depth","Success","2772.319999999977","1972","2763","7340","0.0938","(158, 165)","(99, 196)","./example/gridmap/arena2.map","Hidden"
"graph","depth","Success","3387.6199999999153","2411","17808","23283","0.5469","(110, 205)","(84, 258)","./example/gridmap/arena2.map","Hidden"
"graph","depth","Success","5822.769999999666","4143","10379","20064","0.3125","(42, 133)","(89, 96)","./example/gridmap/arena2.map","Hidden"
"graph","depth","Success","2358.6000000000195","1678","17594","21499","0.5312","(131, 263)","(102, 212)","./example/gridmap/arena2.map","Hidden"
"graph","depth","Success","758.5299999999984","540","23133","24304","0.6719","(139, 159)","(146, 95)","./example/gridmap/arena2.map","Hidden"
"graph","depth","Success","3931.8799999998596","2797","14808","21472","0.4688","(54, 181)","(117, 195)","./example/gridmap/arena2.map","Hidden"
"graph","depth","Success","786.3199999999979","560","23011","24310","0.7031","(120, 152)","(132, 162)","./example/gridmap/arena2.map","Hidden"
"graph","depth","Success","935.5999999999945","665","736","2474","0.0156","(69, 179)","(69, 152)","./example/gridmap/arena2.map","Hidden"
"graph","depth","Success","5056.779999999744","3598","4544","12895","0.1562","(116, 199)","(128, 131)","./example/gridmap/arena2.map","Hidden"
"graph","depth","Success","1574.0000000000236","1123","20895","23451","0.625","(132, 260)","(61, 272)","./example/gridmap/arena2.map","Hidden"
"graph","depth","Success","3807.2099999998713","2708","3475","9859","0.125","(86, 206)","(78, 137)","./example/gridmap/arena2.map","Hidden"
"graph","depth","Success","3646.5999999998885","2597","15546","21460","0.5","(133, 161)","(121, 150)","./example/gridmap/arena2.map","Hidden"
"graph","depth","Success","4092.5199999998426","2915","3516","10110","0.125","(118, 132)","(111, 176)","./example/gridmap/arena2.map","Hidden"
"graph","depth","Success","3804.519999999872","2709","15116","21257","0.4531","(138, 149)","(101, 199)","./example/gridmap/arena2.map","Hidden"
"graph","depth","Success","3752.2199999998775","2669","10208","16703","0.3125","(70, 131)","(77, 193)","./example/gridmap/arena2.map","Hidden"
"graph","depth","Success","4066.369999999845","2895","13963","20660","0.4062","(128, 253)","(87, 204)","./example/gridmap/arena2.map","Hidden"
"graph","depth","Success","6338.139999999614","4512","6412","16890","0.2031","(80, 77)","(69, 106)","./example/gridmap/arena2.map","Hidden"
"graph","depth","Success","5103.8999999997395","3632","6409","14834","0.2031","(10, 96)","(63, 127)","./example/gridmap/arena2.map","Hidden"
"graph","depth","Success","6064.419999999641","4317","6899","16790","0.2188","(102, 131)","(117, 59)","./example/gridmap/arena2.map","Hidden"
"graph","depth","Success","368.01000000000147","261","300","867","0.0156","(143, 78)","(168, 145)","./example/gridmap/arena2.map","Hidden"
"graph","depth","Success","2492.140000000006","1773","2100","6313","0.0625","(86, 171)","(106, 100)","./example/gridmap/arena2.map","Hidden"
"graph","depth","Success","4470.119999999804","3186","13933","21061","0.4219","(108, 163)","(78, 157)","./example/gridmap/arena2.map","Hidden"
"graph","depth","Success","750.8899999999987","534","23060","24310","0.6719","(127, 147)","(136, 161)","./example/gridmap/arena2.map","Hidden"
"graph","depth","Success","5816.719999999666","4139","7312","16884","0.25","(130, 99)","(86, 128)","./example/gridmap/arena2.map","Hidden"
"graph","depth","Success","660.8300000000007","471","22311","23442","0.625","(181, 266)","(134, 275)","./example/gridmap/arena2.map","Hidden"
"graph","depth","Success","1912.5800000000431","1364","19814","22984","0.5781","(115, 253)","(40, 250)","./example/gridmap/arena2.map","Hidden"
"graph","depth","Success","1013.5099999999928","722","22008","23662","0.6562","(81, 254)","(155, 249)","./example/gridmap/arena2.map","Hidden"
"graph","depth","Success","5657.799999999683","4026","7595","16848","0.2656","(130, 86)","(91, 139)","./example/gridmap/arena2.map","Hidden"
"graph","depth","Success","4602.39999999979","3274","4211","11835","0.1406","(45, 131)","(74, 200)","./example/gridmap/arena2.map","Hidden"
"graph","depth","Success","401.030000000002","285","23677","24310","0.7031","(105, 51)","(168, 96)","./example/gridmap/arena2.map","Hidden"
"graph","depth","Success","1073.7799999999954","763","847","2869","0.0312","(79, 175)","(83, 128)","./example/gridmap/arena2.map","Hidden"
"graph","depth","Success","2261.3600000000297","1607","4914","8856","0.1562","(81, 110)","(146, 80)","./example/gridmap/arena2.map","Hidden"
"graph","depth","Success","1249.3400000000054","891","1416","3380","0.0469","(190, 228)","(121, 258)","./example/gridmap/arena2.map","Hidden"
"graph","depth","Success","5096.61999999974","3628","12198","20482","0.375","(104, 131)","(67, 90)","./example/gridmap/arena2.map","Hidden"
"graph","depth","Success","5329.319999999716","3791","4846","13625","0.1406","(49, 156)","(73, 85)","./example/gridmap/arena2.map","Hidden"
"graph","depth","Success","2372.9300000000185","1687","4905","9060","0.1562","(71, 130)","(129, 84)","./example/gridmap/arena2.map","Hidden"
"graph","depth","Success","383.29000000000167","273","23436","24138","0.6719","(90, 220)","(122, 150)","./example/gridmap/arena2.map","Hidden"
"graph","depth","Success","5315.939999999718","3785","8253","16883","0.2656","(142, 190)","(113, 126)","./example/gridmap/arena2.map","Hidden"
"graph","depth","Success","4075.8799999998446","2900","9903","16958","0.3125","(66, 146)","(61, 177)","./example/gridmap/arena2.map","Hidden"
"graph","depth","Success","6206.879999999626","4416","10492","20783","0.3281","(78, 90)","(67, 129)","./example/gridmap/arena2.map","Hidden"
"graph","depth","Success","1303.6900000000082","931","21844","23925","0.6562","(184, 237)","(104, 251)","./example/gridmap/arena2.map","Hidden"
"graph","depth","Success","5631.0099999996855","4007","7684","16964","0.25","(85, 86)","(87, 154)","./example/gridmap/arena2.map","Hidden"
"graph","depth","Success","5160.019999999733","3675","8628","16971","0.2812","(152, 168)","(113, 142)","./example/gridmap/arena2.map","Hidden"
"graph","depth","Success","485.40000000000344","346","492","1418","0.0156","(10, 135)","(56, 79)","./example/gridmap/arena2.map","Hidden"
"graph","depth","Success","855.6399999999962","608","22712","24310","0.6719","(90, 171)","(142, 163)","./example/gridmap/arena2.map","Hidden"
"graph","depth","Success","5669.899999999681","4034","11043","20476","0.3438","(45, 134)","(101, 82)","./example/gridmap/arena2.map","Hidden"
"graph","depth","Success","449.97000000000287","320","16976","17834","0.5","(75, 256)","(123, 201)","./example/gridmap/arena2.map","Hidden"
"graph","depth","Success","2409.360000000014","1714","19687","23761","0.5625","(92, 187)","(171, 166)","./example/gridmap/arena2.map","Hidden"
"graph","depth","Success","1524.9300000000212","1085","21252","23833","0.6094","(104, 182)","(148, 134)","./example/gridmap/arena2.map","Hidden"
"graph","depth","Success","4268.769999999826","3040","15887","22971","0.4844","(94, 209)","(62, 266)","./example/gridmap/arena2.map","Hidden"
"graph","depth","Success","1245.9300000000053","888","21540","23580","0.6719","(53, 249)","(136, 263)","./example/gridmap/arena2.map","Hidden"
"graph","depth","Success","2870.1999999999675","2042","12932","17725","0.4062","(63, 257)","(84, 210)","./example/gridmap/arena2.map","Hidden"
"graph","depth","Success","1509.6000000000204","1075","1353","3835","0.0625","(110, 165)","(118, 78)","./example/gridmap/arena2.map","Hidden"
"graph","depth","Success","4157.199999999836","2960","14546","21257","0.5781","(136, 131)","(77, 188)","./example/gridmap/arena2.map","Hidden"
"graph","depth","Success","4902.03999999976","3490","13060","21070","0.5","(174, 97)","(110, 49)","./example/gridmap/arena2.map","Hidden"
"graph","depth","Success","5484.5499999997","3904","5270","14259","0.2031","(165, 97)","(119, 112)","./example/gridmap/arena2.map","Hidden"
"graph","depth","Success","715.4599999999995","508","23162","24310","0.7656","(112, 63)","(160, 133)","./example/gridmap/arena2.map","Hidden"
"graph","depth","Success","4167.119999999835","2965","10788","17958","0.3594","(67, 119)","(67, 78)","./example/gridmap/arena2.map","Hidden"
"graph","depth","Success","4119.99999999984","2931","14532","21470","0.4688","(70, 185)","(138, 138)","./example/gridmap/arena2.map","Hidden"
"graph","depth","Success","1036.2999999999931","737","22253","24106","0.6875","(103, 196)","(167, 141)","./example/gridmap/arena2.map","Hidden"
"graph","depth","Success","2088.1100000000474","1485","12580","16217","0.4219","(99, 222)","(38, 155)","./example/gridmap/arena2.map","Hidden"
"graph","depth","Success","204.0399999999996","145","23990","24310","0.7188","(123, 74)","(175, 145)","./example/gridmap/arena2.map","Hidden"
"graph","depth","Success","4230.289999999829","3013","5849","12761","0.1875","(92, 212)","(59, 277)","./example/gridmap/arena2.map","Hidden"
"graph","depth","Success","3849.4599999998673","2740","3489","9865","0.1094","(96, 181)","(126, 255)","./example/gridmap/arena2.map","Hidden"
"graph","depth","Success","6377.749999999609","4543","6186","16400","0.1875","(119, 158)","(84, 87)","./example/gridmap/arena2.map","Hidden"
"graph","depth","Success","1351.5000000000114","962","1270","3511","0.0469","(108, 165)","(123, 92)","./example/gridmap/arena2.map","Hidden"
"graph","depth","Success","1727.9700000000328","1229","21295","24165","0.6719","(59, 129)","(116, 92)","./example/gridmap/arena2.map","Hidden"
"graph","depth","Success","5625.779999999686","4003","9219","18465","0.3125","(101, 72)","(45, 143)","./example/gridmap/arena2.map","Hidden"
"graph","depth","Success","5435.8399999997055","3868","4917","13859","0.1562","(51, 137)","(97, 59)","./example/gridmap/arena2.map","Hidden"
"graph","depth","Success","3726.0199999998804","2651","15265","21414","0.5","(62, 147)","(98, 228)","./example/gridmap/arena2.map","Hidden"
"graph","depth","Success","3632.72999999989","2586","17026","23044","0.5156","(115, 174)","(122, 262)","./example/gridmap/arena2.map","Hidden"
"graph","depth","Success","1422.5400000000152","1015","19070","21401","0.5625","(139, 252)","(131, 193)","./example/gridmap/arena2.map","Hidden"
"graph","depth","Success","2824.7199999999725","2008","6029","11097","0.1875","(65, 176)","(136, 163)","./example/gridmap/arena2.map","Hidden"
"graph","depth","Success","671.7000000000004","479","23174","24306","0.6719","(130, 175)","(155, 87)","./example/gridmap/arena2.map","Hidden"
"graph","depth","Success","4006.7899999998513","2851","3662","10137","0.1094","(124, 78)","(109, 167)","./example/gridmap/arena2.map","Hidden"
"graph","depth","Success","4999.86999999975","3562","12079","20243","0.375","(170, 98)","(79, 82)","./example/gridmap/arena2.map","Hidden"
"graph","depth","Success","4681.6199999997825","3336","13695","21124","0.4375","(123, 136)","(62, 171)","./example/gridmap/arena2.map","Hidden"
"graph","depth","Success","2128.000000000043","1513","1871","5396","0.0625","(85, 261)","(121, 178)","./example/gridmap/arena2.map","Hidden"
"graph","depth","Success","3514.109999999902","2501","17671","23435","0.5312","(51, 159)","(108, 238)","./example/gridmap/arena2.map","Hidden"
"graph","depth","Success","259.7999999999995","186","418","905","0.0156","(55, 78)","(104, 13)","./example/gridmap/arena2.map","Hidden"
"graph","depth","Success","5344.009999999715","3802","9112","17774","0.2969","(132, 192)","(52, 153)","./example/gridmap/arena2.map","Hidden"
"graph","depth","Success","4143.149999999838","2948","14543","21329","0.4375","(106, 78)","(96, 175)","./example/gridmap/arena2.map","Hidden"
"graph","depth","Success","5351.829999999713","3809","8287","17088","0.25","(159, 75)","(113, 133)","./example/gridmap/arena2.map","Hidden"
"graph","depth","Success","2278.410000000028","1622","20333","24010","0.6094","(94, 144)","(109, 240)","./example/gridmap/arena2.map","Hidden"
"graph","depth","Success","466.89000000000317","332","22990","23795","0.6719","(107, 251)","(194, 267)","./example/gridmap/arena2.map","Hidden"
"graph","depth","Success","600.020000000002","427","22415","23514","0.6719","(122, 205)","(152, 240)","./example/gridmap/arena2.map","Hidden"
"graph","depth","Success","4079.8799999998437","2904","14822","21453","0.4688","(124, 101)","(99, 162)","./example/gridmap/arena2.map","Hidden"
"graph","depth","Success","2592.6599999999958","1844","13148","17495","0.4219","(78, 263)","(96, 179)","./example/gridmap/arena2.map","Hidden"
"graph","depth","Success","4973.539999999753","3541","12416","20482","0.375","(133, 111)","(55, 110)","./example/gridmap/arena2.map","Hidden"
"graph","depth","Success","6127.689999999634","4361","5469","15552","0.1875","(151, 100)","(75, 128)","./example/gridmap/arena2.map","Hidden"
"graph","depth","Success","4216.41999999983","3002","14244","21086","0.4375","(157, 139)","(94, 208)","./example/gridmap/arena2.map","Hidden"
"graph","depth","Success","3852.099999999867","2741","3569","9817","0.125","(156, 95)","(134, 128)","./example/gridmap/arena2.map","Hidden"
"graph","depth","Success","5326.989999999716","3794","8170","16841","0.2812","(153, 155)","(81, 166)","./example/gridmap/arena2.map","Hidden"
"graph","depth","Success","4173.7099999998345","2972","14522","21257","0.4688","(131, 147)","(74, 159)","./example/gridmap/arena2.map","Hidden"
"graph","depth","Success","4098.029999999842","2916","14214","20903","0.4531","(96, 60)","(116, 159)","./example/gridmap/arena2.map","Hidden"
"graph","depth","Success","5699.049999999678","4057","10874","20121","0.3594","(111, 94)","(30, 133)","./example/gridmap/arena2.map","Hidden"
"graph","depth","Success","1649.7300000000282","1177","21495","24217","0.6406","(157, 134)","(114, 107)","./example/gridmap/arena2.map","Hidden"
"graph","depth","Success","2101.800000000046","1495","14257","17764","0.4531","(45, 267)","(113, 208)","./example/gridmap/arena2.map","Hidden"
"graph","depth","Success","1040.5299999999934","740","877","2725","0.0312","(96, 178)","(168, 139)","./example/gridmap/arena2.map","Hidden"
"graph","depth","Success","1693.490000000031","1206","18104","20964","0.5469","(121, 257)","(146, 173)","./example/gridmap/arena2.map","Hidden"
"graph","depth","Success","4040.989999999848","2877","14767","21257","0.4844","(115, 106)","(92, 205)","./example/gridmap/arena2.map","Hidden"
"graph","depth","Success","1247.5700000000054","888","21771","24014","0.7031","(86, 199)","(154, 242)","./example/gridmap/arena2.map","Hidden"
"graph","depth","Success","218.72999999999956","156","23945","24310","0.7656","(53, 115)","(90, 169)","./example/gridmap/arena2.map","Hidden"
"graph","depth","Success","2336.630000000023","1663","20235","24013","0.5938","(111, 206)","(151, 228)","./example/gridmap/arena2.map","Hidden"
"graph","depth","Success","354.9100000000012","252","23679","24310","0.75","(108, 97)","(167, 149)","./example/gridmap/arena2.map","Hidden"
"graph","depth","Success","578.0500000000025","412","18364","19331","0.5625","(100, 231)","(191, 249)","./example/gridmap/arena2.map","Hidden"
"graph","depth","Success","1878.7900000000416","1338","20997","24032","0.6562","(135, 138)","(172, 166)","./example/gridmap/arena2.map","Hidden"
"graph","depth","Success","3728.5599999998803","2656","16838","23057","0.5156","(110, 166)","(85, 257)","./example/gridmap/arena2.map","Hidden"
"graph","depth","Success","6349.649999999611","4519","6358","16692","0.2188","(164, 128)","(77, 95)","./example/gridmap/arena2.map","Hidden"
"graph","depth","Success","4549.129999999796","3240","5212","12647","0.1719","(93, 170)","(63, 109)","./example/gridmap/arena2.map","Hidden"
"graph","depth","Success","1331.5800000000102","947","21449","23746","0.6562","(109, 179)","(162, 119)","./example/gridmap/arena2.map","Hidden"
"graph","depth","Success","3816.2599999998706","2715","15099","21412","0.4688","(52, 119)","(106, 206)","./example/gridmap/arena2.map","Hidden"
"graph","depth","Success","1183.3500000000017","841","947","2893","0.0469","(109, 84)","(135, 166)","./example/gridmap/arena2.map","Hidden"
"graph","depth","Success","5369.979999999712","3821","12245","21110","0.3906","(44, 162)","(99, 132)","./example/gridmap/arena2.map","Hidden"
"graph","depth","Success","4481.039999999803","3192","9758","17084","0.2969","(150, 144)","(139, 141)","./example/gridmap/arena2.map","Hidden"
"graph","depth","Success","1005.099999999993","714","22277","24032","0.6875","(81, 134)","(143, 158)","./example/gridmap/arena2.map","Hidden"
"graph","depth","Success","2765.6799999999776","1967","18501","23263","0.5625","(82, 160)","(93, 56)","./example/gridmap/arena2.map","Hidden"
"graph","depth","Success","3792.189999999873","2702","14846","20980","0.4531","(148, 150)","(100, 51)","./example/gridmap/arena2.map","Hidden"
"graph","depth","Success","2007.1500000000492","1427","20406","24095","0.6094","(59, 174)","(83, 66)","./example/gridmap/arena2.map","Hidden"
"graph","depth","Success","3599.299999999893","2562","15349","21184","0.4375","(169, 136)","(99, 226)","./example/gridmap/arena2.map","Hidden"
"graph","depth","Success","6104.1799999996365","4342","8931","19099","0.2812","(23, 124)","(115, 64)","./example/gridmap/arena2.map","Hidden"
"graph","depth","Success","1549.3600000000229","1100","4296","7133","0.125","(77, 114)","(164, 121)","./example/gridmap/arena2.map","Hidden"
"graph","depth","Success","715.2299999999994","509","23004","24308","0.6719","(67, 156)","(110, 123)","./example/gridmap/arena2.map","Hidden"
"graph","depth","Success","744.2499999999987","529","23007","24310","0.6875","(120, 138)","(162, 140)","./example/gridmap/arena2.map","Hidden"
"graph","depth","Success","455.61000000000297","324","22988","23789","0.6719","(96, 262)","(191, 268)","./example/gridmap/arena2.map","Hidden"
"graph","depth","Success","3031.939999999951","2157","12521","17587","0.4062","(57, 240)","(78, 190)","./example/gridmap/arena2.map","Hidden"
"graph","depth","Success","1291.1000000000079","918","21918","24101","0.6875","(104, 155)","(150, 99)","./example/gridmap/arena2.map","Hidden"
"graph","depth","Success","6008.249999999646","4276","8069","18024","0.2812","(83, 125)","(39, 158)","./example/gridmap/arena2.map","Hidden"
"graph","depth","Success","3938.469999999858","2804","14832","21167","0.4531","(168, 145)","(126, 132)","./example/gridmap/arena2.map","Hidden"
"graph","depth","Success","914.0399999999951","650","22564","24102","0.7188","(102, 208)","(155, 115)","./example/gridmap/arena2.map","Hidden"
"graph","depth","Success","5355.829999999714","3813","11786","20478","0.3438","(126, 114)","(46, 130)","./example/gridmap/arena2.map","Hidden"
"graph","depth","Success","3371.519999999916","2399","14773","20430","0.4688","(130, 276)","(91, 178)","./example/gridmap/arena2.map","Hidden"
"graph","depth","Success","4033.1699999998486","2870","14785","21412","0.4219","(45, 149)","(126, 147)","./example/gridmap/arena2.map","Hidden"
"graph","depth","Success","5073.549999999744","3616","12782","20944","0.4062","(91, 173)","(71, 94)","./example/gridmap/arena2.map","Hidden"
"graph","depth","Success","4507.239999999801","3210","4123","11330","0.1406","(137, 127)","(57, 167)","./example/gridmap/arena2.map","Hidden"
"graph","depth","Success","5666.619999999682","4034","11250","20476","0.375","(113, 154)","(55, 92)","./example/gridmap/arena2.map","Hidden"
"graph","depth","Success","3607.2199999998925","2565","7117","13563","0.2188","(84, 171)","(131, 267)","./example/gridmap/arena2.map","Hidden"
"graph","depth","Success","658.6500000000007","468","23154","24310","0.7031","(95, 146)","(165, 135)","./example/gridmap/arena2.map","Hidden"
"graph","depth","Success","5120.359999999738","3646","8571","16850","0.2812","(172, 118)","(129, 127)","./example/gridmap/arena2.map","Hidden"
"graph","depth","Success","6042.089999999644","4300","9754","19663","0.3125","(117, 75)","(13, 132)","./example/gridmap/arena2.map","Hidden"
"graph","depth","Success","5781.829999999672","4116","10662","20485","0.3438","(76, 186)","(9, 94)","./example/gridmap/arena2.map","Hidden"
"graph","depth","Success","2385.570000000017","1698","20034","24013","0.625","(88, 174)","(149, 250)","./example/gridmap/arena2.map","Hidden"
"graph","depth","Success","459.84000000000304","327","23424","24310","0.7344","(114, 147)","(170, 94)","./example/gridmap/arena2.map","Hidden"
"graph","depth","Success","3655.519999999887","2601","15356","21414","0.5","(42, 118)","(112, 205)","./example/gridmap/arena2.map","Hidden"
"graph","depth","Success","4458.579999999804","3172","4414","11917","0.125","(101, 248)","(67, 146)","./example/gridmap/arena2.map","Hidden"
"graph","depth","Success","5729.2999999996755","4077","11618","21080","0.3438","(58, 152)","(78, 115)","./example/gridmap/arena2.map","Hidden"
"graph","depth","Success","2254.0800000000304","1603","14217","18028","0.4219","(47, 268)","(119, 191)","./example/gridmap/arena2.map","Hidden"
"graph","depth","Success","2881.8399999999665","2052","18693","23438","0.5469","(130, 173)","(142, 265)","./example/gridmap/arena2.map","Hidden"
"graph","depth","Success","5113.129999999738","3640","7479","15763","0.25","(100, 95)","(3, 109)","./example/gridmap/arena2.map","Hidden"
"graph","depth","Success","1681.9800000000303","1199","18182","20997","0.5","(125, 260)","(159, 163)","./example/gridmap/arena2.map","Hidden"
"graph","depth","Success","1457.8400000000174","1038","1521","3941","0.0469","(135, 186)","(155, 268)","./example/gridmap/arena2.map","Hidden"
"graph","depth","Success","3933.0099999998583","2801","14855","21165","0.4219","(158, 138)","(132, 120)","./example/gridmap/arena2.map","Hidden"
"graph","depth","Success","631.4500000000013","449","22669","23743","0.6719","(66, 262)","(186, 252)","./example/gridmap/arena2.map","Hidden"
"graph","depth","Success","5908.1399999996565","4205","9689","19331","0.2969","(123, 189)","(27, 130)","./example/gridmap/arena2.map","Hidden"
"graph","depth","Success","3661.1599999998866","2605","7138","13131","0.2344","(90, 261)","(109, 145)","./example/gridmap/arena2.map","Hidden"
"graph","depth","Success","1538.0800000000222","1092","4222","7071","0.1406","(67, 132)","(166, 101)","./example/gridmap/arena2.map","Hidden"
"graph","depth","Success","458.430000000003","326","362","1162","0.0156","(137, 133)","(169, 118)","./example/gridmap/arena2.map","Hidden"
"graph","depth","Success","2174.8900000000385","1548","20539","24010","0.625","(117, 116)","(109, 247)","./example/gridmap/arena2.map","Hidden"
"graph","depth","Success","5659.619999999682","4027","11988","21516","0.375","(89, 179)","(55, 278)","./example/gridmap/arena2.map","Hidden"
"graph","depth","Success","6110.309999999636","4351","6216","16222","0.1875","(134, 177)","(105, 74)","./example/gridmap/arena2.map","Hidden"
"graph","depth","Success","4855.789999999765","3454","11478","19745","0.375","(91, 93)","(81, 198)","./example/gridmap/arena2.map","Hidden"
"graph","depth","Success","3704.769999999882","2640","15874","21797","0.5","(122, 158)","(79, 240)","./example/gridmap/arena2.map","Hidden"
"graph","depth","Success","1840.9500000000394","1310","1623","4606","0.0469","(119, 114)","(171, 151)","./example/gridmap/arena2.map","Hidden"
"graph","depth","Success","975.6699999999936","694","22438","24247","0.6562","(58, 159)","(114, 110)","./example/gridmap/arena2.map","Hidden"
"graph","depth","Success","3518.519999999901","2505","15303","21180","0.4844","(178, 247)","(98, 194)","./example/gridmap/arena2.map","Hidden"
"graph","depth","Success","3673.4399999998855","2614","15389","21412","0.4844","(86, 79)","(110, 197)","./example/gridmap/arena2.map","Hidden"
"graph","depth","Success","2810.9799999999736","2000","13858","18607","0.4219","(39, 279)","(99, 193)","./example/gridmap/arena2.map","Hidden"
"graph","depth","Success","5674.719999999681","4038","11675","21080","0.3906","(44, 124)","(65, 133)","./example/gridmap/arena2.map","Hidden"
"graph","depth","Success","2457.0700000000097","1749","19641","23721","0.5781","(75, 136)","(108, 13)","./example/gridmap/arena2.map","Hidden"
"graph","depth","Success","4952.389999999755","3526","4289","12471","0.1719","(104, 261)","(124, 132)","./example/gridmap/arena2.map","Hidden"
"graph","depth","Success","701.7199999999998","500","22922","24092","0.7344","(128, 194)","(163, 223)","./example/gridmap/arena2.map","Hidden"
"graph","depth","Success","5213.239999999728","3711","12033","20482","0.4062","(124, 115)","(46, 168)","./example/gridmap/arena2.map","Hidden"
"graph","depth","Success","5998.199999999648","4268","9734","19547","0.3125","(118, 69)","(7, 136)","./example/gridmap/arena2.map","Hidden"
"graph","depth","Success","1858.4600000000403","1323","21021","24032","0.6562","(118, 117)","(175, 151)","./example/gridmap/arena2.map","Hidden"
"graph","depth","Success","4611.85999999979","3281","13812","21326","0.4375","(121, 78)","(71, 167)","./example/gridmap/arena2.map","Hidden"
"graph","depth","Success","4781.829999999773","3403","13482","21287","0.4219","(131, 83)","(61, 165)","./example/gridmap/arena2.map","Hidden"
"graph","depth","Success","4069.239999999845","2895","13732","20692","0.4219","(69, 114)","(37, 165)","./example/gridmap/arena2.map","Hidden"
"graph","depth","Success","5259.949999999723","3745","9033","17542","0.2969","(172, 132)","(57, 101)","./example/gridmap/arena2.map","Hidden"
"graph","depth","Success","4097.029999999842","2915","3480","10365","0.1094","(65, 258)","(85, 154)","./example/gridmap/arena2.map","Hidden"
"graph","depth","Success","5846.689999999663","4162","7406","16943","0.2344","(172, 168)","(104, 111)","./example/gridmap/arena2.map","Hidden"
"graph","depth","Success","5786.23999999967","4120","10654","20201","0.3594","(103, 172)","(53, 96)","./example/gridmap/arena2.map","Hidden"
"graph","depth","Success","6137.149999999634","4368","6572","16759","0.2188","(106, 206)","(96, 73)","./example/gridmap/arena2.map","Hidden"
"graph","depth","Success","2929.009999999962","2084","17597","22718","0.5469","(78, 123)","(105, 253)","./example/gridmap/arena2.map","Hidden"
"graph","depth","Success","1646.5500000000284","1173","18250","21035","0.5312","(137, 253)","(159, 161)","./example/gridmap/arena2.map","Hidden"
"graph","depth","Success","4191.269999999833","2983","15107","22437","0.4531","(79, 182)","(49, 272)","./example/gridmap/arena2.map","Hidden"
"graph","depth","Success","3595.6599999998934","2560","17417","23225","0.5","(166, 158)","(78, 252)","./example/gridmap/arena2.map","Hidden"
"graph","depth","Success","1571.5900000000236","1121","19279","21838","0.5781","(155, 227)","(142, 196)","./example/gridmap/arena2.map","Hidden"
"graph","depth","Success","6400.7699999996075","4557","5701","16222","0.1875","(110, 1)","(67, 112)","./example/gridmap/arena2.map","Hidden"
"graph","depth","Success","3907.679999999861","2781","14709","21149","0.4375","(175, 230)","(108, 180)","./example/gridmap/arena2.map","Hidden"
"graph","depth","Success","6272.509999999619","4464","6408","16695","0.2188","(108, 206)","(84, 93)","./example/gridmap/arena2.map","Hidden"
"graph","depth","Success","1685.7200000000307","1197","4383","7436","0.1406","(72, 111)","(152, 156)","./example/gridmap/arena2.map","Hidden"
"graph","depth","Success","3499.189999999903","2491","3572","9282","0.1406","(199, 260)","(102, 207)","./example/gridmap/arena2.map","Hidden"
"graph","depth","Success","5431.019999999706","3864","6644","15580","0.2031","(10, 122)","(98, 158)","./example/gridmap/arena2.map","Hidden"
"graph","depth","Success","5702.279999999678","4059","9445","18751","0.3125","(174, 95)","(43, 115)","./example/gridmap/arena2.map","Hidden"
"graph","depth","Success","5953.259999999652","4237","5363","15259","0.1875","(100, 260)","(74, 127)","./example/gridmap/arena2.map","Hidden"
"graph","depth","Success","480.3500000000034","343","22396","23215","0.6875","(46, 276)","(159, 223)","./example/gridmap/arena2.map","Hidden"
"graph","depth","Success","789.7799999999978","561","23017","24310","0.8281","(74, 86)","(151, 168)","./example/gridmap/arena2.map","Hidden"
"graph","depth","Success","2343.5000000000214","1667","2025","5893","0.0781","(56, 238)","(124, 159)","./example/gridmap/arena2.map","Hidden"
"graph","depth","Success","3037.579999999951","2161","15421","20726","0.5938","(69, 116)","(101, 251)","./example/gridmap/arena2.map","Hidden"
"graph","depth","Success","5071.3699999997425","3613","12545","20759","0.4062","(141, 167)","(99, 39)","./example/gridmap/arena2.map","Hidden"
"graph","depth","Success","3694.999999999883","2629","14763","20926","0.4531","(2, 134)","(116, 193)","./example/gridmap/arena2.map","Hidden"
"graph","depth","Success","4147.379999999836","2951","3514","10434","0.125","(86, 251)","(108, 124)","./example/gridmap/arena2.map","Hidden"
"graph","depth","Success","5921.829999999655","4215","9653","19377","0.3438","(108, 218)","(3, 127)","./example/gridmap/arena2.map","Hidden"
"graph","depth","Success","5939.389999999654","4226","10470","20190","0.375","(151, 76)","(23, 127)","./example/gridmap/arena2.map","Hidden"
"graph","depth","Success","1812.8300000000374","1295","20494","23499","0.7031","(202, 242)","(62, 236)","./example/gridmap/arena2.map","Hidden"
"graph","depth","Success","5186.499999999731","3690","10672","19223","0.3906","(14, 106)","(118, 64)","./example/gridmap/arena2.map","Hidden"
"graph","depth","Success","1960.0300000000464","1393","1852","5121","0.0781","(60, 133)","(143, 150)","./example/gridmap/arena2.map","Hidden"
"graph","depth","Success","4065.419999999845","2892","9847","16635","0.3281","(89, 255)","(46, 134)","./example/gridmap/arena2.map","Hidden"
"graph","depth","Success","5064.729999999743","3608","4858","13191","0.1719","(175, 235)","(82, 181)","./example/gridmap/arena2.map","Hidden"
"graph","depth","Success","664.4700000000006","473","22463","23597","0.7344","(41, 256)","(191, 242)","./example/gridmap/arena2.map","Hidden"
"graph","depth","Success","1271.3600000000065","904","7589","10007","0.25","(65, 111)","(169, 163)","./example/gridmap/arena2.map","Hidden"
"graph","depth","Success","3339.4999999999195","2376","13743","19246","0.4219","(51, 183)","(150, 280)","./example/gridmap/arena2.map","Hidden"
"graph","depth","Success","4180.989999999833","2976","13565","20597","0.4219","(137, 267)","(60, 151)","./example/gridmap/arena2.map","Hidden"
"graph","depth","Success","3330.0399999999204","2369","18007","23497","0.5781","(46, 164)","(135, 276)","./example/gridmap/arena2.map","Hidden"
"graph","depth","Success","3275.459999999926","2330","9589","15145","0.2812","(90, 213)","(76, 75)","./example/gridmap/arena2.map","Hidden"
"graph","depth","Success","2898.8099999999654","2062","14267","19517","0.4688","(61, 176)","(159, 233)","./example/gridmap/arena2.map","Hidden"
"graph","depth","Success","581.9200000000025","413","23310","24310","0.7031","(51, 129)","(157, 174)","./example/gridmap/arena2.map","Hidden"
"graph","depth","Success","1674.2900000000295","1195","21256","23886","0.6719","(205, 259)","(62, 270)","./example/gridmap/arena2.map","Hidden"
"graph","depth","Success","6009.609999999647","4279","10378","20093","0.3438","(102, 125)","(4, 115)","./example/gridmap/arena2.map","Hidden"
"graph","depth","Success","4141.919999999837","2948","14232","21123","0.4531","(201, 246)","(87, 194)","./example/gridmap/arena2.map","Hidden"
"graph","depth","Success","4914.679999999759","3501","13226","21137","0.4219","(138, 139)","(98, 12)","./example/gridmap/arena2.map","Hidden"
"graph","depth","Success","2031.7100000000505","1445","20836","24113","0.6719","(129, 93)","(109, 225)","./example/gridmap/arena2.map","Hidden"
"graph","depth","Success","6067.059999999641","4318","10139","20038","0.3125","(129, 188)","(4, 125)","./example/gridmap/arena2.map","Hidden"
"graph","depth","Success","3561.8199999998974","2536","15603","21359","0.5","(100, 116)","(86, 254)","./example/gridmap/arena2.map","Hidden"
"graph","depth","Success","4680.949999999782","3330","7379","15285","0.25","(131, 265)","(74, 135)","./example/gridmap/arena2.map","Hidden"
"graph","depth","Success","4715.329999999779","3357","4128","11740","0.1406","(170, 129)","(50, 183)","./example/gridmap/arena2.map","Hidden"
"graph","depth","Success","2858.3299999999685","2033","14432","19213","0.4688","(85, 212)","(185, 278)","./example/gridmap/arena2.map","Hidden"
"graph","depth","Success","3354.139999999918","2389","18132","23465","0.5625","(169, 106)","(108, 242)","./example/gridmap/arena2.map","Hidden"
"graph","depth","Success","2217.2400000000343","1576","3895","7637","0.125","(8, 131)","(108, 235)","./example/gridmap/arena2.map","Hidden"
"graph","depth","Success","2777.319999999977","1977","16407","20937","0.5312","(106, 238)","(139, 98)","./example/gridmap/arena2.map","Hidden"
"graph","depth","Success","5133.869999999736","3655","12158","20518","0.3906","(167, 144)","(58, 145)","./example/gridmap/arena2.map","Hidden"
"graph","depth","Success","1104.3899999999971","785","22492","24288","0.6875","(65, 86)","(136, 173)","./example/gridmap/arena2.map","Hidden"
"graph","depth","Success","4251.7199999998265","3025","6022","13161","0.2031","(59, 270)","(79, 149)","./example/gridmap/arena2.map","Hidden"
"graph","depth","Success","3835.129999999869","2731","16860","23112","0.5312","(89, 127)","(75, 241)","./example/gridmap/arena2.map","Hidden"
"graph","depth","Success","1933.3700000000447","1377","20398","23595","0.625","(148, 147)","(142, 273)","./example/gridmap/arena2.map","Hidden"
"graph","depth","Success","5483.7799999997005","3902","9274","18211","0.3125","(175, 148)","(40, 167)","./example/gridmap/arena2.map","Hidden"
"graph","depth","Success","4314.9399999998195","3071","6155","13399","0.1875","(154, 250)","(115, 138)","./example/gridmap/arena2.map","Hidden"
"graph","depth","Success","3795.289999999872","2701","14346","20505","0.4688","(132, 200)","(63, 83)","./example/gridmap/arena2.map","Hidden"
"graph","depth","Success","1740.3300000000331","1243","20744","23662","0.6406","(203, 245)","(47, 269)","./example/gridmap/arena2.map","Hidden"
"graph","depth","Success","4172.299999999835","2971","13583","20420","0.5","(127, 195)","(13, 108)","./example/gridmap/arena2.map","Hidden"
"graph","depth","Success","3535.8499999998994","2517","15812","21534","0.5938","(150, 80)","(103, 227)","./example/gridmap/arena2.map","Hidden"
"graph","depth","Success","4084.1099999998437","2907","11939","18721","0.375","(34, 166)","(66, 236)","./example/gridmap/arena2.map","Hidden"
"graph","depth","Success","3856.6399999998666","2748","15672","21845","0.5156","(132, 127)","(75, 244)","./example/gridmap/arena2.map","Hidden"
"graph","depth","Success","5919.649999999656","4212","9578","19392","0.3125","(6, 105)","(103, 125)","./example/gridmap/arena2.map","Hidden"
"graph","depth","Success","4937.109999999756","3514","12181","20372","0.3906","(158, 245)","(53, 161)","./example/gridmap/arena2.map","Hidden"
"graph","depth","Success","537.8000000000035","382","23423","24310","0.7344","(71, 77)","(159, 177)","./example/gridmap/arena2.map","Hidden"
"graph","depth","Success","5810.799999999667","4138","10636","20121","0.3281","(119, 141)","(14, 124)","./example/gridmap/arena2.map","Hidden"
"graph","depth","Success","3657.519999999887","2603","15609","21624","0.5","(39, 165)","(67, 280)","./example/gridmap/arena2.map","Hidden"
"graph","depth","Success","5399.949999999709","3844","11730","20551","0.375","(165, 154)","(54, 128)","./example/gridmap/arena2.map","Hidden"
"graph","depth","Success","3138.0499999999406","2234","17880","23140","0.5625","(103, 173)","(191, 258)","./example/gridmap/arena2.map","Hidden"
"graph","depth","Success","3986.0499999998533","2836","6782","13458","0.2656","(51, 275)","(99, 148)","./example/gridmap/arena2.map","Hidden"
"graph","depth","Success","3608.579999999892","2568","15524","21412","0.5156","(112, 57)","(99, 218)","./example/gridmap/arena2.map","Hidden"
"graph","depth","Success","3273.639999999927","2329","13403","19228","0.4375","(64, 177)","(186, 244)","./example/gridmap/arena2.map","Hidden"
"graph","depth","Success","5949.569999999653","4237","10497","20085","0.3438","(134, 109)","(2, 111)","./example/gridmap/arena2.map","Hidden"
"graph","depth","Success","937.0099999999944","666","16258","17864","0.5156","(68, 265)","(155, 139)","./example/gridmap/arena2.map","Hidden"
"graph","depth","Success","1467.760000000018","1043","21852","24285","0.6875","(53, 160)","(147, 115)","./example/gridmap/arena2.map","Hidden"
"graph","depth","Success","5162.889999999733","3675","6781","15418","0.2188","(142, 268)","(70, 140)","./example/gridmap/arena2.map","Hidden"
"graph","depth","Success","2144.1000000000417","1525","20640","24165","0.6562","(74, 94)","(110, 241)","./example/gridmap/arena2.map","Hidden"
"graph","depth","Success","1951.7500000000457","1388","14434","17644","0.5312","(77, 242)","(138, 122)","./example/gridmap/arena2.map","Hidden"
"graph","depth","Success","5779.82999999967","4114","9535","18944","0.3125","(164, 116)","(35, 146)","./example/gridmap/arena2.map","Hidden"
"graph","depth","Success","1254.8500000000056","892","969","3083","0.0312","(71, 261)","(146, 129)","./example/gridmap/arena2.map","Hidden"
"graph","depth","Success","4592.659999999791","3270","13590","21122","0.4375","(165, 231)","(65, 159)","./example/gridmap/arena2.map","Hidden"
"graph","depth","Success","2258.26000000003","1608","20216","23888","0.5938","(150, 175)","(163, 218)","./example/gridmap/arena2.map","Hidden"
"graph","depth","Success","3594.6099999998937","2561","15963","21793","0.5","(162, 139)","(79, 236)","./example/gridmap/arena2.map","Hidden"
"graph","depth","Success","3479.3999999999055","2479","17629","23188","0.5156","(170, 146)","(72, 275)","./example/gridmap/arena2.map","Hidden"
"graph","depth","Success","4990.2799999997505","3552","13412","21856","0.4688","(68, 146)","(58, 242)","./example/gridmap/arena2.map","Hidden"
"graph","depth","Success","3758.9899999998775","2677","17202","23315","0.5312","(173, 144)","(66, 245)","./example/gridmap/arena2.map","Hidden"
"graph","depth","Success","4782.009999999772","3404","12203","20200","0.3906","(73, 151)","(55, 280)","./example/gridmap/arena2.map","Hidden"
"graph","depth","Success","6068.2399999996405","4320","7135","17088","0.25","(78, 136)","(13, 103)","./example/gridmap/arena2.map","Hidden"
"graph","depth","Success","3052.6299999999487","2174","2804","7731","0.0781","(125, 135)","(158, 265)","./example/gridmap/arena2.map","Hidden"
"graph","depth","Success","1527.4700000000214","1090","19425","21859","0.5938","(204, 253)","(138, 188)","./example/gridmap/arena2.map","Hidden"
"graph","depth","Success","4431.559999999808","3154","9093","16491","0.2969","(157, 247)","(121, 127)","./example/gridmap/arena2.map","Hidden"
"graph","depth","Success","318.84000000000054","227","18361","18962","0.5312","(35, 265)","(207, 246)","./example/gridmap/arena2.map","Hidden"
"graph","depth","Success","3290.329999999925","2342","18102","23433","0.5469","(126, 88)","(103, 240)","./example/gridmap/arena2.map","Hidden"
"graph","depth","Success","4198.139999999832","2987","3552","10582","0.1094","(69, 266)","(105, 121)","./example/gridmap/arena2.map","Hidden"
"graph","depth","Success","3513.0599999999026","2502","16865","22656","0.5156","(146, 148)","(47, 259)","./example/gridmap/arena2.map","Hidden"
"graph","depth","Success","5789.289999999669","4121","9536","18893","0.3125","(158, 178)","(57, 93)","./example/gridmap/arena2.map","Hidden"
"graph","depth","Success","4819.079999999768","3430","8187","16214","0.2656","(142, 257)","(116, 109)","./example/gridmap/arena2.map","Hidden"
"graph","depth","Success","5585.65999999969","3976","7494","16738","0.2188","(158, 233)","(75, 142)","./example/gridmap/arena2.map","Hidden"
"graph","depth","Success","1399.2600000000139","995","7194","9454","0.25","(95, 257)","(148, 97)","./example/gridmap/arena2.map","Hidden"
"graph","depth","Success","3419.459999999912","2433","4860","10531","0.1406","(30, 127)","(133, 253)","./example/gridmap/arena2.map","Hidden"
"graph","depth","Success","496.50000000000375","353","18525","19407","0.5312","(39, 261)","(189, 280)","./example/gridmap/arena2.map","Hidden"
"graph","depth","Success","4966.719999999754","3535","12270","20653","0.375","(76, 112)","(3, 94)","./example/gridmap/arena2.map","Hidden"
"graph","depth","Success","3921.7299999998604","2793","15987","22387","0.4844","(131, 144)","(44, 265)","./example/gridmap/arena2.map","Hidden"
"graph","depth","Success","3339.8599999999196","2378","2933","8338","0.0938","(86, 128)","(151, 275)","./example/gridmap/arena2.map","Hidden"
"graph","depth","Success","4644.469999999786","3305","12368","20099","0.3906","(137, 277)","(44, 140)","./example/gridmap/arena2.map","Hidden"
"graph","depth","Success","976.4899999999935","694","18410","20036","0.5625","(53, 184)","(164, 100)","./example/gridmap/arena2.map","Hidden"
"graph","depth","Success","2573.2799999999984","1832","3359","7558","0.1094","(147, 139)","(156, 274)","./example/gridmap/arena2.map","Hidden"
"graph","depth","Success","5098.02999999974","3629","7316","15903","0.2344","(141, 265)","(88, 110)","./example/gridmap/arena2.map","Hidden"
"graph","depth","Success","3401.1299999999137","2420","4847","10480","0.1562","(20, 125)","(120, 264)","./example/gridmap/arena2.map","Hidden"
"graph","depth","Success","2244.5700000000315","1598","17813","21483","0.5156","(148, 239)","(156, 136)","./example/gridmap/arena2.map","Hidden"
"graph","depth","Success","1108.9799999999973","790","22370","24216","0.6562","(150, 131)","(152, 245)","./example/gridmap/arena2.map","Hidden"
"graph","depth","Success","4637.649999999787","3299","4266","12091","0.1406","(68, 280)","(79, 125)","./example/gridmap/arena2.map","Hidden"
"graph","depth","Success","4685.899999999783","3337","8950","16760","0.2812","(182, 264)","(91, 164)","./example/gridmap/arena2.map","Hidden"
"graph","depth","Success","1594.5600000000252","1137","20228","22816","0.5938","(186, 277)","(39, 273)","./example/gridmap/arena2.map","Hidden"
"graph","depth","Success","5907.549999999657","4204","10671","20310","0.3594","(157, 182)","(44, 98)","./example/gridmap/arena2.map","Hidden"
"graph","depth","Success","3287.2799999999247","2341","18274","23553","0.5312","(158, 104)","(89, 262)","./example/gridmap/arena2.map","Hidden"
"graph","depth","Success","2312.1500000000237","1650","20468","24144","0.6094","(163, 146)","(153, 229)","./example/gridmap/arena2.map","Hidden"
"graph","depth","Success","4886.939999999761","3479","13849","22023","0.3906","(94, 116)","(51, 250)","./example/gridmap/arena2.map","Hidden"
"graph","depth","Success","2578.559999999997","1834","18321","22865","0.5625","(75, 123)","(151, 263)","./example/gridmap/arena2.map","Hidden"
"graph","depth","Success","2572.639999999998","1833","19589","23713","0.5625","(105, 140)","(161, 225)","./example/gridmap/arena2.map","Hidden"
"graph","depth","Success","2590.6099999999956","1844","2211","6417","0.0938","(159, 171)","(185, 258)","./example/gridmap/arena2.map","Hidden"
"graph","depth","Success","3322.1699999999214","2364","2966","8441","0.0938","(48, 114)","(131, 264)","./example/gridmap/arena2.map","Hidden"
"graph","depth","Success","3474.629999999906","2473","15809","21441","0.4688","(109, 55)","(99, 235)","./example/gridmap/arena2.map","Hidden"
"graph","depth","Success","3545.899999999899","2525","15803","21510","0.4688","(142, 114)","(73, 270)","./example/gridmap/arena2.map","Hidden"
"graph","depth","Success","1981.3600000000474","1409","1753","5042","0.0469","(50, 255)","(138, 128)","./example/gridmap/arena2.map","Hidden"
"graph","depth","Success","1457.0700000000174","1036","21840","24287","0.6562","(11, 111)","(160, 111)","./example/gridmap/arena2.map","Hidden"
"graph","depth","Success","3878.839999999864","2762","14820","21188","0.4844","(188, 275)","(95, 166)","./example/gridmap/arena2.map","Hidden"
"graph","depth","Success","4560.509999999795","3244","4383","12092","0.1406","(67, 279)","(89, 112)","./example/gridmap/arena2.map","Hidden"
"graph","depth","Success","2159.56000000004","1538","17976","21483","0.5469","(182, 220)","(153, 161)","./example/gridmap/arena2.map","Hidden"
"graph","depth","Success","3069.599999999947","2184","18513","23568","0.5625","(38, 160)","(174, 234)","./example/gridmap/arena2.map","Hidden"
"graph","depth","Success","3865.3799999998664","2751","16837","23267","0.5156","(59, 120)","(59, 255)","./example/gridmap/arena2.map","Hidden"
"graph","depth","Success","3312.8899999999226","2358","16648","22496","0.5","(87, 115)","(55, 264)","./example/gridmap/arena2.map","Hidden"
"graph","depth","Success","3390.4399999999146","2413","3896","9430","0.125","(78, 82)","(106, 253)","./example/gridmap/arena2.map","Hidden"
"graph","depth","Success","5101.4399999997395","3632","8208","16736","0.25","(180, 251)","(78, 149)","./example/gridmap/arena2.map","Hidden"
"graph","depth","Success","4708.099999999779","3351","13453","21119","0.4375","(111, 11)","(76, 163)","./example/gridmap/arena2.map","Hidden"
"graph","depth","Success","4783.649999999772","3404","4128","12155","0.1406","(53, 255)","(71, 120)","./example/gridmap/arena2.map","Hidden"
"graph","depth","Success","4772.189999999773","3395","8541","16570","0.2656","(107, 263)","(82, 100)","./example/gridmap/arena2.map","Hidden"
"graph","depth","Success","3310.8899999999226","2356","17983","23435","0.5625","(37, 116)","(140, 260)","./example/gridmap/arena2.map","Hidden"
"graph","depth","Success","2530.9800000000023","1802","19931","24010","0.5781","(97, 115)","(150, 234)","./example/gridmap/arena2.map","Hidden"
"graph","depth","Success","5821.489999999666","4145","10553","19955","0.3438","(127, 165)","(8, 92)","./example/gridmap/arena2.map","Hidden"
"graph","depth","Success","2479.0400000000072","1764","17233","21294","0.5625","(149, 232)","(151, 128)","./example/gridmap/arena2.map","Hidden"
"graph","depth","Success","4341.139999999817","3089","12780","20072","0.4062","(151, 268)","(55, 125)","./example/gridmap/arena2.map","Hidden"
"graph","depth","Success","4312.52999999982","3069","4352","11471","0.1562","(195, 261)","(76, 162)","./example/gridmap/arena2.map","Hidden"
"graph","depth","Success","1964.8000000000468","1399","17734","21029","0.5781","(134, 258)","(163, 104)","./example/gridmap/arena2.map","Hidden"
"graph","depth","Success","4176.989999999834","2972","7871","14852","0.25","(48, 260)","(44, 135)","./example/gridmap/arena2.map","Hidden"
"graph","depth","Success","4586.609999999792","3266","13556","21042","0.4062","(197, 239)","(60, 165)","./example/gridmap/arena2.map","Hidden"
"graph","depth","Success","2623.089999999993","1865","10820","15391","0.3438","(55, 182)","(207, 254)","./example/gridmap/arena2.map","Hidden"
"graph","depth","Success","1954.9300000000462","1392","2422","5630","0.0625","(140, 156)","(190, 221)","./example/gridmap/arena2.map","Hidden"
"graph","depth","Success","1431.1000000000158","1017","3122","5541","0.0938","(12, 109)","(147, 133)","./example/gridmap/arena2.map","Hidden"
"graph","depth","Success","5029.579999999746","3579","10414","18828","0.3281","(149, 264)","(35, 123)","./example/gridmap/arena2.map","Hidden"
"graph","depth","Success","5991.279999999648","4266","5573","15493","0.1875","(167, 237)","(65, 131)","./example/gridmap/arena2.map","Hidden"
"graph","depth","Success","3758.809999999877","2676","17110","23267","0.5469","(94, 85)","(78, 248)","./example/gridmap/arena2.map","Hidden"
"graph","depth","Success","4696.049999999781","3341","4301","12214","0.1406","(40, 264)","(78, 126)","./example/gridmap/arena2.map","Hidden"
"graph","depth","Success","6102.209999999637","4347","9742","19681","0.3438","(153, 119)","(9, 99)","./example/gridmap/arena2.map","Hidden"
"graph","depth","Success","2732.609999999981","1945","19006","23495","0.5938","(87, 154)","(195, 264)","./example/gridmap/arena2.map","Hidden"
"graph","depth","Success","3208.959999999933","2284","18246","23434","0.5938","(118, 89)","(128, 261)","./example/gridmap/arena2.map","Hidden"
"graph","depth","Success","1705.2300000000316","1212","20317","23511","0.625","(68, 134)","(170, 227)","./example/gridmap/arena2.map","Hidden"
"graph","depth","Success","2456.43000000001","1750","17535","21477","0.5312","(201, 269)","(132, 161)","./example/gridmap/arena2.map","Hidden"
"graph","depth","Success","5522.619999999696","3931","7637","16738","0.2812","(151, 226)","(107, 117)","./example/gridmap/arena2.map","Hidden"
"graph","depth","Success","5206.369999999729","3707","12616","21035","0.4062","(159, 183)","(97, 7)","./example/gridmap/arena2.map","Hidden"
"graph","depth","Success","3042.9399999999496","2168","2609","7468","0.0938","(112, 133)","(181, 226)","./example/gridmap/arena2.map","Hidden"
"graph","depth","Success","2358.42000000002","1677","17330","21317","0.6562","(32, 131)","(153, 237)","./example/gridmap/arena2.map","Hidden"
"graph","depth","Success","2204.9100000000353","1569","19994","23558","0.7188","(146, 99)","(143, 256)","./example/gridmap/arena2.map","Hidden"
"graph","depth","Success","3313.8899999999226","2359","18079","23410","0.7031","(119, 99)","(100, 264)","./example/gridmap/arena2.map","Hidden"
"graph","depth","Success","5476.8599999997","3900","5028","14009","0.2031","(170, 222)","(107, 129)","./example/gridmap/arena2.map","Hidden"
"graph","depth","Success","5817.669999999666","4142","9891","19488","0.4062","(123, 252)","(13, 107)","./example/gridmap/arena2.map","Hidden"
"graph","depth","Success","5171.1199999997325","3682","10642","19227","0.4219","(146, 264)","(19, 125)","./example/gridmap/arena2.map","Hidden"
"graph","depth","Success","5788.059999999668","4121","5999","15637","0.2188","(182, 250)","(66, 141)","./example/gridmap/arena2.map","Hidden"
"graph","depth","Success","2458.7100000000096","1749","19945","24020","0.6719","(55, 118)","(147, 234)","./example/gridmap/arena2.map","Hidden"
"graph","depth","Success","4244.259999999827","3020","9768","16859","0.3125","(43, 263)","(43, 129)","./example/gridmap/arena2.map","Hidden"
"graph","depth","Success","5261.179999999723","3745","7990","16721","0.2812","(191, 240)","(102, 138)","./example/gridmap/arena2.map","Hidden"
"graph","depth","Success","4904.85999999976","3492","13548","21744","0.4375","(91, 117)","(35, 265)","./example/gridmap/arena2.map","Hidden"
"graph","depth","Success","4828.359999999768","3436","4105","12185","0.1406","(40, 250)","(73, 113)","./example/gridmap/arena2.map","Hidden"
"graph","depth","Success","5165.6599999997325","3679","8083","16705","0.2812","(180, 259)","(112, 132)","./example/gridmap/arena2.map","Hidden"
"graph","depth","Success","3419.869999999911","2433","11763","17432","0.4062","(72, 256)","(74, 94)","./example/gridmap/arena2.map","Hidden"
"graph","depth","Success","5536.079999999694","3942","11350","20418","0.3906","(161, 243)","(41, 125)","./example/gridmap/arena2.map","Hidden"
"graph","depth","Success","3847.2299999998672","2739","16078","22500","0.5","(77, 125)","(180, 242)","./example/gridmap/arena2.map","Hidden"
"graph","depth","Success","3830.30999999987","2727","16888","23114","0.5","(175, 124)","(47, 260)","./example/gridmap/arena2.map","Hidden"
"graph","depth","Success","6101.439999999637","4345","10242","20147","0.3125","(166, 143)","(11, 115)","./example/gridmap/arena2.map","Hidden"
"graph","depth","Success","1272.3600000000065","905","15632","17766","0.5156","(54, 247)","(154, 108)","./example/gridmap/arena2.map","Hidden"
"graph","depth","Success","2765.039999999978","1968","18949","23413","0.6094","(105, 125)","(187, 243)","./example/gridmap/arena2.map","Hidden"
"graph","depth","Success","6089.389999999638","4335","10034","19943","0.3125","(166, 135)","(10, 111)","./example/gridmap/arena2.map","Hidden"
"graph","depth","Success","2772.6799999999776","1974","2340","6812","0.0938","(106, 143)","(200, 259)","./example/gridmap/arena2.map","Hidden"
"graph","depth","Success","867.739999999996","616","22821","24310","0.7344","(5, 91)","(158, 118)","./example/gridmap/arena2.map","Hidden"
"graph","depth","Success","3360.8299999999176","2392","17462","22926","0.5469","(95, 61)","(117, 262)","./example/gridmap/arena2.map","Hidden"
"graph","depth","Success","6052.269999999642","4311","10457","20253","0.375","(156, 152)","(10, 110)","./example/gridmap/arena2.map","Hidden"
"graph","depth","Success","2100.110000000046","1497","17628","21048","0.5156","(153, 257)","(143, 101)","./example/gridmap/arena2.map","Hidden"
"graph","depth","Success","656.6500000000008","466","23155","24310","0.7031","(10, 91)","(157, 169)","./example/gridmap/arena2.map","Hidden"
"graph","depth","Success","5630.729999999685","4010","7202","16584","0.2344","(191, 250)","(89, 125)","./example/gridmap/arena2.map","Hidden"
"graph","depth","Success","3550.3599999998987","2527","16508","22737","0.5312","(51, 118)","(166, 242)","./example/gridmap/arena2.map","Hidden"
"graph","depth","Success","3811.159999999871","2714","3746","9905","0.125","(199, 259)","(126, 140)","./example/gridmap/arena2.map","Hidden"
"graph","depth","Success","4969.949999999752","3537","10306","18562","0.3125","(139, 273)","(54, 96)","./example/gridmap/arena2.map","Hidden"
"graph","depth","Success","5044.039999999745","3591","12379","20604","0.3594","(114, 212)","(105, 4)","./example/gridmap/arena2.map","Hidden"
"graph","depth","Success","2309.0700000000247","1642","20283","24165","0.6406","(2, 124)","(141, 252)","./example/gridmap/arena2.map","Hidden"
"graph","depth","Success","4516.9799999997995","3214","8890","16399","0.2969","(60, 238)","(13, 133)","./example/gridmap/arena2.map","Hidden"
"graph","depth","Success","4586.6599999997925","3264","8295","15911","0.2812","(60, 239)","(12, 129)","./example/gridmap/arena2.map","Hidden"
"graph","depth","Success","2280.230000000028","1623","20323","24010","0.6406","(110, 110)","(172, 222)","./example/gridmap/arena2.map","Hidden"
"graph","depth","Success","2177.1200000000385","1549","20155","23655","0.7188","(175, 159)","(190, 219)","./example/gridmap/arena2.map","Hidden"
"graph","depth","Success","3156.149999999938","2248","16164","21282","0.5625","(146, 222)","(109, 104)","./example/gridmap/arena2.map","Hidden"
"graph","depth","Success","3716.9199999998814","2646","17319","23399","0.625","(54, 77)","(72, 253)","./example/gridmap/arena2.map","Hidden"
"graph","depth","Success","3812.5199999998717","2717","16598","22812","0.5625","(153, 125)","(34, 271)","./example/gridmap/arena2.map","Hidden"
"graph","depth","Success","3525.2099999999004","2508","7224","13144","0.2344","(68, 268)","(113, 78)","./example/gridmap/arena2.map","Hidden"
"graph","depth","Success","2930.0099999999616","2085","18744","23568","0.625","(47, 129)","(179, 237)","./example/gridmap/arena2.map","Hidden"
"graph","depth","Success","1539.8000000000222","1097","1878","4477","0.0625","(144, 256)","(172, 93)","./example/gridmap/arena2.map","Hidden"
"graph","depth","Success","2388.8000000000166","1700","19575","23495","0.625","(90, 128)","(191, 231)","./example/gridmap/arena2.map","Hidden"
"graph","depth","Success","4875.479999999762","3470","12006","20088","0.375","(104, 254)","(106, 40)","./example/gridmap/arena2.map","Hidden"
"graph","depth","Success","3007.329999999953","2141","18322","23232","0.5469","(170, 100)","(142, 280)","./example/gridmap/arena2.map","Hidden"
"graph","depth","Success","5287.50999999972","3766","5089","13875","0.1719","(186, 262)","(115, 118)","./example/gridmap/arena2.map","Hidden"
"graph","depth","Success","5594.529999999689","3982","11133","20316","0.3125","(157, 218)","(37, 129)","./example/gridmap/arena2.map","Hidden"
"graph","depth","Success","4559.459999999795","3245","8297","15915","0.2656","(55, 274)","(12, 132)","./example/gridmap/arena2.map","Hidden"
"graph","depth","Success","4593.939999999791","3268","5433","13181","0.1875","(50, 253)","(102, 85)","./example/gridmap/arena2.map","Hidden"
"graph","depth","Success","3642.599999999889","2593","17356","23267","0.5625","(114, 73)","(74, 236)","./example/gridmap/arena2.map","Hidden"
"graph","depth","Success","1548.3100000000225","1101","15035","17599","0.4531","(79, 239)","(114, 102)","./example/gridmap/arena2.map","Hidden"
"graph","depth","Success","2507.420000000004","1785","2145","6137","0.0781","(168, 138)","(194, 245)","./example/gridmap/arena2.map","Hidden"
"graph","depth","Success","3695.7699999998836","2631","3425","9414","0.1094","(105, 0)","(107, 214)","./example/gridmap/arena2.map","Hidden"
"graph","depth","Success","2406.310000000015","1713","20144","24010","0.6094","(111, 99)","(160, 228)","./example/gridmap/arena2.map","Hidden"
"graph","depth","Success","3488.5499999999042","2482","3029","8837","0.125","(61, 246)","(94, 70)","./example/gridmap/arena2.map","Hidden"
"graph","depth","Success","4828.719999999767","3438","11911","19890","0.3594","(135, 250)","(102, 55)","./example/gridmap/arena2.map","Hidden"
"graph","depth","Success","1656.0600000000286","1178","1473","4215","0.0469","(72, 235)","(125, 82)","./example/gridmap/arena2.map","Hidden"
"graph","depth","Success","4725.199999999778","3364","12781","20607","0.4219","(134, 262)","(103, 59)","./example/gridmap/arena2.map","Hidden"
"graph","depth","Success","1493.4500000000196","1065","19105","21628","0.5938","(172, 246)","(166, 110)","./example/gridmap/arena2.map","Hidden"
"graph","depth","Success","3991.2299999998536","2842","16505","23067","0.5469","(102, 81)","(55, 235)","./example/gridmap/arena2.map","Hidden"
"graph","depth","Success","2483.860000000007","1768","19466","23495","0.5938","(144, 148)","(197, 267)","./example/gridmap/arena2.map","Hidden"
"graph","depth","Success","3735.6599999998793","2659","15625","21805","0.4375","(10, 111)","(65, 275)","./example/gridmap/arena2.map","Hidden"
"graph","depth","Success","3947.339999999858","2810","16185","22668","0.4688","(111, 67)","(66, 240)","./example/gridmap/arena2.map","Hidden"
"graph","depth","Success","2347.500000000021","1671","19696","23489","0.5938","(141, 148)","(202, 270)","./example/gridmap/arena2.map","Hidden"
"graph","depth","Success","4761.679999999775","3389","8504","16352","0.2656","(64, 235)","(2, 112)","./example/gridmap/arena2.map","Hidden"
"graph","depth","Success","1567.6400000000237","1115","1249","3837","0.0469","(57, 263)","(131, 100)","./example/gridmap/arena2.map","Hidden"
"graph","depth","Success","2891.1199999999653","2058","18508","23242","0.5625","(169, 100)","(157, 274)","./example/gridmap/arena2.map","Hidden"
"graph","depth","Success","1604.250000000026","1143","1708","4384","0.0625","(156, 235)","(174, 101)","./example/gridmap/arena2.map","Hidden"
"graph","depth","Success","331.9400000000008","236","237","931","0.0","(41, 268)","(174, 113)","./example/gridmap/arena2.map","Hidden"
"graph","depth","Success","1574.7700000000239","1125","18996","21591","0.5469","(181, 229)","(175, 125)","./example/gridmap/arena2.map","Hidden"
"graph","depth","Success","3895.579999999863","2773","16318","22768","0.5","(87, 68)","(59, 251)","./example/gridmap/arena2.map","Hidden"
"graph","depth","Success","3683.2599999998847","2623","17381","23329","0.4844","(137, 92)","(55, 269)","./example/gridmap/arena2.map","Hidden"
"graph","depth","Success","3903.2199999998625","2779","16813","23267","0.4844","(51, 76)","(64, 254)","./example/gridmap/arena2.map","Hidden"
"graph","depth","Success","4736.709999999777","3371","8475","16323","0.2656","(73, 280)","(2, 117)","./example/gridmap/arena2.map","Hidden"
"graph","depth","Success","3571.509999999896","2542","17605","23435","0.5312","(62, 74)","(69, 276)","./example/gridmap/arena2.map","Hidden"
"graph","depth","Success","4166.659999999835","2967","14388","21245","0.4062","(170, 245)","(68, 100)","./example/gridmap/arena2.map","Hidden"
"graph","depth","Success","2468.3500000000085","1757","19497","23495","0.5625","(136, 132)","(186, 280)","./example/gridmap/arena2.map","Hidden"
"graph","depth","Success","3701.819999999883","2635","15482","21531","0.4844","(90, 62)","(78, 235)","./example/gridmap/arena2.map","Hidden"
"graph","depth","Success","1920.270000000044","1368","18273","21452","0.5469","(206, 246)","(167, 138)","./example/gridmap/arena2.map","Hidden"
"graph","depth","Success","4953.259999999755","3524","5022","13361","0.1562","(54, 261)","(83, 84)","./example/gridmap/arena2.map","Hidden"
"graph","depth","Success","2364.240000000019","1682","2484","6385","0.0781","(195, 274)","(149, 136)","./example/gridmap/arena2.map","Hidden"
"graph","depth","Success","3787.419999999874","2696","17041","23246","0.5156","(88, 97)","(58, 263)","./example/gridmap/arena2.map","Hidden"
"graph","depth","Success","5057.729999999744","3601","10623","18976","0.3125","(170, 244)","(51, 99)","./example/gridmap/arena2.map","Hidden"
"graph","depth","Success","2264.440000000029","1615","19767","23404","0.5781","(157, 142)","(205, 273)","./example/gridmap/arena2.map","Hidden"
"graph","depth","Success","3129.229999999941","2226","4602","9795","0.125","(13, 107)","(159, 260)","./example/gridmap/arena2.map","Hidden"
"graph","depth","Success","3952.0299999998565","2811","10371","17058","0.3281","(53, 270)","(66, 83)","./example/gridmap/arena2.map","Hidden"
"graph","depth","Success","2819.6199999999726","2007","2544","7054","0.0781","(144, 109)","(178, 258)","./example/gridmap/arena2.map","Hidden"
"graph","depth","Success","3890.4799999998636","2772","16702","23060","0.5156","(163, 99)","(35, 251)","./example/gridmap/arena2.map","Hidden"
"graph","depth","Success","3804.3399999998724","2708","15537","21828","0.4688","(9, 108)","(59, 280)","./example/gridmap/arena2.map","Hidden"
"graph","depth","Success","3556.4099999998966","2531","16563","22582","0.5156","(75, 127)","(189, 273)","./example/gridmap/arena2.map","Hidden"
"graph","depth","Success","3638.3699999998894","2590","17443","23399","0.5781","(85, 98)","(56, 270)","./example/gridmap/arena2.map","Hidden"
"graph","depth","Success","2470.1700000000083","1758","19509","23495","0.6094","(92, 127)","(205, 277)","./example/gridmap/arena2.map","Hidden"
"graph","depth","Success","4743.349999999777","3376","8581","16443","0.2656","(54, 251)","(3, 103)","./example/gridmap/arena2.map","Hidden"
"graph","depth","Success","3041.80999999995","2164","2779","7676","0.0938","(151, 75)","(146, 273)","./example/gridmap/arena2.map","Hidden"
"graph","depth","Success","1611.7600000000261","1146","15049","17751","0.4375","(45, 260)","(119, 94)","./example/gridmap/arena2.map","Hidden"
"graph","depth","Success","2124.7700000000436","1511","2013","5506","0.0625","(120, 84)","(167, 231)","./example/gridmap/arena2.map","Hidden"
"graph","depth","Success","2119.310000000044","1508","20701","24158","0.6562","(154, 103)","(176, 224)","./example/gridmap/arena2.map","Hidden"
"graph","depth","Success","2965.669999999958","2110","18742","23517","0.5781","(122, 70)","(153, 278)","./example/gridmap/arena2.map","Hidden"
"graph","depth","Success","3697.7199999998834","2635","17037","23013","0.5469","(171, 111)","(34, 277)","./example/gridmap/arena2.map","Hidden"
"graph","depth","Success","3550.179999999898","2526","11590","17533","0.375","(57, 250)","(104, 55)","./example/gridmap/arena2.map","Hidden"
"graph","depth","Success","2350.5000000000205","1674","17085","20952","0.5938","(155, 274)","(125, 76)","./example/gridmap/arena2.map","Hidden"
"graph","depth","Success","2190.810000000037","1559","20564","24117","0.625","(152, 101)","(171, 220)","./example/gridmap/arena2.map","Hidden"
"graph","depth","Success","5813.569999999667","4142","10900","20411","0.3125","(167, 243)","(46, 93)","./example/gridmap/arena2.map","Hidden"
"graph","depth","Success","2171.660000000039","1546","17867","21422","0.5312","(198, 275)","(156, 135)","./example/gridmap/arena2.map","Hidden"
"graph","depth","Success","5813.079999999666","4137","6111","15744","0.2188","(153, 220)","(109, 79)","./example/gridmap/arena2.map","Hidden"
"graph","depth","Success","3024.479999999952","2152","3463","8434","0.1094","(40, 103)","(175, 230)","./example/gridmap/arena2.map","Hidden"
"graph","depth","Success","4021.06999999985","2862","16500","23267","0.5156","(4, 104)","(53, 264)","./example/gridmap/arena2.map","Hidden"
"graph","depth","Success","3437.7899999999086","2446","6072","11852","0.2188","(103, 101)","(194, 257)","./example/gridmap/arena2.map","Hidden"
"graph","depth","Success","2800.699999999975","1993","2554","7039","0.0781","(161, 98)","(179, 249)","./example/gridmap/arena2.map","Hidden"
"graph","depth","Success","1959.0300000000464","1392","19362","22934","0.5781","(70, 113)","(202, 254)","./example/gridmap/arena2.map","Hidden"
"graph","depth","Success","5754.989999999672","4099","9665","19159","0.2969","(197, 244)","(28, 127)","./example/gridmap/arena2.map","Hidden"
"graph","depth","Success","2661.8799999999887","1896","2734","7098","0.0938","(186, 249)","(143, 102)","./example/gridmap/arena2.map","Hidden"
"graph","depth","Success","2005.0500000000488","1429","2109","5428","0.0781","(183, 240)","(164, 105)","./example/gridmap/arena2.map","Hidden"
"graph","depth","Success","2884.2499999999654","2054","16598","21284","0.4844","(160, 230)","(130, 95)","./example/gridmap/arena2.map","Hidden"
"graph","depth","Success","2233.9300000000326","1589","20527","24165","0.625","(122, 58)","(150, 240)","./example/gridmap/arena2.map","Hidden"
"graph","depth","Success","3820.4399999998705","2720","16286","22554","0.5","(118, 75)","(40, 269)","./example/gridmap/arena2.map","Hidden"
"graph","depth","Success","3585.4299999998943","2551","7278","13307","0.25","(38, 269)","(116, 75)","./example/gridmap/arena2.map","Hidden"
"graph","depth","Success","1752.7600000000343","1246","19766","22998","0.5938","(81, 109)","(206, 238)","./example/gridmap/arena2.map","Hidden"
"graph","depth","Success","2331.5800000000227","1660","17506","21340","0.5312","(182, 277)","(151, 120)","./example/gridmap/arena2.map","Hidden"
"graph","depth","Success","4807.4399999997695","3420","5146","13213","0.2031","(37, 250)","(100, 69)","./example/gridmap/arena2.map","Hidden"
"graph","depth","Success","1332.4000000000106","947","1984","4167","0.0938","(146, 112)","(200, 257)","./example/gridmap/arena2.map","Hidden"
"graph","depth","Success","4549.999999999796","3238","9234","16829","0.2812","(38, 265)","(40, 93)","./example/gridmap/arena2.map","Hidden"
"graph","depth","Success","1264.7200000000062","899","15687","17878","0.4688","(38, 275)","(161, 95)","./example/gridmap/arena2.map","Hidden"
"graph","depth","Success","5975.999999999649","4254","6824","16743","0.2656","(169, 227)","(95, 93)","./example/gridmap/arena2.map","Hidden"
"graph","depth","Success","3002.8699999999535","2139","16391","21284","0.5156","(166, 232)","(129, 77)","./example/gridmap/arena2.map","Hidden"
"graph","depth","Success","2470.580000000008","1758","19381","23443","0.6094","(164, 120)","(192, 272)","./example/gridmap/arena2.map","Hidden"
"graph","depth","Success","3864.5599999998662","2751","16566","22916","0.5156","(129, 84)","(41, 267)","./example/gridmap/arena2.map","Hidden"
"graph","depth","Success","2880.6599999999667","2050","18954","23568","0.6094","(121, 67)","(169, 237)","./example/gridmap/arena2.map","Hidden"
"graph","depth","Success","4905.85999999976","3493","12382","20497","0.375","(127, 251)","(106, 23)","./example/gridmap/arena2.map","Hidden"
"graph","depth","Success","2285.100000000027","1625","20100","23804","0.625","(122, 83)","(168, 224)","./example/gridmap/arena2.map","Hidden"
"graph","depth","Success","3929.59999999986","2798","16489","22942","0.5","(130, 76)","(41, 257)","./example/gridmap/arena2.map","Hidden"
"graph","depth","Success","4144.739999999838","2950","16154","23067","0.5156","(4, 91)","(57, 240)","./example/gridmap/arena2.map","Hidden"
"graph","depth","Success","5747.349999999673","4093","10737","20212","0.3594","(182, 242)","(35, 101)","./example/gridmap/arena2.map","Hidden"
"graph","depth","Success","6108.949999999636","4348","6585","16682","0.2031","(163, 224)","(79, 101)","./example/gridmap/arena2.map","Hidden"
"graph","depth","Success","2769.859999999978","1972","2720","7169","0.1094","(184, 221)","(137, 102)","./example/gridmap/arena2.map","Hidden"
"graph","depth","Success","3612.6299999998914","2570","7387","13503","0.2344","(39, 274)","(77, 83)","./example/gridmap/arena2.map","Hidden"
"graph","depth","Success","4173.939999999835","2971","15969","22942","0.4844","(4, 94)","(45, 252)","./example/gridmap/arena2.map","Hidden"
"graph","depth","Success","4055.909999999847","2887","16236","22942","0.4844","(95, 66)","(35, 262)","./example/gridmap/arena2.map","Hidden"
"graph","depth","Success","1644.5500000000281","1171","18739","21446","0.5625","(206, 276)","(172, 130)","./example/gridmap/arena2.map","Hidden"
"graph","depth","Success","2756.399999999979","1961","19025","23568","0.5625","(60, 93)","(183, 259)","./example/gridmap/arena2.map","Hidden"
"graph","depth","Success","3951.5699999998574","2813","16598","23067","0.5156","(110, 44)","(52, 248)","./example/gridmap/arena2.map","Hidden"
"graph","depth","Success","2729.019999999982","1941","19089","23568","0.6094","(89, 76)","(183, 245)","./example/gridmap/arena2.map","Hidden"
"graph","depth","Success","1055.2199999999943","751","21932","23772","0.6719","(99, 98)","(207, 245)","./example/gridmap/arena2.map","Hidden"
"graph","depth","Success","2744.9399999999805","1952","18960","23568","0.7188","(12, 127)","(191, 256)","./example/gridmap/arena2.map","Hidden"
"graph","depth","Success","2938.4699999999607","2091","3402","8193","0.125","(51, 90)","(179, 226)","./example/gridmap/arena2.map","Hidden"
"graph","depth","Success","5747.809999999673","4091","9623","19062","0.375","(206, 258)","(36, 118)","./example/gridmap/arena2.map","Hidden"
"graph","depth","Success","5589.06999999969","3979","11123","20312","0.3906","(190, 227)","(46, 103)","./example/gridmap/arena2.map","Hidden"
"graph","depth","Success","2927.8299999999613","2082","18682","23568","0.6094","(9, 111)","(181, 238)","./example/gridmap/arena2.map","Hidden"
"graph","depth","Success","1937.2400000000453","1378","2060","5274","0.0625","(201, 279)","(168, 126)","./example/gridmap/arena2.map","Hidden"
"graph","depth","Success","6106.079999999636","4348","10010","19993","0.3438","(161, 219)","(2, 114)","./example/gridmap/arena2.map","Hidden"
"graph","depth","Success","2394.850000000016","1704","2390","6336","0.0938","(200, 236)","(162, 107)","./example/gridmap/arena2.map","Hidden"
"graph","depth","Success","5899.859999999658","4200","10248","19960","0.3438","(152, 229)","(13, 92)","./example/gridmap/arena2.map","Hidden"
"graph","depth","Success","5178.39999999973","3686","9101","17668","0.25","(171, 227)","(68, 80)","./example/gridmap/arena2.map","Hidden"
"graph","depth","Success","2509.700000000004","1784","19472","23650","0.625","(61, 106)","(197, 268)","./example/gridmap/arena2.map","Hidden"
"graph","depth","Success","2887.8399999999656","2058","16809","21405","0.5156","(199, 235)","(144, 96)","./example/gridmap/arena2.map","Hidden"
"graph","depth","Success","2689.849999999986","1917","16845","21277","0.5156","(195, 254)","(138, 95)","./example/gridmap/arena2.map","Hidden"
"graph","depth","Success","2165.8400000000393","1541","19768","23336","0.6094","(165, 110)","(206, 258)","./example/gridmap/arena2.map","Hidden"
"graph","depth","Success","2677.669999999987","1904","19165","23568","0.6094","(100, 81)","(180, 264)","./example/gridmap/arena2.map","Hidden"
"graph","depth","Success","2980.589999999956","2120","4486","9445","0.125","(10, 108)","(183, 240)","./example/gridmap/arena2.map","Hidden"
"graph","depth","Success","2510.290000000004","1785","19466","23650","0.6094","(44, 100)","(198, 252)","./example/gridmap/arena2.map","Hidden"
"graph","depth","Success","3743.1199999998785","2664","15356","21456","0.4844","(99, 260)","(110, 3)","./example/gridmap/arena2.map","Hidden"
"graph","depth","Success","2581.379999999997","1836","19357","23547","0.5781","(172, 90)","(186, 248)","./example/gridmap/arena2.map","Hidden"
"graph","depth","Success","5819.719999999666","4142","6993","16697","0.2344","(190, 264)","(98, 82)","./example/gridmap/arena2.map","Hidden"
"graph","depth","Success","2875.249999999967","2045","4405","9209","0.1406","(6, 118)","(191, 239)","./example/gridmap/arena2.map","Hidden"
"graph","depth","Success","2470.4000000000083","1757","19500","23545","0.5781","(172, 91)","(193, 245)","./example/gridmap/arena2.map","Hidden"
"graph","depth","Success","2862.459999999968","2040","16607","21268","0.4844","(185, 227)","(116, 100)","./example/gridmap/arena2.map","Hidden"
"graph","depth","Success","2665.5699999999883","1896","19036","23452","0.7031","(40, 95)","(193, 259)","./example/gridmap/arena2.map","Hidden"
"graph","depth","Success","3817.439999999871","2717","16474","22755","0.5156","(95, 62)","(36, 280)","./example/gridmap/arena2.map","Hidden"
"graph","depth","Success","2532.440000000002","1801","2337","6504","0.0469","(105, 79)","(196, 237)","./example/gridmap/arena2.map","Hidden"
"graph","depth","Success","2760.0399999999786","1963","2504","7032","0.0938","(86, 86)","(187, 230)","./example/gridmap/arena2.map","Hidden"
"graph","depth","Success","1464.1200000000176","1041","3171","5606","0.0938","(101, 93)","(200, 275)","./example/gridmap/arena2.map","Hidden"
"graph","depth","Success","2322.940000000023","1653","19871","23631","0.6406","(151, 93)","(202, 241)","./example/gridmap/arena2.map","Hidden"
"graph","depth","Success","2866.559999999968","2040","18890","23568","0.5781","(76, 74)","(179, 239)","./example/gridmap/arena2.map","Hidden"
"graph","depth","Success","5599.349999999689","3986","7342","16741","0.2344","(182, 261)","(93, 95)","./example/gridmap/arena2.map","Hidden"
"graph","depth","Success","4257.899999999826","3032","12764","19861","0.4219","(176, 245)","(108, 47)","./example/gridmap/arena2.map","Hidden"
"graph","depth","Success","2438.3800000000115","1734","19610","23650","0.6406","(70, 90)","(201, 249)","./example/gridmap/arena2.map","Hidden"
"graph","depth","Success","2331.4000000000224","1659","2178","5928","0.0781","(174, 108)","(200, 271)","./example/gridmap/arena2.map","Hidden"
"graph","depth","Success","2439.7900000000113","1735","19611","23650","0.625","(68, 89)","(201, 250)","./example/gridmap/arena2.map","Hidden"
"graph","depth","Success","2640.189999999991","1878","19256","23568","0.5938","(101, 67)","(191, 244)","./example/gridmap/arena2.map","Hidden"
"graph","depth","Success","2457.0200000000095","1751","19367","23340","0.5938","(168, 98)","(187, 272)","./example/gridmap/arena2.map","Hidden"
"graph","depth","Success","5682.17999999968","4043","10913","20277","0.3438","(204, 279)","(36, 116)","./example/gridmap/arena2.map","Hidden"
"graph","depth","Success","5771.139999999671","4109","10469","19965","0.3594","(194, 269)","(8, 134)","./example/gridmap/arena2.map","Hidden"
"graph","depth","Success","2508.2400000000043","1785","19624","23688","0.6094","(132, 94)","(181, 268)","./example/gridmap/arena2.map","Hidden"
"graph","depth","Success","2337.040000000022","1663","19957","23770","0.5938","(147, 88)","(203, 253)","./example/gridmap/arena2.map","Hidden"
"graph","depth","Success","2449.0700000000106","1741","4060","8189","0.125","(20, 123)","(203, 280)","./example/gridmap/arena2.map","Hidden"
"graph","depth","Success","6173.3999999996295","4394","6473","16640","0.2188","(191, 222)","(94, 73)","./example/gridmap/arena2.map","Hidden"
"graph","depth","Success","3671.6199999998857","2613","11468","17644","0.375","(36, 274)","(101, 48)","./example/gridmap/arena2.map","Hidden"
"graph","depth","Success","3348.909999999919","2385","3000","8391","0.0938","(104, 18)","(142, 260)","./example/gridmap/arena2.map","Hidden"
"graph","depth","Success","3770.679999999876","2685","11094","17344","0.3438","(54, 240)","(100, 27)","./example/gridmap/arena2.map","Hidden"
"graph","depth","Success","2678.669999999987","1905","19216","23567","0.6094","(133, 79)","(181, 263)","./example/gridmap/arena2.map","Hidden"
"graph","depth","Success","2182.170000000038","1552","20059","23629","0.6406","(162, 93)","(203, 235)","./example/gridmap/arena2.map","Hidden"
"graph","depth","Success","4828.129999999767","3437","13060","21046","0.4531","(190, 241)","(89, 66)","./example/gridmap/arena2.map","Hidden"
"graph","depth","Success","2383.390000000017","1695","19758","23650","0.5781","(115, 71)","(200, 242)","./example/gridmap/arena2.map","Hidden"
"graph","depth","Success","3573.5099999998956","2544","3339","9110","0.1094","(98, 16)","(86, 257)","./example/gridmap/arena2.map","Hidden"
"graph","depth","Success","5663.799999999682","4032","11041","20313","0.4062","(199, 271)","(55, 93)","./example/gridmap/arena2.map","Hidden"
"graph","depth","Success","5075.879999999742","3613","12092","20426","0.4219","(186, 276)","(68, 91)","./example/gridmap/arena2.map","Hidden"
"graph","depth","Success","3111.849999999943","2216","18493","23485","0.6094","(107, 33)","(157, 258)","./example/gridmap/arena2.map","Hidden"
"graph","depth","Success","3907.859999999862","2782","16718","23141","0.5469","(104, 25)","(56, 263)","./example/gridmap/arena2.map","Hidden"
"graph","depth","Success","2797.699999999975","1990","2536","7075","0.0781","(107, 48)","(182, 243)","./example/gridmap/arena2.map","Hidden"
"graph","depth","Success","1565.5900000000236","1115","18863","21446","0.6094","(206, 280)","(173, 109)","./example/gridmap/arena2.map","Hidden"
"graph","depth","Success","3565.229999999897","2539","17513","23240","0.5781","(111, 16)","(84, 261)","./example/gridmap/arena2.map","Hidden"
"graph","depth","Success","3744.479999999879","2667","13210","19424","0.3906","(90, 263)","(97, 21)","./example/gridmap/arena2.map","Hidden"
"graph","depth","Success","2602.9399999999946","1851","19318","23650","0.625","(70, 99)","(207, 271)","./example/gridmap/arena2.map","Hidden"
"graph","depth","Success","2401.9000000000156","1709","20281","24165","0.6094","(109, 40)","(154, 224)","./example/gridmap/arena2.map","Hidden"
"graph","depth","Success","5464.169999999703","3891","10520","19596","0.3438","(179, 260)","(11, 94)","./example/gridmap/arena2.map","Hidden"
"graph","depth","Success","2455.3000000000097","1746","2283","6289","0.0781","(114, 72)","(178, 278)","./example/gridmap/arena2.map","Hidden"
"graph","depth","Success","2301.6100000000256","1637","19876","23650","0.6562","(106, 71)","(205, 262)","./example/gridmap/arena2.map","Hidden"
"graph","depth","Success","3267.3599999999274","2326","18197","23476","0.5938","(101, 12)","(144, 265)","./example/gridmap/arena2.map","Hidden"
"graph","depth","Success","3795.649999999873","2703","17232","23363","0.5781","(102, 20)","(61, 269)","./example/gridmap/arena2.map","Hidden"
"graph","depth","Success","5707.739999999678","4062","10601","19997","0.3125","(201, 276)","(44, 99)","./example/gridmap/arena2.map","Hidden"
"graph","depth","Success","3667.9799999998863","2611","11292","17386","0.3906","(79, 246)","(111, 13)","./example/gridmap/arena2.map","Hidden"
"graph","depth","Success","3746.5299999998783","2667","11118","17356","0.3281","(60, 249)","(103, 12)","./example/gridmap/arena2.map","Hidden"
"graph","depth","Success","2947.46999999996","2100","16487","21252","0.5","(199, 265)","(129, 80)","./example/gridmap/arena2.map","Hidden"
"graph","depth","Success","4085.879999999844","2910","16239","22903","0.5156","(105, 20)","(52, 251)","./example/gridmap/arena2.map","Hidden"
"graph","depth","Success","2476.8600000000074","1761","2293","6366","0.0781","(124, 63)","(198, 254)","./example/gridmap/arena2.map","Hidden"
"graph","depth","Success","2531.340000000003","1804","20096","24144","0.5938","(102, 31)","(152, 227)","./example/gridmap/arena2.map","Hidden"
"graph","depth","Success","2278.6400000000276","1621","20094","23770","0.5938","(143, 81)","(193, 276)","./example/gridmap/arena2.map","Hidden"
"graph","depth","Success","5684.53999999968","4047","11026","20341","0.3438","(199, 267)","(65, 76)","./example/gridmap/arena2.map","Hidden"
"graph","depth","Success","2754.399999999979","1959","18573","23069","0.5625","(92, 55)","(187, 233)","./example/gridmap/arena2.map","Hidden"
"graph","depth","Success","5600.169999999688","3986","11040","20330","0.3594","(186, 269)","(60, 76)","./example/gridmap/arena2.map","Hidden"
"graph","depth","Success","5924.369999999655","4220","10060","19849","0.3281","(197, 252)","(6, 100)","./example/gridmap/arena2.map","Hidden"
"graph","depth","Success","2514.060000000004","1790","17109","21211","0.5","(194, 279)","(157, 90)","./example/gridmap/arena2.map","Hidden"
"graph","depth","Success","2429.9200000000124","1728","2225","6238","0.0625","(103, 77)","(203, 275)","./example/gridmap/arena2.map","Hidden"
"graph","depth","Success","3721.9699999998807","2649","11053","17232","0.3281","(65, 235)","(106, 12)","./example/gridmap/arena2.map","Hidden"
"graph","depth","Success","3802.3399999998724","2706","11110","17469","0.3438","(40, 276)","(100, 36)","./example/gridmap/arena2.map","Hidden"
"graph","depth","Success","5852.279999999662","4168","10573","20116","0.3594","(181, 276)","(50, 79)","./example/gridmap/arena2.map","Hidden"
"graph","depth","Success","3666.389999999886","2609","11013","17166","0.3281","(62, 276)","(108, 14)","./example/gridmap/arena2.map","Hidden"
"graph","depth","Success","2509.700000000004","1784","2316","6446","0.0938","(99, 62)","(199, 266)","./example/gridmap/arena2.map","Hidden"
"graph","depth","Success","5940.979999999653","4228","6681","16563","0.2031","(207, 277)","(89, 89)","./example/gridmap/arena2.map","Hidden"
"graph","depth","Success","3909.4499999998616","2784","16426","22833","0.5156","(112, 6)","(71, 238)","./example/gridmap/arena2.map","Hidden"
"graph","depth","Success","2506.4700000000043","1782","3052","7203","0.0938","(71, 83)","(190, 277)","./example/gridmap/arena2.map","Hidden"
"graph","depth","Success","4954.799999999754","3528","12340","20491","0.375","(170, 220)","(111, 37)","./example/gridmap/arena2.map","Hidden"
"graph","depth","Success","2751.1699999999796","1957","19098","23568","0.5781","(102, 50)","(188, 228)","./example/gridmap/arena2.map","Hidden"
"graph","depth","Success","4072.3699999998453","2901","16148","22780","0.5","(108, 18)","(50, 242)","./example/gridmap/arena2.map","Hidden"
"graph","depth","Success","2364.830000000019","1683","20142","23989","0.625","(101, 7)","(149, 245)","./example/gridmap/arena2.map","Hidden"
"graph","depth","Success","3757.219999999877","2674","11079","17342","0.375","(64, 256)","(112, 0)","./example/gridmap/arena2.map","Hidden"
"graph","depth","Success","6058.139999999642","4314","10054","19945","0.3281","(204, 254)","(3, 99)","./example/gridmap/arena2.map","Hidden"
"graph","depth","Success","2743.1199999999803","1951","2492","6953","0.0781","(108, 46)","(187, 224)","./example/gridmap/arena2.map","Hidden"
"graph","depth","Success","2497.1900000000055","1776","19451","23650","0.6094","(12, 98)","(204, 263)","./example/gridmap/arena2.map","Hidden"
"graph","depth","Success","2619.039999999993","1863","19296","23568","0.5781","(107, 49)","(180, 269)","./example/gridmap/arena2.map","Hidden"
"graph","depth","Success","2425.230000000013","1727","19884","23801","0.625","(102, 35)","(164, 225)","./example/gridmap/arena2.map","Hidden"
"graph","depth","Success","2544.5400000000004","1809","4129","8401","0.125","(12, 104)","(195, 276)","./example/gridmap/arena2.map","Hidden"
"graph","depth","Success","4276.639999999824","3045","13647","20785","0.4062","(150, 274)","(107, 12)","./example/gridmap/arena2.map","Hidden"
"graph","depth","Success","4353.5499999998165","3101","13499","20707","0.4219","(149, 265)","(104, 6)","./example/gridmap/arena2.map","Hidden"
"graph","depth","Success","2374.930000000018","1689","19731","23650","0.5781","(77, 85)","(201, 279)","./example/gridmap/arena2.map","Hidden"
"graph","depth","Success","2740.7099999999805","1949","2496","6952","0.0938","(108, 39)","(188, 229)","./example/gridmap/arena2.map","Hidden"
"graph","depth","Success","4300.789999999822","3063","13655","20789","0.4375","(144, 265)","(111, 14)","./example/gridmap/arena2.map","Hidden"
"graph","depth","Success","5760.499999999672","4100","7017","16594","0.2188","(205, 268)","(117, 62)","./example/gridmap/arena2.map","Hidden"
"graph","depth","Success","4980.179999999752","3546","12867","21046","0.3906","(153, 226)","(105, 24)","./example/gridmap/arena2.map","Hidden"
"graph","depth","Success","3708.869999999882","2640","11389","17612","0.3438","(40, 272)","(104, 23)","./example/gridmap/arena2.map","Hidden"
"graph","depth","Success","5088.619999999741","3620","11867","20292","0.375","(205, 272)","(74, 79)","./example/gridmap/arena2.map","Hidden"
"graph","depth","Success","5645.699999999683","4018","7314","16728","0.25","(178, 279)","(120, 61)","./example/gridmap/arena2.map","Hidden"
"graph","depth","Success","2577.1499999999974","1833","2375","6588","0.0781","(106, 43)","(195, 244)","./example/gridmap/arena2.map","Hidden"
"graph","depth","Success","5930.109999999655","4220","9959","19719","0.2969","(199, 280)","(8, 106)","./example/gridmap/arena2.map","Hidden"
"graph","depth","Success","4346.089999999817","3096","13512","20721","0.4062","(153, 263)","(102, 1)","./example/gridmap/arena2.map","Hidden"
"graph","depth","Success","4120.12999999984","2934","15945","22676","0.4844","(108, 12)","(43, 252)","./example/gridmap/arena2.map","Hidden"
"graph","depth","Success","2897.169999999965","2062","2920","7587","0.0938","(100, 26)","(180, 241)","./example/gridmap/arena2.map","Hidden"
"graph","depth","Success","4117.079999999842","2933","16163","22860","0.4844","(110, 7)","(53, 237)","./example/gridmap/arena2.map","Hidden"
"graph","depth","Success","4959.749999999754","3535","12577","20777","0.3906","(185, 256)","(99, 34)","./example/gridmap/arena2.map","Hidden"
"graph","depth","Success","3941.2399999998584","2808","15822","22265","0.5","(97, 23)","(66, 246)","./example/gridmap/arena2.map","Hidden"
"graph","depth","Success","3033.1199999999512","2159","18400","23271","0.5625","(108, 15)","(169, 245)","./example/gridmap/arena2.map","Hidden"
"graph","depth","Success","4828.769999999768","3436","13031","21029","0.4375","(198, 279)","(95, 61)","./example/gridmap/arena2.map","Hidden"
"graph","depth","Success","4780.009999999772","3402","8846","16707","0.2969","(200, 278)","(121, 64)","./example/gridmap/arena2.map","Hidden"
"graph","depth","Success","3736.01999999988","2661","17229","23246","0.5312","(105, 10)","(52, 278)","./example/gridmap/arena2.map","Hidden"
"graph","depth","Success","2486.860000000007","1771","20138","24135","0.625","(106, 29)","(164, 220)","./example/gridmap/arena2.map","Hidden"
"graph","depth","Success","3777.1399999998753","2689","11255","17538","0.3594","(46, 253)","(106, 4)","./example/gridmap/arena2.map","Hidden"
"graph","depth","Success","2915.499999999963","2075","18877","23567","0.5781","(99, 26)","(180, 228)","./example/gridmap/arena2.map","Hidden"
"graph","depth","Success","5017.839999999748","3573","12554","20813","0.4062","(147, 240)","(111, 11)","./example/gridmap/arena2.map","Hidden"
"graph","depth","Success","3804.5199999998727","2709","11206","17539","0.3438","(50, 257)","(98, 2)","./example/gridmap/arena2.map","Hidden"
"graph","depth","Success","5007.5599999997485","3566","12553","20783","0.3906","(163, 229)","(108, 16)","./example/gridmap/arena2.map","Hidden"
"graph","depth","Success","2916.9099999999626","2076","2629","7345","0.0781","(101, 35)","(183, 256)","./example/gridmap/arena2.map","Hidden"
"graph","depth","Success","2396.080000000016","1704","19744","23650","0.6094","(109, 41)","(203, 249)","./example/gridmap/arena2.map","Hidden"
"graph","depth","Success","3774.269999999876","2689","17172","23265","0.5312","(97, 22)","(63, 262)","./example/gridmap/arena2.map","Hidden"
"graph","depth","Success","2519.750000000003","1792","19528","23650","0.5781","(106, 40)","(196, 261)","./example/gridmap/arena2.map","Hidden"
"graph","depth","Success","4925.959999999757","3509","12914","21043","0.4062","(187, 245)","(104, 25)","./example/gridmap/arena2.map","Hidden"
"graph","depth","Success","3772.499999999876","2686","11169","17466","0.375","(58, 279)","(99, 0)","./example/gridmap/arena2.map","Hidden"
"graph","depth","Success","2512.520000000004","1786","4105","8341","0.1094","(4, 97)","(206, 279)","./example/gridmap/arena2.map","Hidden"
"graph","depth","Success","2324.580000000023","1653","19841","23650","0.6406","(104, 59)","(206, 280)","./example/gridmap/arena2.map","Hidden"
"graph","depth","Success","4950.209999999755","3523","12450","20582","0.3906","(203, 276)","(88, 57)","./example/gridmap/arena2.map","Hidden"
"graph","depth","Success","2849.8199999999697","2029","2731","7320","0.0938","(107, 27)","(185, 248)","./example/gridmap/arena2.map","Hidden"
"graph","depth","Success","2543.260000000001","1811","19883","23973","0.6562","(108, 8)","(146, 229)","./example/gridmap/arena2.map","Hidden"
"graph","depth","Success","4328.9399999998195","3085","14007","21191","0.4219","(152, 256)","(97, 22)","./example/gridmap/arena2.map","Hidden"
"graph","depth","Success","2747.11999999998","1955","2503","6954","0.0781","(98, 33)","(181, 265)","./example/gridmap/arena2.map","Hidden"
"graph","depth","Success","2860.0999999999685","2036","2737","7347","0.1094","(107, 32)","(186, 235)","./example/gridmap/arena2.map","Hidden"
"graph","depth","Success","2984.769999999956","2125","18612","23406","0.5625","(105, 21)","(180, 226)","./example/gridmap/arena2.map","Hidden"
"graph","depth","Success","2494.7800000000057","1774","2315","6385","0.0781","(101, 46)","(183, 280)","./example/gridmap/arena2.map","Hidden"
"graph","depth","Success","4097.1599999998425","2918","16055","22751","0.4844","(104, 4)","(40, 258)","./example/gridmap/arena2.map","Hidden"
"graph","depth","Success","2310.0700000000247","1643","19460","23226","0.6094","(101, 41)","(206, 252)","./example/gridmap/arena2.map","Hidden"
"graph","depth","Success","2924.959999999962","2082","2639","7353","0.0938","(104, 19)","(182, 251)","./example/gridmap/arena2.map","Hidden"
"graph","depth","Success","3066.139999999948","2183","18407","23338","0.6094","(102, 7)","(168, 236)","./example/gridmap/arena2.map","Hidden"
"graph","depth","Success","4871.429999999763","3468","12370","20401","0.4375","(205, 245)","(111, 36)","./example/gridmap/arena2.map","Hidden"
"graph","depth","Success","4932.239999999757","3512","12567","20680","0.4531","(187, 233)","(106, 28)","./example/gridmap/arena2.map","Hidden"
"graph","depth","Success","5056.909999999743","3601","12505","20798","0.4375","(147, 219)","(109, 11)","./example/gridmap/arena2.map","Hidden"
"graph","depth","Success","2518.1600000000035","1790","19417","23650","0.625","(5, 92)","(201, 278)","./example/gridmap/arena2.map","Hidden"
"graph","depth","Success","4902.16999999976","3493","12998","21113","0.4062","(195, 255)","(106, 36)","./example/gridmap/arena2.map","Hidden"
"graph","depth","Success","3002.6899999999546","2138","18566","23378","0.5625","(108, 11)","(176, 238)","./example/gridmap/arena2.map","Hidden"
"graph","depth","Success","3747.759999999878","2667","11071","17360","0.3438","(39, 272)","(109, 5)","./example/gridmap/arena2.map","Hidden"
"graph","depth","Success","2282.870000000027","1624","19926","23649","0.625","(107, 26)","(184, 220)","./example/gridmap/arena2.map","Hidden"
"graph","depth","Success","4136.819999999839","2947","16054","22808","0.5","(97, 20)","(42, 252)","./example/gridmap/arena2.map","Hidden"
"graph","depth","Success","5062.549999999743","3605","12779","21093","0.375","(148, 224)","(112, 8)","./example/gridmap/arena2.map","Hidden"
"graph","depth","Success","4339.269999999818","3090","13583","20763","0.4531","(158, 275)","(111, 15)","./example/gridmap/arena2.map","Hidden"
"graph","depth","Success","4090.1099999998437","2913","16056","22740","0.5","(109, 8)","(36, 265)","./example/gridmap/arena2.map","Hidden"
"graph","depth","Success","3071.7799999999474","2187","18443","23379","0.5625","(97, 6)","(173, 245)","./example/gridmap/arena2.map","Hidden"
"graph","depth","Success","5087.879999999742","3625","12666","20954","0.4062","(194, 264)","(101, 32)","./example/gridmap/arena2.map","Hidden"
"graph","depth","Success","2382.9800000000173","1695","19358","23234","0.6094","(98, 37)","(201, 271)","./example/gridmap/arena2.map","Hidden"
"graph","depth","Success","4909.909999999759","3495","12986","21051","0.3906","(204, 270)","(98, 36)","./example/gridmap/arena2.map","Hidden"
"graph","depth","Success","2848.6399999999694","2027","2581","7191","0.0781","(105, 15)","(186, 243)","./example/gridmap/arena2.map","Hidden"
"graph","depth","Success","5008.559999999749","3567","12820","21021","0.4062","(191, 237)","(102, 19)","./example/gridmap/arena2.map","Hidden"
"graph","depth","Success","2939.4699999999607","2092","2648","7388","0.0938","(105, 14)","(180, 256)","./example/gridmap/arena2.map","Hidden"
"graph","depth","Success","2856.869999999969","2034","18800","23417","0.5625","(103, 13)","(184, 241)","./example/gridmap/arena2.map","Hidden"
"graph","depth","Success","4958.979999999754","3533","12922","21091","0.4219","(186, 228)","(106, 21)","./example/gridmap/arena2.map","Hidden"
"graph","depth","Success","4908.679999999759","3495","12594","20674","0.3906","(196, 263)","(104, 32)","./example/gridmap/arena2.map","Hidden"
"graph","depth","Success","5073.009999999742","3613","12590","20890","0.4219","(182, 218)","(102, 20)","./example/gridmap/arena2.map","Hidden"
"graph","depth","Success","2364.650000000019","1682","19386","23227","0.5938","(101, 40)","(196, 278)","./example/gridmap/arena2.map","Hidden"
"graph","depth","Success","2563.6399999999985","1824","19468","23640","0.625","(102, 28)","(189, 269)","./example/gridmap/arena2.map","Hidden"
"graph","depth","Success","2725.1499999999824","1940","19134","23547","0.5781","(107, 30)","(182, 270)","./example/gridmap/arena2.map","Hidden"
"graph","depth","Success","3911.039999999862","2786","11241","17730","0.3125","(49, 275)","(97, 23)","./example/gridmap/arena2.map","Hidden"
"graph","depth","Success","4873.069999999762","3468","13001","21018","0.375","(206, 278)","(107, 40)","./example/gridmap/arena2.map","Hidden"
"graph","depth","Success","2987.1799999999557","2127","2686","7489","0.0938","(104, 14)","(182, 223)","./example/gridmap/arena2.map","Hidden"
"graph","depth","Success","2790.4199999999755","1986","19030","23547","0.5469","(103, 15)","(182, 260)","./example/gridmap/arena2.map","Hidden"
"graph","depth","Success","4928.5999999997575","3510","12910","21019","0.3906","(197, 240)","(105, 20)","./example/gridmap/arena2.map","Hidden"
"graph","depth","Success","5007.739999999749","3567","12874","21083","0.4062","(172, 228)","(111, 4)","./example/gridmap/arena2.map","Hidden"
"graph","depth","Success","2414.3600000000147","1719","20067","23970","0.5938","(108, 9)","(169, 219)","./example/gridmap/arena2.map","Hidden"
"graph","depth","Success","5004.73999999975","3564","12834","21046","0.4062","(157, 224)","(111, 12)","./example/gridmap/arena2.map","Hidden"
"graph","depth","Success","2483.0400000000072","1768","19989","23977","0.6406","(101, 1)","(162, 220)","./example/gridmap/arena2.map","Hidden"
"graph","depth","Success","2786.1899999999764","1983","18905","23417","0.5938","(105, 8)","(188, 249)","./example/gridmap/arena2.map","Hidden"
"graph","depth","Success","2876.8399999999665","2047","2602","7250","0.0938","(106, 16)","(187, 222)","./example/gridmap/arena2.map","Hidden"
"graph","depth","Success","3063.729999999948","2181","18489","23422","0.5625","(98, 15)","(173, 232)","./example/gridmap/arena2.map","Hidden"
"graph","depth","Success","2820.0299999999725","2007","18842","23414","0.5938","(106, 8)","(186, 256)","./example/gridmap/arena2.map","Hidden"
"graph","depth","Success","5057.089999999744","3602","12815","21107","0.3906","(156, 220)","(112, 13)","./example/gridmap/arena2.map","Hidden"
"graph","depth","Success","3006.509999999954","2141","2698","7505","0.0938","(111, 14)","(177, 238)","./example/gridmap/arena2.map","Hidden"
"graph","depth","Success","5023.659999999748","3578","12798","21044","0.4219","(171, 234)","(97, 18)","./example/gridmap/arena2.map","Hidden"
"graph","depth","Success","2441.1500000000115","1738","19689","23635","0.6094","(104, 31)","(206, 264)","./example/gridmap/arena2.map","Hidden"
"graph","depth","Success","5056.679999999744","3602","12588","20820","0.4062","(199, 237)","(106, 20)","./example/gridmap/arena2.map","Hidden"
"graph","depth","Success","5002.099999999749","3563","12666","20922","0.4062","(184, 247)","(99, 15)","./example/gridmap/arena2.map","Hidden"
"graph","depth","Success","4994.2799999997505","3556","12839","21032","0.4219","(167, 220)","(111, 0)","./example/gridmap/arena2.map","Hidden"
"graph","depth","Success","2596.6599999999958","1848","19421","23637","0.5781","(102, 17)","(187, 268)","./example/gridmap/arena2.map","Hidden"
"graph","depth","Success","2598.889999999995","1849","19060","23297","0.5938","(106, 23)","(191, 272)","./example/gridmap/arena2.map","Hidden"
"graph","depth","Success","2522.3400000000033","1795","19552","23643","0.5781","(103, 18)","(200, 254)","./example/gridmap/arena2.map","Hidden"
"graph","depth","Success","2661.699999999989","1895","19314","23634","0.5938","(105, 22)","(193, 271)","./example/gridmap/arena2.map","Hidden"
"graph","depth","Success","4931.599999999757","3513","12884","21011","0.3906","(198, 241)","(106, 16)","./example/gridmap/arena2.map","Hidden"
"graph","depth","Success","2366.240000000019","1684","19632","23488","0.6094","(105, 13)","(191, 229)","./example/gridmap/arena2.map","Hidden"
"graph","depth","Success","2342.270000000022","1667","2462","6268","0.0625","(104, 21)","(202, 235)","./example/gridmap/arena2.map","Hidden"
"graph","depth","Success","2333.220000000022","1660","20230","24026","0.6094","(96, 16)","(171, 225)","./example/gridmap/arena2.map","Hidden"
"graph","depth","Success","2710.8699999999835","1929","18992","23406","0.5781","(105, 11)","(186, 266)","./example/gridmap/arena2.map","Hidden"
"graph","depth","Success","4970.259999999753","3541","12896","21086","0.4062","(189, 227)","(109, 10)","./example/gridmap/arena2.map","Hidden"
"graph","depth","Success","2675.6199999999876","1904","19121","23469","0.5938","(107, 18)","(189, 270)","./example/gridmap/arena2.map","Hidden"
"graph","depth","Success","2636.959999999991","1876","19191","23494","0.5938","(104, 12)","(194, 264)","./example/gridmap/arena2.map","Hidden"
"graph","depth","Success","4907.44999999976","3495","12821","20952","0.4219","(203, 243)","(107, 13)","./example/gridmap/arena2.map","Hidden"
"graph","depth","Success","5013.199999999749","3570","12595","20794","0.3906","(190, 274)","(106, 22)","./example/gridmap/arena2.map","Hidden"
"graph","depth","Success","4925.419999999758","3506","12944","21049","0.3906","(203, 274)","(105, 30)","./example/gridmap/arena2.map","Hidden"
"graph","depth","Success","2921.1399999999626","2079","18659","23360","0.5625","(111, 8)","(180, 260)","./example/gridmap/arena2.map","Hidden"
"graph","depth","Success","4844.819999999766","3450","12885","20823","0.4062","(182, 272)","(107, 17)","./example/gridmap/arena2.map","Hidden"
"graph","depth","Success","2464.9400000000087","1754","19634","23639","0.6094","(102, 18)","(201, 263)","./example/gridmap/arena2.map","Hidden"
"graph","depth","Success","2457.0700000000097","1749","19509","23489","0.5938","(105, 33)","(204, 280)","./example/gridmap/arena2.map","Hidden"
"graph","depth","Success","2337.0400000000222","1663","19667","23478","0.5781","(107, 6)","(188, 220)","./example/gridmap/arena2.map","Hidden"
"graph","depth","Success","5054.269999999745","3600","12765","21041","0.4062","(184, 220)","(103, 0)","./example/gridmap/arena2.map","Hidden"
"graph","depth","Success","2441.9700000000116","1738","19530","23481","0.5938","(107, 20)","(205, 261)","./example/gridmap/arena2.map","Hidden"
"graph","depth","Success","5029.709999999747","3582","12897","21115","0.4062","(196, 264)","(107, 10)","./example/gridmap/arena2.map","Hidden"
"graph","depth","Success","2617.3999999999933","1863","19209","23469","0.5781","(103, 9)","(190, 267)","./example/gridmap/arena2.map","Hidden"
"graph","depth","Success","2542.4900000000007","1809","19346","23466","0.5938","(101, 3)","(198, 248)","./example/gridmap/arena2.map","Hidden"
"graph","depth","Success","2661.5199999999886","1894","19149","23487","0.6094","(106, 18)","(188, 274)","./example/gridmap/arena2.map","Hidden"
"graph","depth","Success","2586.6099999999965","1840","19178","23380","0.6406","(109, 12)","(188, 270)","./example/gridmap/arena2.map","Hidden"
"graph","depth","Success","4888.889999999761","3483","12641","20739","0.4062","(188, 260)","(112, 6)","./example/gridmap/arena2.map","Hidden"
"graph","depth","Success","2852.0499999999697","2030","18753","23350","0.5781","(111, 0)","(186, 224)","./example/gridmap/arena2.map","Hidden"
"graph","depth","Success","2487.500000000007","1770","19447","23476","0.5938","(107, 16)","(197, 272)","./example/gridmap/arena2.map","Hidden"
"graph","depth","Success","5012.789999999749","3570","12770","21001","0.4062","(204, 247)","(101, 5)","./example/gridmap/arena2.map","Hidden"
"graph","depth","Success","4982.769999999752","3549","12684","20874","0.3594","(200, 265)","(103, 8)","./example/gridmap/arena2.map","Hidden"
"graph","depth","Success","4955.2099999997545","3528","12593","20756","0.4062","(191, 268)","(110, 8)","./example/gridmap/arena2.map","Hidden"
"graph","depth","Success","2617.219999999993","1862","19226","23472","0.5781","(107, 13)","(183, 275)","./example/gridmap/arena2.map","Hidden"
"graph","depth","Success","2542.490000000001","1809","19351","23465","0.625","(100, 1)","(198, 245)","./example/gridmap/arena2.map","Hidden"
"graph","depth","Success","5082.649999999741","3621","12694","20972","0.375","(185, 272)","(102, 9)","./example/gridmap/arena2.map","Hidden"
"graph","depth","Success","4954.159999999754","3529","12871","21035","0.4062","(197, 241)","(112, 7)","./example/gridmap/arena2.map","Hidden"
"graph","depth","Success","2438.7400000000116","1736","2262","6216","0.0781","(103, 12)","(206, 259)","./example/gridmap/arena2.map","Hidden"
"graph","depth","Success","5106.209999999739","3638","12723","21057","0.3906","(189, 222)","(96, 14)","./example/gridmap/arena2.map","Hidden"
"graph","depth","Success","2626.6799999999926","1869","19105","23386","0.5781","(109, 10)","(184, 276)","./example/gridmap/arena2.map","Hidden"
"graph","depth","Success","2780.5499999999765","1979","2545","7044","0.1094","(97, 19)","(192, 240)","./example/gridmap/arena2.map","Hidden"
"graph","depth","Success","4994.409999999751","3559","12628","20896","0.375","(190, 256)","(97, 19)","./example/gridmap/arena2.map","Hidden"
"graph","depth","Success","2489.5000000000064","1772","19414","23459","0.5938","(105, 7)","(202, 260)","./example/gridmap/arena2.map","Hidden"
"graph","depth","Success","2892.1199999999653","2059","18769","23434","0.5625","(97, 21)","(183, 224)","./example/gridmap/arena2.map","Hidden"
"graph","depth","Success","4950.159999999755","3525","12887","21031","0.4375","(206, 242)","(109, 8)","./example/gridmap/arena2.map","Hidden"
"graph","depth","Success","5025.479999999748","3579","12729","20958","0.375","(207, 251)","(99, 8)","./example/gridmap/arena2.map","Hidden"
"graph","depth","Success","2624.2699999999923","1867","19207","23476","0.6094","(99, 5)","(191, 267)","./example/gridmap/arena2.map","Hidden"
"graph","depth","Success","5044.219999999746","3592","12766","21009","0.375","(197, 273)","(104, 10)","./example/gridmap/arena2.map","Hidden"
"graph","depth","Success","5018.609999999749","3575","12691","20914","0.4062","(203, 258)","(97, 6)","./example/gridmap/arena2.map","Hidden"
"graph","depth","Success","5059.909999999744","3604","12855","21101","0.4219","(190, 268)","(112, 1)","./example/gridmap/arena2.map","Hidden"
"graph","depth","Success","2618.629999999993","1863","2423","6677","0.0781","(96, 10)","(184, 272)","./example/gridmap/arena2.map","Hidden"
"graph","depth","Success","4923.189999999758","3505","12762","20879","0.4062","(196, 279)","(106, 13)","./example/gridmap/arena2.map","Hidden"
"graph","depth","Success","2590.8399999999956","1843","2391","6595","0.0625","(108, 10)","(187, 280)","./example/gridmap/arena2.map","Hidden"
"graph","depth","Success","4934.4699999997565","3513","12890","21022","0.4219","(197, 270)","(111, 6)","./example/gridmap/arena2.map","Hidden"
"graph","depth","Success","4648.419999999787","3311","12595","20327","0.4219","(178, 267)","(112, 16)","./example/gridmap/arena2.map","Hidden"
"graph","depth","Success","2445.2000000000107","1740","19499","23468","0.6094","(107, 11)","(207, 273)","./example/gridmap/arena2.map","Hidden"
"graph","depth","Success","5085.879999999742","3623","12758","21062","0.4219","(198, 268)","(101, 4)","./example/gridmap/arena2.map","Hidden"
"graph","depth","Success","2588.6099999999965","1842","2400","6590","0.0781","(112, 5)","(181, 275)","./example/gridmap/arena2.map","Hidden"
