"Framework","Strategy","Status","Cost","Depth","Nodes(exp)","Nodes(gen)","Runtime","start","goal","Problem","Solution"
"graph","depth","Success","13170","13170","14696","26360","0.2656","START","GOAL","8-puzzle","Hidden"
"graph","depth","Success","68937","68937","101036","159731","1.9688","START","GOAL","8-puzzle","Hidden"
"graph","depth","Success","54496","54496","124104","171479","2.3438","START","GOAL","8-puzzle","Hidden"
"graph","depth","Success","64548","64548","109973","165480","2.0","START","GOAL","8-puzzle","Hidden"
"graph","depth","Success","11692","11692","13041","23399","0.2344","START","GOAL","8-puzzle","Hidden"
"graph","depth","Success","69310","69310","100027","158959","1.8438","START","GOAL","8-puzzle","Hidden"
"graph","depth","Success","29560","29560","33225","59286","0.625","START","GOAL","8-puzzle","Hidden"
"graph","depth","Success","48050","48050","131902","173893","2.5781","START","GOAL","8-puzzle","Hidden"
"graph","depth","Success","10306","10306","11489","20622","0.1875","START","GOAL","8-puzzle","Hidden"
"graph","depth","Success","62572","62572","113826","167607","2.2656","START","GOAL","8-puzzle","Hidden"
"graph","depth","Success","56526","56526","65652","114706","1.2656","START","GOAL","8-puzzle","Hidden"
"graph","depth","Success","27588","27588","31007","55386","0.6094","START","GOAL","8-puzzle","Hidden"
"graph","depth","Success","69620","69620","90263","149555","1.7812","START","GOAL","8-puzzle","Hidden"
"graph","depth","Success","39774","39774","141328","176232","3.2656","START","GOAL","8-puzzle","Hidden"
"graph","depth","Success","69250","69250","88417","147456","1.7344","START","GOAL","8-puzzle","Hidden"
"graph","depth","Success","68388","68388","86257","144549","1.6562","START","GOAL","8-puzzle","Hidden"
"graph","depth","Success","16476","16476","18422","33007","0.3594","START","GOAL","8-puzzle","Hidden"
"graph","depth","Success","33750","33750","147954","177642","3.0156","START","GOAL","8-puzzle","Hidden"
"graph","depth","Success","13504","13504","15067","27027","0.2812","START","GOAL","8-puzzle","Hidden"
"graph","depth","Success","65550","65550","109249","165380","2.1094","START","GOAL","8-puzzle","Hidden"
"graph","depth","Success","30652","30652","34465","61477","0.5938","START","GOAL","8-puzzle","Hidden"
"graph","depth","Success","19368","19368","162977","180131","3.0","START","GOAL","8-puzzle","Hidden"
"graph","depth","Success","49578","49578","56848","100056","1.1406","START","GOAL","8-puzzle","Hidden"
"graph","depth","Success","68186","68186","101879","160132","1.9375","START","GOAL","8-puzzle","Hidden"
"graph","depth","Success","58418","58418","119123","169739","2.2188","START","GOAL","8-puzzle","Hidden"
"graph","depth","Success","57106","57106","66619","116074","1.25","START","GOAL","8-puzzle","Hidden"
"graph","depth","Success","69028","69028","100966","159689","1.8906","START","GOAL","8-puzzle","Hidden"
"graph","depth","Success","62182","62182","74021","127487","1.4375","START","GOAL","8-puzzle","Hidden"
"graph","depth","Success","12670","12670","14136","25358","0.2344","START","GOAL","8-puzzle","Hidden"
"graph","depth","Success","64522","64522","77379","132866","1.4688","START","GOAL","8-puzzle","Hidden"
"graph","depth","Success","65104","65104","109987","165772","2.0312","START","GOAL","8-puzzle","Hidden"
"graph","depth","Success","24718","24718","27718","49558","0.6406","START","GOAL","8-puzzle","Hidden"
"graph","depth","Success","42126","42126","47825","84780","0.9219","START","GOAL","8-puzzle","Hidden"
"graph","depth","Success","10690","10690","11918","21388","0.2188","START","GOAL","8-puzzle","Hidden"
"graph","depth","Success","69228","69228","88020","147050","1.75","START","GOAL","8-puzzle","Hidden"
"graph","depth","Success","68546","68546","87595","145976","1.6562","START","GOAL","8-puzzle","Hidden"
"graph","depth","Success","68766","68766","102078","160637","2.0","START","GOAL","8-puzzle","Hidden"
"graph","depth","Success","25456","25456","156768","179267","2.9531","START","GOAL","8-puzzle","Hidden"
"graph","depth","Success","41850","41850","47482","84152","0.875","START","GOAL","8-puzzle","Hidden"
"graph","depth","Success","57578","57578","67008","116933","1.2031","START","GOAL","8-puzzle","Hidden"
"graph","depth","Success","68826","68826","101517","160126","2.0156","START","GOAL","8-puzzle","Hidden"
"graph","depth","Success","39442","39442","141691","176341","2.5312","START","GOAL","8-puzzle","Hidden"
"graph","depth","Success","5784","5784","6454","11588","0.1094","START","GOAL","8-puzzle","Hidden"
"graph","depth","Success","58848","58848","118820","169695","2.2344","START","GOAL","8-puzzle","Hidden"
"graph","depth","Success","58540","58540","119105","169725","2.2656","START","GOAL","8-puzzle","Hidden"
"graph","depth","Success","67904","67904","103428","161472","1.9688","START","GOAL","8-puzzle","Hidden"
"graph","depth","Success","57302","57302","120937","170541","2.4219","START","GOAL","8-puzzle","Hidden"
"graph","depth","Success","8446","8446","9452","16949","0.1719","START","GOAL","8-puzzle","Hidden"
"graph","depth","Success","69602","69602","90742","149906","1.7031","START","GOAL","8-puzzle","Hidden"
"graph","depth","Success","59522","59522","69600","121106","1.2812","START","GOAL","8-puzzle","Hidden"
"graph","depth","Success","33368","33368","37611","66994","0.7031","START","GOAL","8-puzzle","Hidden"
"graph","depth","Success","21250","21250","23862","42679","0.4375","START","GOAL","8-puzzle","Hidden"
"graph","depth","Success","66494","66494","81582","138459","1.5156","START","GOAL","8-puzzle","Hidden"
"graph","depth","Success","53724","53724","62024","108761","1.1875","START","GOAL","8-puzzle","Hidden"
"graph","depth","Success","16442","16442","165837","180391","3.125","START","GOAL","8-puzzle","Hidden"
"graph","depth","Success","50656","50656","128867","173042","2.4375","START","GOAL","8-puzzle","Hidden"
"graph","depth","Success","10080","10080","11242","20175","0.1875","START","GOAL","8-puzzle","Hidden"
"graph","depth","Success","56826","56826","66216","115442","1.2188","START","GOAL","8-puzzle","Hidden"
"graph","depth","Success","33684","33684","38066","67698","0.7031","START","GOAL","8-puzzle","Hidden"
"graph","depth","Success","15742","15742","166557","180503","2.9531","START","GOAL","8-puzzle","Hidden"
"graph","depth","Success","48482","48482","131437","173754","2.3906","START","GOAL","8-puzzle","Hidden"
"graph","depth","Success","40714","40714","46138","81870","0.8125","START","GOAL","8-puzzle","Hidden"
"graph","depth","Success","40886","40886","140110","175956","2.5","START","GOAL","8-puzzle","Hidden"
"graph","depth","Success","59442","59442","118108","169454","2.1562","START","GOAL","8-puzzle","Hidden"
"graph","depth","Success","62572","62572","113828","167608","2.1875","START","GOAL","8-puzzle","Hidden"
"graph","depth","Success","69268","69268","90046","148960","1.7188","START","GOAL","8-puzzle","Hidden"
"graph","depth","Success","62450","62450","113986","167667","2.2031","START","GOAL","8-puzzle","Hidden"
"graph","depth","Success","41378","41378","46923","83187","0.875","START","GOAL","8-puzzle","Hidden"
"graph","depth","Success","67996","67996","85168","143155","2.0156","START","GOAL","8-puzzle","Hidden"
"graph","depth","Success","67076","67076","105257","162679","2.0625","START","GOAL","8-puzzle","Hidden"
"graph","depth","Success","61088","61088","72492","125159","1.375","START","GOAL","8-puzzle","Hidden"
"graph","depth","Success","7290","7290","8132","14604","0.1562","START","GOAL","8-puzzle","Hidden"
"graph","depth","Success","49044","49044","130730","173473","2.4219","START","GOAL","8-puzzle","Hidden"
"graph","depth","Success","15520","15520","17345","31080","0.3125","START","GOAL","8-puzzle","Hidden"
"graph","depth","Success","61618","61618","73297","126389","1.4219","START","GOAL","8-puzzle","Hidden"
"graph","depth","Success","30844","30844","34737","61955","0.625","START","GOAL","8-puzzle","Hidden"
"graph","depth","Success","61086","61086","72211","124835","1.3594","START","GOAL","8-puzzle","Hidden"
"graph","depth","Success","69510","69510","92617","151819","1.8125","START","GOAL","8-puzzle","Hidden"
"graph","depth","Success","40228","40228","140737","176057","2.625","START","GOAL","8-puzzle","Hidden"
"graph","depth","Success","35448","35448","40076","71246","0.7188","START","GOAL","8-puzzle","Hidden"
"graph","depth","Success","69650","69650","96011","155304","1.7812","START","GOAL","8-puzzle","Hidden"
"graph","depth","Success","58560","58560","118862","169596","2.125","START","GOAL","8-puzzle","Hidden"
"graph","depth","Success","66612","66612","107477","164412","1.9844","START","GOAL","8-puzzle","Hidden"
"graph","depth","Success","69458","69458","99606","158662","1.8438","START","GOAL","8-puzzle","Hidden"
"graph","depth","Success","51530","51530","127814","172674","2.4844","START","GOAL","8-puzzle","Hidden"
"graph","depth","Success","26904","26904","155249","179003","2.8906","START","GOAL","8-puzzle","Hidden"
"graph","depth","Success","51872","51872","127415","172594","2.3906","START","GOAL","8-puzzle","Hidden"
"graph","depth","Success","67470","67470","83531","141246","1.5625","START","GOAL","8-puzzle","Hidden"
"graph","depth","Success","40192","40192","45557","80851","0.8281","START","GOAL","8-puzzle","Hidden"
"graph","depth","Success","57810","57810","119859","169985","2.25","START","GOAL","8-puzzle","Hidden"
"graph","depth","Success","67484","67484","83310","141046","1.5312","START","GOAL","8-puzzle","Hidden"
"graph","depth","Success","2954","2954","3267","5875","0.0469","START","GOAL","8-puzzle","Hidden"
"graph","depth","Success","6836","6836","175123","181180","3.0625","START","GOAL","8-puzzle","Hidden"
"graph","depth","Success","29076","29076","152814","178456","2.8906","START","GOAL","8-puzzle","Hidden"
"graph","depth","Success","55590","55590","64442","112731","1.1875","START","GOAL","8-puzzle","Hidden"
"graph","depth","Success","65108","65108","109136","165086","2.0938","START","GOAL","8-puzzle","Hidden"
"graph","depth","Success","61546","61546","115290","168253","2.2031","START","GOAL","8-puzzle","Hidden"
"graph","depth","Success","28932","28932","153120","178644","2.7969","START","GOAL","8-puzzle","Hidden"
"graph","depth","Success","65880","65880","107727","164244","1.9531","START","GOAL","8-puzzle","Hidden"
"graph","depth","Success","44996","44996","51220","90561","1.0312","START","GOAL","8-puzzle","Hidden"
"graph","depth","Success","52290","52290","60213","105708","1.0938","START","GOAL","8-puzzle","Hidden"
"graph","depth","Success","52390","52390","126757","172339","2.875","START","GOAL","8-puzzle","Hidden"
"graph","depth","Success","18676","18676","163670","180212","3.1094","START","GOAL","8-puzzle","Hidden"
"graph","depth","Success","35580","35580","40223","71509","0.7656","START","GOAL","8-puzzle","Hidden"
"graph","depth","Success","68474","68474","86626","144973","1.7031","START","GOAL","8-puzzle","Hidden"
"graph","depth","Success","24262","24262","158010","179465","2.9219","START","GOAL","8-puzzle","Hidden"
"graph","depth","Success","43646","43646","49621","87871","0.9531","START","GOAL","8-puzzle","Hidden"
"graph","depth","Success","40428","40428","140532","176019","2.6406","START","GOAL","8-puzzle","Hidden"
"graph","depth","Success","67180","67180","82658","140169","1.5312","START","GOAL","8-puzzle","Hidden"
"graph","depth","Success","27746","27746","154212","178691","2.7031","START","GOAL","8-puzzle","Hidden"
"graph","depth","Success","70024","70024","96431","155894","1.8594","START","GOAL","8-puzzle","Hidden"
"graph","depth","Success","63344","63344","112737","167164","2.125","START","GOAL","8-puzzle","Hidden"
"graph","depth","Success","65312","65312","108568","164663","2.0625","START","GOAL","8-puzzle","Hidden"
"graph","depth","Success","48588","48588","131341","173724","2.375","START","GOAL","8-puzzle","Hidden"
"graph","depth","Success","38878","38878","142320","176483","2.5469","START","GOAL","8-puzzle","Hidden"
"graph","depth","Success","23012","23012","159279","179629","2.9062","START","GOAL","8-puzzle","Hidden"
"graph","depth","Success","37538","37538","143786","176757","2.5781","START","GOAL","8-puzzle","Hidden"
"graph","depth","Success","59386","59386","117649","169045","2.2969","START","GOAL","8-puzzle","Hidden"
"graph","depth","Success","69342","69342","88890","147987","1.6875","START","GOAL","8-puzzle","Hidden"
"graph","depth","Success","67590","67590","83475","141293","1.5781","START","GOAL","8-puzzle","Hidden"
"graph","depth","Success","41468","41468","139405","175773","2.5938","START","GOAL","8-puzzle","Hidden"
"graph","depth","Success","56796","56796","121423","170627","2.1875","START","GOAL","8-puzzle","Hidden"
"graph","depth","Success","70132","70132","93799","153340","1.7812","START","GOAL","8-puzzle","Hidden"
"graph","depth","Success","60776","60776","71737","124123","1.3438","START","GOAL","8-puzzle","Hidden"
"graph","depth","Success","69240","69240","87956","146978","1.7344","START","GOAL","8-puzzle","Hidden"
"graph","depth","Success","33588","33588","147996","177568","2.8281","START","GOAL","8-puzzle","Hidden"
"graph","depth","Success","28330","28330","153702","178701","2.9375","START","GOAL","8-puzzle","Hidden"
"graph","depth","Success","62078","62078","113815","167394","2.25","START","GOAL","8-puzzle","Hidden"
"graph","depth","Success","9920","9920","172194","180991","3.9844","START","GOAL","8-puzzle","Hidden"
"graph","depth","Success","47082","47082","133119","174229","2.5469","START","GOAL","8-puzzle","Hidden"
"graph","depth","Success","69094","69094","98421","157345","1.9375","START","GOAL","8-puzzle","Hidden"
"graph","depth","Success","59358","59358","118097","169374","2.3594","START","GOAL","8-puzzle","Hidden"
"graph","depth","Success","61984","61984","113988","167493","2.2344","START","GOAL","8-puzzle","Hidden"
"graph","depth","Success","63488","63488","112560","167106","2.2031","START","GOAL","8-puzzle","Hidden"
"graph","depth","Success","53838","53838","124908","171738","2.5625","START","GOAL","8-puzzle","Hidden"
"graph","depth","Success","23168","23168","26012","46507","0.5","START","GOAL","8-puzzle","Hidden"
"graph","depth","Success","63150","63150","112929","167176","2.2812","START","GOAL","8-puzzle","Hidden"
"graph","depth","Success","58524","58524","68645","119254","1.375","START","GOAL","8-puzzle","Hidden"
"graph","depth","Success","39506","39506","141642","176298","2.7812","START","GOAL","8-puzzle","Hidden"
"graph","depth","Success","25318","25318","156830","179202","3.0","START","GOAL","8-puzzle","Hidden"
"graph","depth","Success","39092","39092","44251","78571","0.875","START","GOAL","8-puzzle","Hidden"
"graph","depth","Success","13390","13390","14946","26809","0.2969","START","GOAL","8-puzzle","Hidden"
"graph","depth","Success","60292","60292","71017","123023","1.4062","START","GOAL","8-puzzle","Hidden"
"graph","depth","Success","69938","69938","94751","154165","1.8906","START","GOAL","8-puzzle","Hidden"
"graph","depth","Success","66756","66756","106819","163875","2.0625","START","GOAL","8-puzzle","Hidden"
"graph","depth","Success","70034","70034","96425","155892","1.875","START","GOAL","8-puzzle","Hidden"
"graph","depth","Success","65406","65406","79611","135636","1.5312","START","GOAL","8-puzzle","Hidden"
"graph","depth","Success","57570","57570","120595","170426","2.5156","START","GOAL","8-puzzle","Hidden"
"graph","depth","Success","53704","53704","62253","108840","1.2812","START","GOAL","8-puzzle","Hidden"
"graph","depth","Success","49786","49786","57098","100547","1.25","START","GOAL","8-puzzle","Hidden"
"graph","depth","Success","37968","37968","143335","176734","3.3125","START","GOAL","8-puzzle","Hidden"
"graph","depth","Success","48954","48954","56040","98727","1.0625","START","GOAL","8-puzzle","Hidden"
"graph","depth","Success","66480","66480","106515","163491","2.0469","START","GOAL","8-puzzle","Hidden"
"graph","depth","Success","65614","65614","80006","136190","1.5781","START","GOAL","8-puzzle","Hidden"
"graph","depth","Success","67278","67278","105649","163080","1.9688","START","GOAL","8-puzzle","Hidden"
"graph","depth","Success","58486","58486","119173","169754","2.2344","START","GOAL","8-puzzle","Hidden"
"graph","depth","Success","13198","13198","14778","26481","0.25","START","GOAL","8-puzzle","Hidden"
"graph","depth","Success","47880","47880","54733","96583","1.0","START","GOAL","8-puzzle","Hidden"
"graph","depth","Success","23990","23990","26942","48159","0.4375","START","GOAL","8-puzzle","Hidden"
"graph","depth","Success","31202","31202","150628","178130","2.6719","START","GOAL","8-puzzle","Hidden"
"graph","depth","Success","46644","46644","133520","174318","2.8906","START","GOAL","8-puzzle","Hidden"
"graph","depth","Success","5832","5832","6512","11683","0.1094","START","GOAL","8-puzzle","Hidden"
"graph","depth","Success","53618","53618","125318","171963","2.3906","START","GOAL","8-puzzle","Hidden"
"graph","depth","Success","60232","60232","70945","122905","1.3281","START","GOAL","8-puzzle","Hidden"
"graph","depth","Success","38988","38988","44132","78360","0.7969","START","GOAL","8-puzzle","Hidden"
"graph","depth","Success","56830","56830","121141","170442","2.3125","START","GOAL","8-puzzle","Hidden"
"graph","depth","Success","52402","52402","126854","172399","2.4219","START","GOAL","8-puzzle","Hidden"
"graph","depth","Success","9328","9328","10390","18653","0.1719","START","GOAL","8-puzzle","Hidden"
"graph","depth","Success","33448","33448","148167","177617","2.7656","START","GOAL","8-puzzle","Hidden"
"graph","depth","Success","17214","17214","19232","34476","0.3281","START","GOAL","8-puzzle","Hidden"
"graph","depth","Success","69588","69588","98985","158142","1.7969","START","GOAL","8-puzzle","Hidden"
"graph","depth","Success","26614","26614","155540","179059","2.8281","START","GOAL","8-puzzle","Hidden"
"graph","depth","Success","42812","42812","48667","86164","0.8906","START","GOAL","8-puzzle","Hidden"
"graph","depth","Success","40984","40984","46445","82413","0.8906","START","GOAL","8-puzzle","Hidden"
"graph","depth","Success","45720","45720","134681","174665","2.5156","START","GOAL","8-puzzle","Hidden"
"graph","depth","Success","29018","29018","32648","58249","0.5781","START","GOAL","8-puzzle","Hidden"
"graph","depth","Success","50864","50864","128625","172916","2.4219","START","GOAL","8-puzzle","Hidden"
"graph","depth","Success","23676","23676","26589","47531","0.4688","START","GOAL","8-puzzle","Hidden"
"graph","depth","Success","67296","67296","82897","140494","1.5625","START","GOAL","8-puzzle","Hidden"
"graph","depth","Success","50094","50094","129722","173333","2.4219","START","GOAL","8-puzzle","Hidden"
"graph","depth","Success","35806","35806","145577","177079","2.7188","START","GOAL","8-puzzle","Hidden"
"graph","depth","Success","68490","68490","101119","159608","1.875","START","GOAL","8-puzzle","Hidden"
"graph","depth","Success","54504","54504","124093","171476","2.2969","START","GOAL","8-puzzle","Hidden"
"graph","depth","Success","64984","64984","109337","165191","2.0938","START","GOAL","8-puzzle","Hidden"
"graph","depth","Success","69392","69392","91575","150581","1.7344","START","GOAL","8-puzzle","Hidden"
"graph","depth","Success","70022","70022","95064","154537","1.7812","START","GOAL","8-puzzle","Hidden"
"graph","depth","Success","58586","58586","68489","119143","1.2812","START","GOAL","8-puzzle","Hidden"
"graph","depth","Success","26636","26636","155393","178899","2.8125","START","GOAL","8-puzzle","Hidden"
"graph","depth","Success","58270","58270","119268","169758","2.2188","START","GOAL","8-puzzle","Hidden"
"graph","depth","Success","29852","29852","152107","178465","2.8438","START","GOAL","8-puzzle","Hidden"
"graph","depth","Success","45364","45364","135078","174755","2.625","START","GOAL","8-puzzle","Hidden"
"graph","depth","Success","38844","38844","43952","78072","0.7969","START","GOAL","8-puzzle","Hidden"
"graph","depth","Success","42724","42724","137983","175445","2.9219","START","GOAL","8-puzzle","Hidden"
"graph","depth","Success","15550","15550","17433","31209","0.3594","START","GOAL","8-puzzle","Hidden"
"graph","depth","Success","32526","32526","149251","177935","2.8594","START","GOAL","8-puzzle","Hidden"
"graph","depth","Success","38384","38384","43419","77138","0.7812","START","GOAL","8-puzzle","Hidden"
"graph","depth","Success","28296","28296","153776","178751","2.7812","START","GOAL","8-puzzle","Hidden"
"graph","depth","Success","29216","29216","32846","58611","0.6094","START","GOAL","8-puzzle","Hidden"
"graph","depth","Success","62166","62166","73684","127308","1.4062","START","GOAL","8-puzzle","Hidden"
"graph","depth","Success","29566","29566","152414","178519","2.875","START","GOAL","8-puzzle","Hidden"
"graph","depth","Success","3378","3378","3747","6735","0.0625","START","GOAL","8-puzzle","Hidden"
"graph","depth","Success","67930","67930","103754","161682","1.9531","START","GOAL","8-puzzle","Hidden"
"graph","depth","Success","64424","64424","111194","166456","2.1094","START","GOAL","8-puzzle","Hidden"
"graph","depth","Success","60022","60022","116814","168729","2.2031","START","GOAL","8-puzzle","Hidden"
"graph","depth","Success","50018","50018","129799","173352","2.4062","START","GOAL","8-puzzle","Hidden"
"graph","depth","Success","67762","67762","83761","141706","1.6094","START","GOAL","8-puzzle","Hidden"
"graph","depth","Success","50910","50910","58462","102855","1.0938","START","GOAL","8-puzzle","Hidden"
"graph","depth","Success","55134","55134","123632","171400","2.3281","START","GOAL","8-puzzle","Hidden"
"graph","depth","Success","60904","60904","116031","168550","2.1406","START","GOAL","8-puzzle","Hidden"
"graph","depth","Success","69526","69526","96423","155635","1.875","START","GOAL","8-puzzle","Hidden"
"graph","depth","Success","50916","50916","128544","172942","2.4375","START","GOAL","8-puzzle","Hidden"
"graph","depth","Success","68350","68350","102695","160958","2.0625","START","GOAL","8-puzzle","Hidden"
"graph","depth","Success","65356","65356","108482","164612","2.0625","START","GOAL","8-puzzle","Hidden"
"graph","depth","Success","16322","16322","18299","32763","0.3125","START","GOAL","8-puzzle","Hidden"
"graph","depth","Success","40242","40242","140721","176052","2.5781","START","GOAL","8-puzzle","Hidden"
"graph","depth","Success","7194","7194","174790","181173","2.9844","START","GOAL","8-puzzle","Hidden"
"graph","depth","Success","69830","69830","95372","154814","1.7969","START","GOAL","8-puzzle","Hidden"
"graph","depth","Success","66614","66614","82175","139131","1.5938","START","GOAL","8-puzzle","Hidden"
"graph","depth","Success","47788","47788","132376","174076","2.4062","START","GOAL","8-puzzle","Hidden"
"graph","depth","Success","57502","57502","120280","170135","2.2656","START","GOAL","8-puzzle","Hidden"
"graph","depth","Success","18082","18082","20234","36230","0.375","START","GOAL","8-puzzle","Hidden"
"graph","depth","Success","31374","31374","150504","178142","2.7812","START","GOAL","8-puzzle","Hidden"
"graph","depth","Success","65222","65222","109696","165570","2.0625","START","GOAL","8-puzzle","Hidden"
"graph","depth","Success","57480","57480","120308","170143","2.2188","START","GOAL","8-puzzle","Hidden"
"graph","depth","Success","62794","62794","113446","167407","2.5625","START","GOAL","8-puzzle","Hidden"
"graph","depth","Success","70024","70024","96463","155925","1.9219","START","GOAL","8-puzzle","Hidden"
"graph","depth","Success","17684","17684","19825","35492","0.3438","START","GOAL","8-puzzle","Hidden"
"graph","depth","Success","47954","47954","132006","173828","2.5","START","GOAL","8-puzzle","Hidden"
"graph","depth","Success","54368","54368","124347","171549","2.3281","START","GOAL","8-puzzle","Hidden"
"graph","depth","Success","13464","13464","168766","180704","2.9844","START","GOAL","8-puzzle","Hidden"
"graph","depth","Success","68086","68086","84987","143169","1.5312","START","GOAL","8-puzzle","Hidden"
"graph","depth","Success","42920","42920","48780","86367","0.875","START","GOAL","8-puzzle","Hidden"
"graph","depth","Success","13960","13960","168293","180670","2.8906","START","GOAL","8-puzzle","Hidden"
"graph","depth","Success","61486","61486","115372","168287","2.1094","START","GOAL","8-puzzle","Hidden"
"graph","depth","Success","35086","35086","146500","177411","2.8594","START","GOAL","8-puzzle","Hidden"
"graph","depth","Success","61350","61350","72789","125661","1.4531","START","GOAL","8-puzzle","Hidden"
"graph","depth","Success","64916","64916","110279","165920","2.2188","START","GOAL","8-puzzle","Hidden"
"graph","depth","Success","70110","70110","91779","151292","1.8125","START","GOAL","8-puzzle","Hidden"
"graph","depth","Success","48504","48504","131448","173764","2.6562","START","GOAL","8-puzzle","Hidden"
"graph","depth","Success","67730","67730","83714","141635","1.625","START","GOAL","8-puzzle","Hidden"
"graph","depth","Success","68870","68870","101234","159872","2.0156","START","GOAL","8-puzzle","Hidden"
"graph","depth","Success","68450","68450","86464","144794","1.7188","START","GOAL","8-puzzle","Hidden"
"graph","depth","Success","66704","66704","106882","163902","2.0938","START","GOAL","8-puzzle","Hidden"
"graph","depth","Success","68388","68388","102932","161187","2.1094","START","GOAL","8-puzzle","Hidden"
"graph","depth","Success","44512","44512","50641","89568","1.0156","START","GOAL","8-puzzle","Hidden"
"graph","depth","Success","59680","59680","70234","121774","1.3906","START","GOAL","8-puzzle","Hidden"
"graph","depth","Success","66800","66800","105916","163131","2.0469","START","GOAL","8-puzzle","Hidden"
"graph","depth","Success","64150","64150","111360","166422","2.2031","START","GOAL","8-puzzle","Hidden"
"graph","depth","Success","68012","68012","103524","161510","2.0312","START","GOAL","8-puzzle","Hidden"
"graph","depth","Success","43600","43600","49599","87767","0.9375","START","GOAL","8-puzzle","Hidden"
"graph","depth","Success","1222","1222","1359","2443","0.0312","START","GOAL","8-puzzle","Hidden"
"graph","depth","Success","61940","61940","73760","127103","1.4531","START","GOAL","8-puzzle","Hidden"
"graph","depth","Success","52056","52056","127147","172450","2.5625","START","GOAL","8-puzzle","Hidden"
"graph","depth","Success","53246","53246","125981","172213","2.5625","START","GOAL","8-puzzle","Hidden"
"graph","depth","Success","62232","62232","74147","127651","1.4062","START","GOAL","8-puzzle","Hidden"
"graph","depth","Success","69104","69104","100631","159412","2.9062","START","GOAL","8-puzzle","Hidden"
"graph","depth","Success","65440","65440","79475","135522","1.6406","START","GOAL","8-puzzle","Hidden"
"graph","depth","Success","60318","60318","70762","122925","1.4219","START","GOAL","8-puzzle","Hidden"
"graph","depth","Success","68840","68840","86780","145516","1.7188","START","GOAL","8-puzzle","Hidden"
"graph","depth","Success","67790","67790","103589","161554","2.0","START","GOAL","8-puzzle","Hidden"
"graph","depth","Success","52742","52742","60916","106820","1.1875","START","GOAL","8-puzzle","Hidden"
"graph","depth","Success","28348","28348","31875","56915","0.5938","START","GOAL","8-puzzle","Hidden"
"graph","depth","Success","33870","33870","147677","177499","2.7812","START","GOAL","8-puzzle","Hidden"
"graph","depth","Success","58938","58938","118827","169738","2.3281","START","GOAL","8-puzzle","Hidden"
"graph","depth","Success","39330","39330","141818","176377","2.7188","START","GOAL","8-puzzle","Hidden"
"graph","depth","Success","47876","47876","132287","174058","2.4062","START","GOAL","8-puzzle","Hidden"
"graph","depth","Success","35842","35842","145666","177223","2.6719","START","GOAL","8-puzzle","Hidden"
"graph","depth","Success","45452","45452","134895","174688","2.5625","START","GOAL","8-puzzle","Hidden"
"graph","depth","Success","34494","34494","147134","177531","2.5781","START","GOAL","8-puzzle","Hidden"
"graph","depth","Success","63638","63638","111514","166322","2.1094","START","GOAL","8-puzzle","Hidden"
"graph","depth","Success","56686","56686","121550","170660","2.2656","START","GOAL","8-puzzle","Hidden"
"graph","depth","Success","47030","47030","133237","174292","2.4062","START","GOAL","8-puzzle","Hidden"
"graph","depth","Success","51006","51006","58582","103055","1.0625","START","GOAL","8-puzzle","Hidden"
"graph","depth","Success","34366","34366","147267","177553","2.6562","START","GOAL","8-puzzle","Hidden"
"graph","depth","Success","41192","41192","46707","82842","0.7969","START","GOAL","8-puzzle","Hidden"
"graph","depth","Success","16270","16270","166035","180453","2.9219","START","GOAL","8-puzzle","Hidden"
"graph","depth","Success","56878","56878","66351","115558","1.25","START","GOAL","8-puzzle","Hidden"
"graph","depth","Success","67776","67776","103608","161561","1.9688","START","GOAL","8-puzzle","Hidden"
"graph","depth","Success","29844","29844","33542","59856","0.5938","START","GOAL","8-puzzle","Hidden"
"graph","depth","Success","62490","62490","113173","167077","2.2188","START","GOAL","8-puzzle","Hidden"
"graph","depth","Success","41268","41268","139649","175813","2.5","START","GOAL","8-puzzle","Hidden"
"graph","depth","Success","34044","34044","147629","177608","2.7031","START","GOAL","8-puzzle","Hidden"
"graph","depth","Success","59248","59248","118409","169573","2.2031","START","GOAL","8-puzzle","Hidden"
"graph","depth","Success","51768","51768","127538","172594","2.5625","START","GOAL","8-puzzle","Hidden"
"graph","depth","Success","59120","59120","118158","169356","2.3281","START","GOAL","8-puzzle","Hidden"
"graph","depth","Success","31102","31102","150740","178153","2.8594","START","GOAL","8-puzzle","Hidden"
"graph","depth","Success","38066","38066","143198","176621","2.6406","START","GOAL","8-puzzle","Hidden"
"graph","depth","Success","67442","67442","83779","141347","1.5469","START","GOAL","8-puzzle","Hidden"
"graph","depth","Success","7558","7558","8452","15158","0.1406","START","GOAL","8-puzzle","Hidden"
"graph","depth","Success","55838","55838","64747","113252","1.2188","START","GOAL","8-puzzle","Hidden"
"graph","depth","Success","50674","50674","58272","102429","1.125","START","GOAL","8-puzzle","Hidden"
"graph","depth","Success","51026","51026","58686","103117","1.0781","START","GOAL","8-puzzle","Hidden"
"graph","depth","Success","19768","19768","22163","39671","0.4062","START","GOAL","8-puzzle","Hidden"
"graph","depth","Success","68724","68724","87346","145883","1.6875","START","GOAL","8-puzzle","Hidden"
"graph","depth","Success","65460","65460","109421","165487","1.9531","START","GOAL","8-puzzle","Hidden"
"graph","depth","Success","67964","67964","84149","142245","1.5781","START","GOAL","8-puzzle","Hidden"
"graph","depth","Success","30372","30372","34134","60905","0.625","START","GOAL","8-puzzle","Hidden"
"graph","depth","Success","30078","30078","33868","60388","0.5781","START","GOAL","8-puzzle","Hidden"
"graph","depth","Success","68220","68220","101451","159723","1.9531","START","GOAL","8-puzzle","Hidden"
"graph","depth","Success","41354","41354","46886","83142","0.875","START","GOAL","8-puzzle","Hidden"
"graph","depth","Success","52228","52228","60144","105590","1.1719","START","GOAL","8-puzzle","Hidden"
"graph","depth","Success","28214","28214","31690","56583","0.5312","START","GOAL","8-puzzle","Hidden"
"graph","depth","Success","36284","36284","145198","177094","2.6875","START","GOAL","8-puzzle","Hidden"
"graph","depth","Success","47456","47456","54225","95645","1.0","START","GOAL","8-puzzle","Hidden"
"graph","depth","Success","45272","45272","51536","91175","0.9219","START","GOAL","8-puzzle","Hidden"
"graph","depth","Success","48622","48622","55631","98114","1.0469","START","GOAL","8-puzzle","Hidden"
"graph","depth","Success","28758","28758","153272","178667","2.7969","START","GOAL","8-puzzle","Hidden"
"graph","depth","Success","66466","66466","107661","164484","2.1719","START","GOAL","8-puzzle","Hidden"
"graph","depth","Success","47926","47926","54787","96680","1.0312","START","GOAL","8-puzzle","Hidden"
"graph","depth","Success","56686","56686","121463","170678","2.3594","START","GOAL","8-puzzle","Hidden"
"graph","depth","Success","22046","22046","24754","44272","0.4844","START","GOAL","8-puzzle","Hidden"
"graph","depth","Success","55276","55276","123458","171348","2.2812","START","GOAL","8-puzzle","Hidden"
"graph","depth","Success","60420","60420","70957","123205","1.3438","START","GOAL","8-puzzle","Hidden"
"graph","depth","Success","68056","68056","103478","161493","1.9219","START","GOAL","8-puzzle","Hidden"
"graph","depth","Success","57460","57460","120718","170416","2.2656","START","GOAL","8-puzzle","Hidden"
"graph","depth","Success","60314","60314","70769","122928","1.4062","START","GOAL","8-puzzle","Hidden"
"graph","depth","Success","68370","68370","102021","160411","1.9375","START","GOAL","8-puzzle","Hidden"
"graph","depth","Success","24206","24206","158061","179461","2.9062","START","GOAL","8-puzzle","Hidden"
"graph","depth","Success","68876","68876","99396","158156","1.8281","START","GOAL","8-puzzle","Hidden"
"graph","depth","Success","70002","70002","94655","154105","1.7656","START","GOAL","8-puzzle","Hidden"
"graph","depth","Success","62744","62744","112842","166942","2.5312","START","GOAL","8-puzzle","Hidden"
"graph","depth","Success","32996","32996","148779","177816","2.9375","START","GOAL","8-puzzle","Hidden"
"graph","depth","Success","14796","14796","16541","29660","0.2969","START","GOAL","8-puzzle","Hidden"
"graph","depth","Success","69376","69376","98926","157922","1.8594","START","GOAL","8-puzzle","Hidden"
"graph","depth","Success","21092","21092","161247","179895","2.9062","START","GOAL","8-puzzle","Hidden"
"graph","depth","Success","36762","36762","144676","176976","2.625","START","GOAL","8-puzzle","Hidden"
"graph","depth","Success","58818","58818","118858","169705","2.125","START","GOAL","8-puzzle","Hidden"
"graph","depth","Success","60858","60858","115644","168250","2.1719","START","GOAL","8-puzzle","Hidden"
"graph","depth","Success","68426","68426","100633","159051","1.8125","START","GOAL","8-puzzle","Hidden"
"graph","depth","Success","69982","69982","93790","153204","1.75","START","GOAL","8-puzzle","Hidden"
"graph","depth","Success","66090","66090","80684","137257","1.4844","START","GOAL","8-puzzle","Hidden"
"graph","depth","Success","66514","66514","81648","138538","1.5156","START","GOAL","8-puzzle","Hidden"
"graph","depth","Success","31414","31414","150414","178094","2.6875","START","GOAL","8-puzzle","Hidden"
"graph","depth","Success","69438","69438","91396","150551","1.7188","START","GOAL","8-puzzle","Hidden"
"graph","depth","Success","40110","40110","140966","176153","2.5","START","GOAL","8-puzzle","Hidden"
"graph","depth","Success","2366","2366","2636","4732","0.0469","START","GOAL","8-puzzle","Hidden"
"graph","depth","Success","25044","25044","157197","179335","2.8438","START","GOAL","8-puzzle","Hidden"
"graph","depth","Success","60136","60136","117192","169104","2.2812","START","GOAL","8-puzzle","Hidden"
"graph","depth","Success","34962","34962","146495","177262","2.6406","START","GOAL","8-puzzle","Hidden"
"graph","depth","Success","69704","69704","95798","155140","1.8281","START","GOAL","8-puzzle","Hidden"
"graph","depth","Success","55138","55138","123579","171394","2.4219","START","GOAL","8-puzzle","Hidden"
"graph","depth","Success","8944","8944","9995","17931","0.1719","START","GOAL","8-puzzle","Hidden"
"graph","depth","Success","62806","62806","113525","167543","2.2031","START","GOAL","8-puzzle","Hidden"
"graph","depth","Success","68522","68522","102429","160810","1.9219","START","GOAL","8-puzzle","Hidden"
"graph","depth","Success","66064","66064","107473","164136","2.0","START","GOAL","8-puzzle","Hidden"
"graph","depth","Success","36472","36472","41200","73264","0.7344","START","GOAL","8-puzzle","Hidden"
"graph","depth","Success","54200","54200","124758","171750","2.25","START","GOAL","8-puzzle","Hidden"
"graph","depth","Success","21652","21652","24276","43410","0.4219","START","GOAL","8-puzzle","Hidden"
"graph","depth","Success","60106","60106","70784","122638","1.3438","START","GOAL","8-puzzle","Hidden"
"graph","depth","Success","57518","57518","120298","170188","2.2344","START","GOAL","8-puzzle","Hidden"
"graph","depth","Success","17718","17718","19864","35563","0.3594","START","GOAL","8-puzzle","Hidden"
"graph","depth","Success","3832","3832","4278","7678","0.0781","START","GOAL","8-puzzle","Hidden"
"graph","depth","Success","27722","27722","154358","178830","3.2188","START","GOAL","8-puzzle","Hidden"
"graph","depth","Success","58502","58502","119156","169748","3.1094","START","GOAL","8-puzzle","Hidden"
"graph","depth","Success","51392","51392","128175","172863","2.5781","START","GOAL","8-puzzle","Hidden"
"graph","depth","Success","45410","45410","135032","174748","2.6562","START","GOAL","8-puzzle","Hidden"
"graph","depth","Success","34002","34002","147679","177588","2.8594","START","GOAL","8-puzzle","Hidden"
"graph","depth","Success","70122","70122","93588","153086","1.9531","START","GOAL","8-puzzle","Hidden"
"graph","depth","Success","67976","67976","84171","142273","1.7656","START","GOAL","8-puzzle","Hidden"
"graph","depth","Success","69862","69862","97874","157231","1.9375","START","GOAL","8-puzzle","Hidden"
"graph","depth","Success","69730","69730","95757","155112","1.8594","START","GOAL","8-puzzle","Hidden"
"graph","depth","Success","6732","6732","175197","181172","3.3125","START","GOAL","8-puzzle","Hidden"
"graph","depth","Success","63164","63164","75716","130006","1.4844","START","GOAL","8-puzzle","Hidden"
"graph","depth","Success","3018","3018","178671","181343","3.3438","START","GOAL","8-puzzle","Hidden"
"graph","depth","Success","46340","46340","133909","174378","2.625","START","GOAL","8-puzzle","Hidden"
"graph","depth","Success","25864","25864","29060","51920","0.5312","START","GOAL","8-puzzle","Hidden"
"graph","depth","Success","37306","37306","144083","176859","2.8125","START","GOAL","8-puzzle","Hidden"
"graph","depth","Success","69058","69058","100831","159583","2.0","START","GOAL","8-puzzle","Hidden"
"graph","depth","Success","69750","69750","97589","156844","1.9688","START","GOAL","8-puzzle","Hidden"
"graph","depth","Success","27436","27436","154695","178913","2.9375","START","GOAL","8-puzzle","Hidden"
"graph","depth","Success","56344","56344","121760","170671","2.4219","START","GOAL","8-puzzle","Hidden"
"graph","depth","Success","21666","21666","24326","43506","0.4844","START","GOAL","8-puzzle","Hidden"
"graph","depth","Success","27284","27284","154814","178903","2.9844","START","GOAL","8-puzzle","Hidden"
"graph","depth","Success","29878","29878","152080","178460","2.875","START","GOAL","8-puzzle","Hidden"
"graph","depth","Success","47760","47760","132331","174011","2.5469","START","GOAL","8-puzzle","Hidden"
"graph","depth","Success","64026","64026","111819","166770","2.0625","START","GOAL","8-puzzle","Hidden"
"graph","depth","Success","65762","65762","80395","136695","1.5156","START","GOAL","8-puzzle","Hidden"
"graph","depth","Success","44636","44636","135903","174954","2.4844","START","GOAL","8-puzzle","Hidden"
"graph","depth","Success","16432","16432","18368","32913","0.3125","START","GOAL","8-puzzle","Hidden"
"graph","depth","Success","53840","53840","62419","109113","1.5781","START","GOAL","8-puzzle","Hidden"
"graph","depth","Success","69232","69232","90129","149154","1.875","START","GOAL","8-puzzle","Hidden"
"graph","depth","Success","48288","48288","131838","173936","2.5312","START","GOAL","8-puzzle","Hidden"
"graph","depth","Success","10542","10542","11793","21151","0.2031","START","GOAL","8-puzzle","Hidden"
"graph","depth","Success","51902","51902","127397","172628","2.4219","START","GOAL","8-puzzle","Hidden"
"graph","depth","Success","5344","5344","5963","10706","0.0938","START","GOAL","8-puzzle","Hidden"
"graph","depth","Success","63864","63864","112018","166849","2.0312","START","GOAL","8-puzzle","Hidden"
"graph","depth","Success","54194","54194","62740","109765","1.1406","START","GOAL","8-puzzle","Hidden"
"graph","depth","Success","39938","39938","141135","176214","2.5781","START","GOAL","8-puzzle","Hidden"
"graph","depth","Success","48254","48254","55188","97265","1.0","START","GOAL","8-puzzle","Hidden"
"graph","depth","Success","35722","35722","145800","177214","2.625","START","GOAL","8-puzzle","Hidden"
"graph","depth","Success","52134","52134","127119","172543","2.2656","START","GOAL","8-puzzle","Hidden"
"graph","depth","Success","67574","67574","104651","162292","1.9375","START","GOAL","8-puzzle","Hidden"
"graph","depth","Success","20190","20190","162153","180013","2.875","START","GOAL","8-puzzle","Hidden"
"graph","depth","Success","49398","49398","56602","99728","1.0156","START","GOAL","8-puzzle","Hidden"
"graph","depth","Success","1760","1760","1956","3515","0.0312","START","GOAL","8-puzzle","Hidden"
"graph","depth","Success","64166","64166","77121","132195","1.4531","START","GOAL","8-puzzle","Hidden"
"graph","depth","Success","24868","24868","27902","49857","0.4844","START","GOAL","8-puzzle","Hidden"
"graph","depth","Success","69750","69750","95785","155167","1.7812","START","GOAL","8-puzzle","Hidden"
"graph","depth","Success","65454","65454","79664","135730","1.4688","START","GOAL","8-puzzle","Hidden"
"graph","depth","Success","45076","45076","135359","174762","2.5312","START","GOAL","8-puzzle","Hidden"
"graph","depth","Success","61936","61936","73610","126884","1.375","START","GOAL","8-puzzle","Hidden"
"graph","depth","Success","69858","69858","97879","157233","1.8125","START","GOAL","8-puzzle","Hidden"
"graph","depth","Success","61830","61830","114919","168110","2.0156","START","GOAL","8-puzzle","Hidden"
"graph","depth","Success","49546","49546","57024","100175","1.0469","START","GOAL","8-puzzle","Hidden"
"graph","depth","Success","28014","28014","31515","56238","0.5469","START","GOAL","8-puzzle","Hidden"
"graph","depth","Success","48696","48696","55724","98197","1.0","START","GOAL","8-puzzle","Hidden"
"graph","depth","Success","37014","37014","41853","74377","0.7188","START","GOAL","8-puzzle","Hidden"
"graph","depth","Success","67960","67960","103829","161798","1.9219","START","GOAL","8-puzzle","Hidden"
"graph","depth","Success","55376","55376","123279","171294","2.2344","START","GOAL","8-puzzle","Hidden"
"graph","depth","Success","66948","66948","82526","139860","1.5469","START","GOAL","8-puzzle","Hidden"
"graph","depth","Success","61578","61578","72507","125698","1.375","START","GOAL","8-puzzle","Hidden"
"graph","depth","Success","65688","65688","79999","136231","1.4531","START","GOAL","8-puzzle","Hidden"
"graph","depth","Success","51652","51652","127673","172636","2.375","START","GOAL","8-puzzle","Hidden"
"graph","depth","Success","40938","40938","140042","175936","2.6094","START","GOAL","8-puzzle","Hidden"
"graph","depth","Success","10028","10028","11185","20074","0.1875","START","GOAL","8-puzzle","Hidden"
"graph","depth","Success","55622","55622","122676","170990","2.375","START","GOAL","8-puzzle","Hidden"
"graph","depth","Success","62390","62390","73978","127793","1.7031","START","GOAL","8-puzzle","Hidden"
"graph","depth","Success","69258","69258","88460","147503","1.7344","START","GOAL","8-puzzle","Hidden"
"graph","depth","Success","69600","69600","96472","155626","1.875","START","GOAL","8-puzzle","Hidden"
"graph","depth","Success","68068","68068","84904","142928","1.5781","START","GOAL","8-puzzle","Hidden"
"graph","depth","Success","51886","51886","59889","104988","1.1094","START","GOAL","8-puzzle","Hidden"
"graph","depth","Success","69918","69918","92067","151467","1.7188","START","GOAL","8-puzzle","Hidden"
"graph","depth","Success","33722","33722","147993","177658","2.6875","START","GOAL","8-puzzle","Hidden"
"graph","depth","Success","33272","33272","37504","66803","0.6562","START","GOAL","8-puzzle","Hidden"
"graph","depth","Success","66546","66546","81366","138386","1.5","START","GOAL","8-puzzle","Hidden"
"graph","depth","Success","66680","66680","106963","163966","2.0625","START","GOAL","8-puzzle","Hidden"
"graph","depth","Success","45834","45834","134463","174579","2.5469","START","GOAL","8-puzzle","Hidden"
"graph","depth","Success","19862","19862","162354","179921","2.9375","START","GOAL","8-puzzle","Hidden"
"graph","depth","Success","236","236","181226","181435","3.2031","START","GOAL","8-puzzle","Hidden"
"graph","depth","Success","62912","62912","113365","167467","2.0938","START","GOAL","8-puzzle","Hidden"
"graph","depth","Success","69614","69614","98703","157866","1.8906","START","GOAL","8-puzzle","Hidden"
"graph","depth","Success","69956","69956","96842","156249","1.9219","START","GOAL","8-puzzle","Hidden"
"graph","depth","Success","44164","44164","50230","88923","0.9062","START","GOAL","8-puzzle","Hidden"
"graph","depth","Success","61104","61104","115274","168074","2.0469","START","GOAL","8-puzzle","Hidden"
"graph","depth","Success","48960","48960","131057","173720","2.4375","START","GOAL","8-puzzle","Hidden"
"graph","depth","Success","59716","59716","70023","121697","1.3125","START","GOAL","8-puzzle","Hidden"
"graph","depth","Success","12858","12858","169380","180782","3.0781","START","GOAL","8-puzzle","Hidden"
"graph","depth","Success","21358","21358","23939","42816","0.4062","START","GOAL","8-puzzle","Hidden"
"graph","depth","Success","13520","13520","15147","27135","0.2656","START","GOAL","8-puzzle","Hidden"
"graph","depth","Success","57204","57204","66816","116298","1.2188","START","GOAL","8-puzzle","Hidden"
"graph","depth","Success","21568","21568","160744","179841","2.8125","START","GOAL","8-puzzle","Hidden"
"graph","depth","Success","64146","64146","111425","166485","2.0938","START","GOAL","8-puzzle","Hidden"
"graph","depth","Success","2670","2670","2974","5339","0.0469","START","GOAL","8-puzzle","Hidden"
"graph","depth","Success","57774","57774","67287","117371","1.2344","START","GOAL","8-puzzle","Hidden"
"graph","depth","Success","10956","10956","12213","21921","0.2969","START","GOAL","8-puzzle","Hidden"
"graph","depth","Success","58296","58296","119266","169787","2.2656","START","GOAL","8-puzzle","Hidden"
"graph","depth","Success","19556","19556","21892","39191","0.4219","START","GOAL","8-puzzle","Hidden"
"graph","depth","Success","69204","69204","88141","147005","1.6719","START","GOAL","8-puzzle","Hidden"
"graph","depth","Success","63276","63276","112134","166653","2.125","START","GOAL","8-puzzle","Hidden"
"graph","depth","Success","65366","65366","109522","165510","1.9688","START","GOAL","8-puzzle","Hidden"
"graph","depth","Success","19552","19552","21924","39242","0.3906","START","GOAL","8-puzzle","Hidden"
"graph","depth","Success","43040","43040","48919","86617","1.2031","START","GOAL","8-puzzle","Hidden"
"graph","depth","Success","70026","70026","95195","154670","1.875","START","GOAL","8-puzzle","Hidden"
"graph","depth","Success","37542","37542","143781","176756","2.7031","START","GOAL","8-puzzle","Hidden"
"graph","depth","Success","33526","33526","37793","67314","0.7031","START","GOAL","8-puzzle","Hidden"
"graph","depth","Success","45882","45882","134502","174608","2.5156","START","GOAL","8-puzzle","Hidden"
"graph","depth","Success","40038","40038","140960","176114","2.4844","START","GOAL","8-puzzle","Hidden"
"graph","depth","Success","52722","52722","126490","172299","2.3906","START","GOAL","8-puzzle","Hidden"
"graph","depth","Success","67814","67814","103979","161809","1.875","START","GOAL","8-puzzle","Hidden"
"graph","depth","Success","61116","61116","115258","168069","2.0938","START","GOAL","8-puzzle","Hidden"
"graph","depth","Success","35862","35862","145630","177159","2.5469","START","GOAL","8-puzzle","Hidden"
"graph","depth","Success","58434","58434","119026","169650","2.2656","START","GOAL","8-puzzle","Hidden"
"graph","depth","Success","69254","69254","88221","147270","1.6406","START","GOAL","8-puzzle","Hidden"
"graph","depth","Success","1944","1944","2170","3897","0.0312","START","GOAL","8-puzzle","Hidden"
"graph","depth","Success","21694","21694","160620","179809","2.9688","START","GOAL","8-puzzle","Hidden"
"graph","depth","Success","64100","64100","77239","132254","1.4844","START","GOAL","8-puzzle","Hidden"
"graph","depth","Success","61340","61340","115633","168438","2.3438","START","GOAL","8-puzzle","Hidden"
"graph","depth","Success","66374","66374","107701","164489","2.125","START","GOAL","8-puzzle","Hidden"
"graph","depth","Success","61292","61292","114979","167937","2.3438","START","GOAL","8-puzzle","Hidden"
"graph","depth","Success","57372","57372","120469","170237","2.4844","START","GOAL","8-puzzle","Hidden"
"graph","depth","Success","49862","49862","129986","173405","2.5781","START","GOAL","8-puzzle","Hidden"
"graph","depth","Success","31692","31692","35673","63600","0.7031","START","GOAL","8-puzzle","Hidden"
"graph","depth","Success","66466","66466","81184","138151","1.7031","START","GOAL","8-puzzle","Hidden"
"graph","depth","Success","66958","66958","82060","139398","1.6719","START","GOAL","8-puzzle","Hidden"
"graph","depth","Success","69246","69246","87874","146917","1.7969","START","GOAL","8-puzzle","Hidden"
"graph","depth","Success","66430","66430","107505","164333","2.125","START","GOAL","8-puzzle","Hidden"
"graph","depth","Success","44870","44870","51062","90295","1.0156","START","GOAL","8-puzzle","Hidden"
"graph","depth","Success","69352","69352","99907","158874","2.0156","START","GOAL","8-puzzle","Hidden"
"graph","depth","Success","16198","16198","166044","180380","3.125","START","GOAL","8-puzzle","Hidden"
"graph","depth","Success","47052","47052","133212","174286","2.5938","START","GOAL","8-puzzle","Hidden"
"graph","depth","Success","65500","65500","108438","164670","2.7188","START","GOAL","8-puzzle","Hidden"
"graph","depth","Success","9020","9020","173070","181071","3.5","START","GOAL","8-puzzle","Hidden"
"graph","depth","Success","65686","65686","79901","136289","1.5938","START","GOAL","8-puzzle","Hidden"
"graph","depth","Success","65706","65706","107919","164322","2.125","START","GOAL","8-puzzle","Hidden"
"graph","depth","Success","52768","52768","60826","106769","1.2188","START","GOAL","8-puzzle","Hidden"
"graph","depth","Success","53896","53896","62331","109155","1.2812","START","GOAL","8-puzzle","Hidden"
"graph","depth","Success","58580","58580","68676","119290","1.2969","START","GOAL","8-puzzle","Hidden"
"graph","depth","Success","58484","58484","68224","118891","1.3125","START","GOAL","8-puzzle","Hidden"
"graph","depth","Success","18094","18094","20247","36254","0.4062","START","GOAL","8-puzzle","Hidden"
"graph","depth","Success","61112","61112","115266","168072","2.2812","START","GOAL","8-puzzle","Hidden"
"graph","depth","Success","874","874","966","1741","0.0156","START","GOAL","8-puzzle","Hidden"
"graph","depth","Success","5612","5612","176266","181244","3.3281","START","GOAL","8-puzzle","Hidden"
"graph","depth","Success","10340","10340","171769","180946","3.3125","START","GOAL","8-puzzle","Hidden"
"graph","depth","Success","68014","68014","85363","143376","1.625","START","GOAL","8-puzzle","Hidden"
"graph","depth","Success","65844","65844","108655","165032","2.0625","START","GOAL","8-puzzle","Hidden"
"graph","depth","Success","44950","44950","51198","90529","0.9688","START","GOAL","8-puzzle","Hidden"
"graph","depth","Success","7026","7026","7817","14042","0.1406","START","GOAL","8-puzzle","Hidden"
"graph","depth","Success","21104","21104","161227","179895","3.4062","START","GOAL","8-puzzle","Hidden"
"graph","depth","Success","69232","69232","90129","149154","1.8281","START","GOAL","8-puzzle","Hidden"
"graph","depth","Success","63622","63622","112321","166979","2.1094","START","GOAL","8-puzzle","Hidden"
"graph","depth","Success","4214","4214","4714","8455","0.0938","START","GOAL","8-puzzle","Hidden"
"graph","depth","Success","57728","57728","67474","117397","1.2812","START","GOAL","8-puzzle","Hidden"
"graph","depth","Success","49020","49020","130784","173602","2.4688","START","GOAL","8-puzzle","Hidden"
"graph","depth","Success","64248","64248","77596","132722","1.4688","START","GOAL","8-puzzle","Hidden"
"graph","depth","Success","65676","65676","79980","136207","1.5625","START","GOAL","8-puzzle","Hidden"
"graph","depth","Success","59204","59204","117879","169138","2.25","START","GOAL","8-puzzle","Hidden"
"graph","depth","Success","48218","48218","55142","97280","1.0312","START","GOAL","8-puzzle","Hidden"
"graph","depth","Success","44622","44622","50768","89851","0.8906","START","GOAL","8-puzzle","Hidden"
"graph","depth","Success","14070","14070","168184","180661","2.9688","START","GOAL","8-puzzle","Hidden"
"graph","depth","Success","55372","55372","64355","112324","1.1875","START","GOAL","8-puzzle","Hidden"
"graph","depth","Success","64074","64074","76534","131679","1.4531","START","GOAL","8-puzzle","Hidden"
"graph","depth","Success","13018","13018","14578","26124","0.2656","START","GOAL","8-puzzle","Hidden"
"graph","depth","Success","66720","66720","106867","163898","1.9844","START","GOAL","8-puzzle","Hidden"
"graph","depth","Success","38380","38380","43385","77094","0.8125","START","GOAL","8-puzzle","Hidden"
"graph","depth","Success","68606","68606","86851","145300","1.6406","START","GOAL","8-puzzle","Hidden"
"graph","depth","Success","69012","69012","100986","159698","2.0781","START","GOAL","8-puzzle","Hidden"
"graph","depth","Success","49426","49426","130520","173571","2.5781","START","GOAL","8-puzzle","Hidden"
"graph","depth","Success","56304","56304","65467","114268","1.2188","START","GOAL","8-puzzle","Hidden"
"graph","depth","Success","66790","66790","105927","163136","2.0","START","GOAL","8-puzzle","Hidden"
"graph","depth","Success","12530","12530","14002","25114","0.2344","START","GOAL","8-puzzle","Hidden"
"graph","depth","Success","69120","69120","98294","157238","1.9219","START","GOAL","8-puzzle","Hidden"
"graph","depth","Success","61224","61224","71999","124903","1.5","START","GOAL","8-puzzle","Hidden"
"graph","depth","Success","7886","7886","8797","15797","0.1562","START","GOAL","8-puzzle","Hidden"
"graph","depth","Success","56420","56420","65634","114530","1.3281","START","GOAL","8-puzzle","Hidden"
"graph","depth","Success","7244","7244","8080","14509","0.1406","START","GOAL","8-puzzle","Hidden"
"graph","depth","Success","62766","62766","113686","167640","2.1094","START","GOAL","8-puzzle","Hidden"
"graph","depth","Success","19014","19014","21279","38113","0.375","START","GOAL","8-puzzle","Hidden"
"graph","depth","Success","28976","28976","153069","178634","2.7969","START","GOAL","8-puzzle","Hidden"
"graph","depth","Success","2812","2812","3107","5589","0.0469","START","GOAL","8-puzzle","Hidden"
"graph","depth","Success","50088","50088","129540","173238","2.3125","START","GOAL","8-puzzle","Hidden"
"graph","depth","Success","66120","66120","107308","164008","2.0312","START","GOAL","8-puzzle","Hidden"
"graph","depth","Success","69122","69122","100374","159193","1.8906","START","GOAL","8-puzzle","Hidden"
"graph","depth","Success","68144","68144","102197","160438","1.8594","START","GOAL","8-puzzle","Hidden"
"graph","depth","Success","69384","69384","98954","157953","1.8906","START","GOAL","8-puzzle","Hidden"
"graph","depth","Success","20146","20146","162174","180015","2.9531","START","GOAL","8-puzzle","Hidden"
"graph","depth","Success","65426","65426","108574","164759","2.0781","START","GOAL","8-puzzle","Hidden"
"graph","depth","Success","14702","14702","16489","29521","0.2656","START","GOAL","8-puzzle","Hidden"
"graph","depth","Success","9994","9994","11182","20052","0.1875","START","GOAL","8-puzzle","Hidden"
"graph","depth","Success","68718","68718","87539","146071","1.6562","START","GOAL","8-puzzle","Hidden"
"graph","depth","Success","67048","67048","83119","140411","1.5312","START","GOAL","8-puzzle","Hidden"
"graph","depth","Success","69454","69454","92396","151566","1.7344","START","GOAL","8-puzzle","Hidden"
"graph","depth","Success","7592","7592","8448","15172","0.1562","START","GOAL","8-puzzle","Hidden"
"graph","depth","Success","69022","69022","100815","159561","1.8438","START","GOAL","8-puzzle","Hidden"
"graph","depth","Success","44192","44192","50310","88982","0.9531","START","GOAL","8-puzzle","Hidden"
"graph","depth","Success","19746","19746","162595","180066","2.9062","START","GOAL","8-puzzle","Hidden"
"graph","depth","Success","16652","16652","165597","180330","3.0","START","GOAL","8-puzzle","Hidden"
"graph","depth","Success","59764","59764","117615","169212","2.1562","START","GOAL","8-puzzle","Hidden"
"graph","depth","Success","45638","45638","134769","174681","2.5625","START","GOAL","8-puzzle","Hidden"
"graph","depth","Success","61048","61048","71785","124539","1.3594","START","GOAL","8-puzzle","Hidden"
"graph","depth","Success","42934","42934","137746","175387","2.5625","START","GOAL","8-puzzle","Hidden"
"graph","depth","Success","24388","24388","157882","179446","2.8125","START","GOAL","8-puzzle","Hidden"
"graph","depth","Success","63368","63368","112596","167010","2.4375","START","GOAL","8-puzzle","Hidden"
"graph","depth","Success","13310","13310","14879","26680","0.2812","START","GOAL","8-puzzle","Hidden"
"graph","depth","Success","29388","29388","152637","178559","2.9062","START","GOAL","8-puzzle","Hidden"
"graph","depth","Success","70056","70056","92866","152335","1.7812","START","GOAL","8-puzzle","Hidden"
"graph","depth","Success","61168","61168","71929","124784","1.3438","START","GOAL","8-puzzle","Hidden"
"graph","depth","Success","56048","56048","65017","113691","1.25","START","GOAL","8-puzzle","Hidden"
"graph","depth","Success","9578","9578","10668","19154","0.1875","START","GOAL","8-puzzle","Hidden"
"graph","depth","Success","58554","58554","119317","169907","2.125","START","GOAL","8-puzzle","Hidden"
"graph","depth","Success","68716","68716","87847","146359","1.7031","START","GOAL","8-puzzle","Hidden"
"graph","depth","Success","44706","44706","50862","90019","0.9688","START","GOAL","8-puzzle","Hidden"
"graph","depth","Success","22550","22550","159617","179544","2.9062","START","GOAL","8-puzzle","Hidden"
"graph","depth","Success","6298","6298","7025","12615","0.125","START","GOAL","8-puzzle","Hidden"
"graph","depth","Success","64872","64872","109362","165122","1.9844","START","GOAL","8-puzzle","Hidden"
"graph","depth","Success","54566","54566","63201","110540","1.1406","START","GOAL","8-puzzle","Hidden"
"graph","depth","Success","61352","61352","72925","125801","1.4062","START","GOAL","8-puzzle","Hidden"
"graph","depth","Success","59068","59068","118473","169513","2.1094","START","GOAL","8-puzzle","Hidden"
"graph","depth","Success","63462","63462","75484","130161","1.3906","START","GOAL","8-puzzle","Hidden"
"graph","depth","Success","48066","48066","131982","173918","2.4219","START","GOAL","8-puzzle","Hidden"
"graph","depth","Success","3932","3932","4391","7880","0.0781","START","GOAL","8-puzzle","Hidden"
"graph","depth","Success","57640","57640","120507","170354","2.3281","START","GOAL","8-puzzle","Hidden"
"graph","depth","Success","47816","47816","54745","96469","1.0625","START","GOAL","8-puzzle","Hidden"
"graph","depth","Success","69606","69606","92621","151892","1.7656","START","GOAL","8-puzzle","Hidden"
"graph","depth","Success","67506","67506","83662","141260","1.6094","START","GOAL","8-puzzle","Hidden"
"graph","depth","Success","53378","53378","61597","108049","1.1562","START","GOAL","8-puzzle","Hidden"
"graph","depth","Success","36028","36028","145446","177117","2.7188","START","GOAL","8-puzzle","Hidden"
"graph","depth","Success","69000","69000","88537","147269","1.6406","START","GOAL","8-puzzle","Hidden"
"graph","depth","Success","34346","34346","147290","177558","2.8125","START","GOAL","8-puzzle","Hidden"
"graph","depth","Success","28420","28420","31957","57061","0.6094","START","GOAL","8-puzzle","Hidden"
"graph","depth","Success","67960","67960","103292","161383","2.0312","START","GOAL","8-puzzle","Hidden"
"graph","depth","Success","31766","31766","150081","178071","2.8281","START","GOAL","8-puzzle","Hidden"
"graph","depth","Success","65154","65154","109845","165667","2.1094","START","GOAL","8-puzzle","Hidden"
"graph","depth","Success","21664","21664","24289","43434","0.4531","START","GOAL","8-puzzle","Hidden"
"graph","depth","Success","68860","68860","101852","160438","1.8906","START","GOAL","8-puzzle","Hidden"
"graph","depth","Success","14196","14196","168020","180592","3.0156","START","GOAL","8-puzzle","Hidden"
"graph","depth","Success","69610","69610","98480","157650","1.7969","START","GOAL","8-puzzle","Hidden"
"graph","depth","Success","5568","5568","6220","11158","0.1094","START","GOAL","8-puzzle","Hidden"
"graph","depth","Success","65802","65802","107886","164342","2.4219","START","GOAL","8-puzzle","Hidden"
"graph","depth","Success","47726","47726","132367","174020","2.6562","START","GOAL","8-puzzle","Hidden"
"graph","depth","Success","65268","65268","79157","135219","1.6406","START","GOAL","8-puzzle","Hidden"
"graph","depth","Success","10726","10726","171410","180913","3.2969","START","GOAL","8-puzzle","Hidden"
"graph","depth","Success","38028","38028","143270","176719","2.7656","START","GOAL","8-puzzle","Hidden"
"graph","depth","Success","68904","68904","99322","158107","1.9219","START","GOAL","8-puzzle","Hidden"
"graph","depth","Success","64456","64456","77254","132682","1.4844","START","GOAL","8-puzzle","Hidden"
"graph","depth","Success","6780","6780","175173","181182","3.2812","START","GOAL","8-puzzle","Hidden"
"graph","depth","Success","20284","20284","22721","40659","0.4375","START","GOAL","8-puzzle","Hidden"
"graph","depth","Success","66172","66172","80874","137506","1.625","START","GOAL","8-puzzle","Hidden"
"graph","depth","Success","35188","35188","39710","70710","0.7656","START","GOAL","8-puzzle","Hidden"
"graph","depth","Success","69612","69612","90334","149623","1.7812","START","GOAL","8-puzzle","Hidden"
"graph","depth","Success","67828","67828","104266","162144","2.0938","START","GOAL","8-puzzle","Hidden"
"graph","depth","Success","69876","69876","94348","153694","1.875","START","GOAL","8-puzzle","Hidden"
"graph","depth","Success","62364","62364","74535","128206","1.4844","START","GOAL","8-puzzle","Hidden"
"graph","depth","Success","49966","49966","129683","173284","2.4844","START","GOAL","8-puzzle","Hidden"
"graph","depth","Success","41802","41802","47450","84126","0.9688","START","GOAL","8-puzzle","Hidden"
"graph","depth","Success","63338","63338","76008","130429","1.5312","START","GOAL","8-puzzle","Hidden"
"graph","depth","Success","53948","53948","124865","171734","2.4219","START","GOAL","8-puzzle","Hidden"
"graph","depth","Success","69732","69732","95751","155109","1.9219","START","GOAL","8-puzzle","Hidden"
"graph","depth","Success","20810","20810","161513","179939","3.1094","START","GOAL","8-puzzle","Hidden"
"graph","depth","Success","40824","40824","46293","82086","0.875","START","GOAL","8-puzzle","Hidden"
"graph","depth","Success","57172","57172","66770","116223","1.3281","START","GOAL","8-puzzle","Hidden"
"graph","depth","Success","51620","51620","127708","172644","2.5","START","GOAL","8-puzzle","Hidden"
"graph","depth","Success","22274","22274","160035","179751","2.9688","START","GOAL","8-puzzle","Hidden"
"graph","depth","Success","60440","60440","71518","123667","1.4219","START","GOAL","8-puzzle","Hidden"
"graph","depth","Success","64128","64128","111600","166630","2.25","START","GOAL","8-puzzle","Hidden"
"graph","depth","Success","66794","66794","106698","163775","2.0156","START","GOAL","8-puzzle","Hidden"
"graph","depth","Success","44378","44378","136119","174995","2.5469","START","GOAL","8-puzzle","Hidden"
"graph","depth","Success","52778","52778","126303","172256","2.8906","START","GOAL","8-puzzle","Hidden"
"graph","depth","Success","26388","26388","155713","179015","3.0312","START","GOAL","8-puzzle","Hidden"
"graph","depth","Success","1484","1484","1651","2967","0.0312","START","GOAL","8-puzzle","Hidden"
"graph","depth","Success","58844","58844","118497","169470","2.2812","START","GOAL","8-puzzle","Hidden"
"graph","depth","Success","55710","55710","122572","170961","2.2031","START","GOAL","8-puzzle","Hidden"
"graph","depth","Success","66482","66482","107281","164131","1.9844","START","GOAL","8-puzzle","Hidden"
"graph","depth","Success","12764","12764","14293","25613","0.2656","START","GOAL","8-puzzle","Hidden"
"graph","depth","Success","48402","48402","131529","173783","2.4531","START","GOAL","8-puzzle","Hidden"
"graph","depth","Success","24288","24288","27234","48693","0.5","START","GOAL","8-puzzle","Hidden"
"graph","depth","Success","42466","42466","138286","175470","2.5781","START","GOAL","8-puzzle","Hidden"
"graph","depth","Success","35216","35216","146354","177378","2.6562","START","GOAL","8-puzzle","Hidden"
"graph","depth","Success","59176","59176","118501","169602","2.1875","START","GOAL","8-puzzle","Hidden"
"graph","depth","Success","14804","14804","16537","29646","0.2969","START","GOAL","8-puzzle","Hidden"
"graph","depth","Success","61346","61346","114913","167917","2.1719","START","GOAL","8-puzzle","Hidden"
"graph","depth","Success","64768","64768","110412","165930","2.0469","START","GOAL","8-puzzle","Hidden"
"graph","depth","Success","69208","69208","97752","156759","1.75","START","GOAL","8-puzzle","Hidden"
"graph","depth","Success","41280","41280","139610","175837","2.5781","START","GOAL","8-puzzle","Hidden"
"graph","depth","Success","60670","60670","115872","168332","2.1562","START","GOAL","8-puzzle","Hidden"
"graph","depth","Success","31754","31754","150089","178051","2.7656","START","GOAL","8-puzzle","Hidden"
"graph","depth","Success","60782","60782","71762","124149","1.3438","START","GOAL","8-puzzle","Hidden"
"graph","depth","Success","50942","50942","128524","172885","2.4375","START","GOAL","8-puzzle","Hidden"
"graph","depth","Success","16724","16724","18752","33572","0.3281","START","GOAL","8-puzzle","Hidden"
"graph","depth","Success","46754","46754","133489","174326","2.5781","START","GOAL","8-puzzle","Hidden"
"graph","depth","Success","69358","69358","99339","158318","1.875","START","GOAL","8-puzzle","Hidden"
"graph","depth","Success","43756","43756","49754","88030","0.9062","START","GOAL","8-puzzle","Hidden"
"graph","depth","Success","59392","59392","69823","121106","1.2656","START","GOAL","8-puzzle","Hidden"
"graph","depth","Success","14306","14306","167910","180576","3.0","START","GOAL","8-puzzle","Hidden"
"graph","depth","Success","44482","44482","50601","89567","0.9375","START","GOAL","8-puzzle","Hidden"
"graph","depth","Success","25360","25360","28460","50848","0.4844","START","GOAL","8-puzzle","Hidden"
"graph","depth","Success","63252","63252","112161","166663","2.1719","START","GOAL","8-puzzle","Hidden"
"graph","depth","Success","63968","63968","76279","131343","1.3281","START","GOAL","8-puzzle","Hidden"
"graph","depth","Success","22140","22140","160042","179604","2.8594","START","GOAL","8-puzzle","Hidden"
"graph","depth","Success","53144","53144","61302","107502","1.1094","START","GOAL","8-puzzle","Hidden"
"graph","depth","Success","69120","69120","88908","147728","2.125","START","GOAL","8-puzzle","Hidden"
"graph","depth","Success","41346","41346","139537","175818","2.6875","START","GOAL","8-puzzle","Hidden"
"graph","depth","Success","43600","43600","49599","87767","0.9531","START","GOAL","8-puzzle","Hidden"
"graph","depth","Success","29542","29542","152436","178523","2.8281","START","GOAL","8-puzzle","Hidden"
"graph","depth","Success","67870","67870","104171","162075","2.0625","START","GOAL","8-puzzle","Hidden"
"graph","depth","Success","63440","63440","111746","166403","2.1406","START","GOAL","8-puzzle","Hidden"
"graph","depth","Success","57048","57048","121051","170463","2.25","START","GOAL","8-puzzle","Hidden"
"graph","depth","Success","15512","15512","17319","31057","0.3125","START","GOAL","8-puzzle","Hidden"
"graph","depth","Success","26724","26724","30011","53596","0.5469","START","GOAL","8-puzzle","Hidden"
"graph","depth","Success","40816","40816","140103","175922","2.5938","START","GOAL","8-puzzle","Hidden"
"graph","depth","Success","19378","19378","162961","180109","3.0156","START","GOAL","8-puzzle","Hidden"
"graph","depth","Success","61164","61164","115197","168049","2.125","START","GOAL","8-puzzle","Hidden"
"graph","depth","Success","66706","66706","106039","163198","1.9375","START","GOAL","8-puzzle","Hidden"
"graph","depth","Success","18714","18714","163529","180085","2.9219","START","GOAL","8-puzzle","Hidden"
"graph","depth","Success","64986","64986","110194","165885","2.1094","START","GOAL","8-puzzle","Hidden"
"graph","depth","Success","42552","42552","138236","175500","2.6719","START","GOAL","8-puzzle","Hidden"
"graph","depth","Success","50810","50810","128681","172886","2.4844","START","GOAL","8-puzzle","Hidden"
"graph","depth","Success","40592","40592","46008","81606","0.8594","START","GOAL","8-puzzle","Hidden"
"graph","depth","Success","3702","3702","4131","7410","0.0781","START","GOAL","8-puzzle","Hidden"
"graph","depth","Success","68274","68274","103031","161234","1.9844","START","GOAL","8-puzzle","Hidden"
"graph","depth","Success","63582","63582","112273","166863","2.125","START","GOAL","8-puzzle","Hidden"
"graph","depth","Success","64202","64202","110459","165705","2.0156","START","GOAL","8-puzzle","Hidden"
"graph","depth","Success","21160","21160","23694","42415","0.4688","START","GOAL","8-puzzle","Hidden"
"graph","depth","Success","23020","23020","159124","179466","2.9375","START","GOAL","8-puzzle","Hidden"
"graph","depth","Success","15938","15938","166397","180524","3.0938","START","GOAL","8-puzzle","Hidden"
"graph","depth","Success","63606","63606","112349","166992","2.1406","START","GOAL","8-puzzle","Hidden"
"graph","depth","Success","36672","36672","144835","177068","2.6094","START","GOAL","8-puzzle","Hidden"
"graph","depth","Success","48958","48958","130823","173492","2.4844","START","GOAL","8-puzzle","Hidden"
"graph","depth","Success","67436","67436","83496","141050","1.5625","START","GOAL","8-puzzle","Hidden"
"graph","depth","Success","7044","7044","7867","14116","0.125","START","GOAL","8-puzzle","Hidden"
"graph","depth","Success","52552","52552","126811","172458","2.8125","START","GOAL","8-puzzle","Hidden"
"graph","depth","Success","59270","59270","117799","169112","2.1875","START","GOAL","8-puzzle","Hidden"
"graph","depth","Success","52460","52460","60657","106224","1.2188","START","GOAL","8-puzzle","Hidden"
"graph","depth","Success","25892","25892","156299","179174","2.9375","START","GOAL","8-puzzle","Hidden"
"graph","depth","Success","64128","64128","111598","166629","2.0469","START","GOAL","8-puzzle","Hidden"
"graph","depth","Success","68836","68836","101530","160148","1.7969","START","GOAL","8-puzzle","Hidden"
"graph","depth","Success","68220","68220","101816","160086","1.9375","START","GOAL","8-puzzle","Hidden"
"graph","depth","Success","23774","23774","26676","47698","0.5","START","GOAL","8-puzzle","Hidden"
"graph","depth","Success","27040","27040","154953","178817","2.8594","START","GOAL","8-puzzle","Hidden"
"graph","depth","Success","54932","54932","123587","171329","2.3125","START","GOAL","8-puzzle","Hidden"
"graph","depth","Success","62952","62952","74722","128989","1.4062","START","GOAL","8-puzzle","Hidden"
"graph","depth","Success","60278","60278","70823","122943","1.3594","START","GOAL","8-puzzle","Hidden"
"graph","depth","Success","27278","27278","30653","54760","0.5156","START","GOAL","8-puzzle","Hidden"
"graph","depth","Success","68980","68980","88530","147231","1.6719","START","GOAL","8-puzzle","Hidden"
"graph","depth","Success","62002","62002","73470","126965","1.3594","START","GOAL","8-puzzle","Hidden"
"graph","depth","Success","49570","49570","56856","100059","1.0156","START","GOAL","8-puzzle","Hidden"
"graph","depth","Success","38330","38330","142952","176652","2.6719","START","GOAL","8-puzzle","Hidden"
"graph","depth","Success","23366","23366","158817","179472","2.7812","START","GOAL","8-puzzle","Hidden"
"graph","depth","Success","68392","68392","100708","159102","1.8438","START","GOAL","8-puzzle","Hidden"
"graph","depth","Success","68534","68534","100974","159490","1.8438","START","GOAL","8-puzzle","Hidden"
"graph","depth","Success","51834","51834","127466","172574","2.3906","START","GOAL","8-puzzle","Hidden"
"graph","depth","Success","66492","66492","106612","163597","1.9844","START","GOAL","8-puzzle","Hidden"
"graph","depth","Success","24422","24422","157833","179423","2.875","START","GOAL","8-puzzle","Hidden"
"graph","depth","Success","60262","60262","116993","168978","2.3594","START","GOAL","8-puzzle","Hidden"
"graph","depth","Success","4062","4062","4532","8129","0.0781","START","GOAL","8-puzzle","Hidden"
"graph","depth","Success","67776","67776","104054","161850","1.9219","START","GOAL","8-puzzle","Hidden"
"graph","depth","Success","60940","60940","115522","168191","2.3438","START","GOAL","8-puzzle","Hidden"
"graph","depth","Success","26752","26752","30066","53691","0.5781","START","GOAL","8-puzzle","Hidden"
"graph","depth","Success","24626","24626","27634","49405","0.5","START","GOAL","8-puzzle","Hidden"
"graph","depth","Success","69530","69530","96418","155632","1.9531","START","GOAL","8-puzzle","Hidden"
"graph","depth","Success","63914","63914","76207","131230","1.4531","START","GOAL","8-puzzle","Hidden"
"graph","depth","Success","8318","8318","9307","16689","0.1719","START","GOAL","8-puzzle","Hidden"
"graph","depth","Success","53038","53038","126232","172291","2.4531","START","GOAL","8-puzzle","Hidden"
"graph","depth","Success","42786","42786","137953","175426","3.5781","START","GOAL","8-puzzle","Hidden"
"graph","depth","Success","50794","50794","128696","172989","2.625","START","GOAL","8-puzzle","Hidden"
"graph","depth","Success","52636","52636","126719","172433","2.4844","START","GOAL","8-puzzle","Hidden"
"graph","depth","Success","48906","48906","56049","98726","1.125","START","GOAL","8-puzzle","Hidden"
"graph","depth","Success","57692","57692","120221","170165","2.3281","START","GOAL","8-puzzle","Hidden"
"graph","depth","Success","26240","26240","155931","179115","2.9688","START","GOAL","8-puzzle","Hidden"
"graph","depth","Success","63264","63264","112151","166658","2.1562","START","GOAL","8-puzzle","Hidden"
"graph","depth","Success","38612","38612","142668","176579","2.7188","START","GOAL","8-puzzle","Hidden"
"graph","depth","Success","70042","70042","92050","151508","1.8125","START","GOAL","8-puzzle","Hidden"
"graph","depth","Success","7886","7886","174130","181126","3.2969","START","GOAL","8-puzzle","Hidden"
"graph","depth","Success","69258","69258","88217","147269","1.75","START","GOAL","8-puzzle","Hidden"
"graph","depth","Success","68034","68034","103627","161630","2.0938","START","GOAL","8-puzzle","Hidden"
"graph","depth","Success","39038","39038","142035","176325","2.6875","START","GOAL","8-puzzle","Hidden"
"graph","depth","Success","62578","62578","74290","128251","1.4219","START","GOAL","8-puzzle","Hidden"
"graph","depth","Success","41252","41252","139636","175840","2.7344","START","GOAL","8-puzzle","Hidden"
"graph","depth","Success","41212","41212","46737","82864","0.9062","START","GOAL","8-puzzle","Hidden"
"graph","depth","Success","36422","36422","41174","73184","0.7656","START","GOAL","8-puzzle","Hidden"
"graph","depth","Success","60540","60540","116057","168407","2.2812","START","GOAL","8-puzzle","Hidden"
"graph","depth","Success","65324","65324","78783","134904","1.5156","START","GOAL","8-puzzle","Hidden"
"graph","depth","Success","30004","30004","33744","60237","0.6406","START","GOAL","8-puzzle","Hidden"
"graph","depth","Success","46968","46968","133303","174313","2.4688","START","GOAL","8-puzzle","Hidden"
"graph","depth","Success","46560","46560","53081","93806","0.9844","START","GOAL","8-puzzle","Hidden"
"graph","depth","Success","69190","69190","100515","159367","1.9062","START","GOAL","8-puzzle","Hidden"
"graph","depth","Success","10924","10924","171247","180939","3.0156","START","GOAL","8-puzzle","Hidden"
"graph","depth","Success","25158","25158","28240","50481","0.5156","START","GOAL","8-puzzle","Hidden"
"graph","depth","Success","64654","64654","110819","166255","2.0938","START","GOAL","8-puzzle","Hidden"
"graph","depth","Success","56078","56078","122412","170968","2.2812","START","GOAL","8-puzzle","Hidden"
"graph","depth","Success","53048","53048","61192","107310","1.125","START","GOAL","8-puzzle","Hidden"
"graph","depth","Success","62982","62982","113185","167298","2.125","START","GOAL","8-puzzle","Hidden"
"graph","depth","Success","67496","67496","103981","161712","2.2344","START","GOAL","8-puzzle","Hidden"
"graph","depth","Success","4072","4072","4552","8166","0.0781","START","GOAL","8-puzzle","Hidden"
"graph","depth","Success","33816","33816","38224","67969","0.7188","START","GOAL","8-puzzle","Hidden"
"graph","depth","Success","41002","41002","139979","175928","2.6094","START","GOAL","8-puzzle","Hidden"
"graph","depth","Success","56564","56564","121476","170562","2.3281","START","GOAL","8-puzzle","Hidden"
"graph","depth","Success","59716","59716","70023","121697","1.2969","START","GOAL","8-puzzle","Hidden"
"graph","depth","Success","6274","6274","6999","12567","0.125","START","GOAL","8-puzzle","Hidden"
"graph","depth","Success","67160","67160","106384","163734","1.9688","START","GOAL","8-puzzle","Hidden"
"graph","depth","Success","66578","66578","81879","138815","1.5","START","GOAL","8-puzzle","Hidden"
"graph","depth","Success","67636","67636","83897","141595","1.5938","START","GOAL","8-puzzle","Hidden"
"graph","depth","Success","58884","58884","118732","169635","2.2969","START","GOAL","8-puzzle","Hidden"
"graph","depth","Success","69324","69324","90641","149728","1.6562","START","GOAL","8-puzzle","Hidden"
"graph","depth","Success","46906","46906","133253","174202","2.4844","START","GOAL","8-puzzle","Hidden"
"graph","depth","Success","68968","68968","101187","159857","1.9062","START","GOAL","8-puzzle","Hidden"
"graph","depth","Success","51648","51648","127688","172700","2.4062","START","GOAL","8-puzzle","Hidden"
"graph","depth","Success","21604","21604","24255","43384","0.4375","START","GOAL","8-puzzle","Hidden"
"graph","depth","Success","65216","65216","79047","134915","1.4844","START","GOAL","8-puzzle","Hidden"
"graph","depth","Success","12104","12104","13503","24226","0.2344","START","GOAL","8-puzzle","Hidden"
"graph","depth","Success","69356","69356","88792","147896","1.6562","START","GOAL","8-puzzle","Hidden"
"graph","depth","Success","55930","55930","122590","171020","2.2031","START","GOAL","8-puzzle","Hidden"
"graph","depth","Success","30072","30072","33795","60311","0.5781","START","GOAL","8-puzzle","Hidden"
"graph","depth","Success","40090","40090","140896","176097","2.5938","START","GOAL","8-puzzle","Hidden"
"graph","depth","Success","17050","17050","19092","34198","0.3594","START","GOAL","8-puzzle","Hidden"
"graph","depth","Success","48774","48774","55816","98430","1.0625","START","GOAL","8-puzzle","Hidden"
"graph","depth","Success","67032","67032","106093","163340","1.9688","START","GOAL","8-puzzle","Hidden"
"graph","depth","Success","69406","69406","99708","158723","1.8438","START","GOAL","8-puzzle","Hidden"
"graph","depth","Success","50826","50826","128651","172973","2.5","START","GOAL","8-puzzle","Hidden"
"graph","depth","Success","49382","49382","130580","173591","2.3594","START","GOAL","8-puzzle","Hidden"
"graph","depth","Success","69228","69228","87829","146861","1.5938","START","GOAL","8-puzzle","Hidden"
"graph","depth","Success","68078","68078","102951","161131","1.9375","START","GOAL","8-puzzle","Hidden"
"graph","depth","Success","30254","30254","34061","60768","0.6406","START","GOAL","8-puzzle","Hidden"
"graph","depth","Success","57894","57894","119757","169947","2.2031","START","GOAL","8-puzzle","Hidden"
"graph","depth","Success","9484","9484","10587","19002","0.1875","START","GOAL","8-puzzle","Hidden"
"graph","depth","Success","16614","16614","165635","180336","3.0625","START","GOAL","8-puzzle","Hidden"
"graph","depth","Success","18630","18630","20849","37331","0.3906","START","GOAL","8-puzzle","Hidden"
"graph","depth","Success","5438","5438","6070","10897","0.125","START","GOAL","8-puzzle","Hidden"
"graph","depth","Success","57108","57108","66382","115922","1.1875","START","GOAL","8-puzzle","Hidden"
"graph","depth","Success","59870","59870","70753","122441","1.25","START","GOAL","8-puzzle","Hidden"
"graph","depth","Success","64504","64504","77925","133257","1.3906","START","GOAL","8-puzzle","Hidden"
"graph","depth","Success","70178","70178","91190","150745","2.1562","START","GOAL","8-puzzle","Hidden"
"graph","depth","Success","69740","69740","94413","153778","1.7969","START","GOAL","8-puzzle","Hidden"
"graph","depth","Success","63720","63720","111315","166188","2.1719","START","GOAL","8-puzzle","Hidden"
"graph","depth","Success","40226","40226","140743","176060","2.6094","START","GOAL","8-puzzle","Hidden"
"graph","depth","Success","36942","36942","144466","176983","2.6719","START","GOAL","8-puzzle","Hidden"
"graph","depth","Success","18812","18812","21087","37738","0.3594","START","GOAL","8-puzzle","Hidden"
"graph","depth","Success","51262","51262","128345","172923","2.3594","START","GOAL","8-puzzle","Hidden"
"graph","depth","Success","53690","53690","61981","108689","1.1719","START","GOAL","8-puzzle","Hidden"
"graph","depth","Success","66142","66142","107271","163987","2.0312","START","GOAL","8-puzzle","Hidden"
"graph","depth","Success","50054","50054","129756","173338","2.4062","START","GOAL","8-puzzle","Hidden"
"graph","depth","Success","69120","69120","89218","148032","1.6562","START","GOAL","8-puzzle","Hidden"
"graph","depth","Success","53896","53896","62331","109155","1.2188","START","GOAL","8-puzzle","Hidden"
"graph","depth","Success","58722","58722","68866","119600","1.2812","START","GOAL","8-puzzle","Hidden"
"graph","depth","Success","34750","34750","39177","69756","0.7188","START","GOAL","8-puzzle","Hidden"
"graph","depth","Success","68234","68234","103387","161539","1.9531","START","GOAL","8-puzzle","Hidden"
"graph","depth","Success","68866","68866","101174","159787","1.875","START","GOAL","8-puzzle","Hidden"
"graph","depth","Success","37814","37814","143520","176737","2.6406","START","GOAL","8-puzzle","Hidden"
"graph","depth","Success","34492","34492","38873","69230","0.7344","START","GOAL","8-puzzle","Hidden"
"graph","depth","Success","60860","60860","116089","168571","2.2031","START","GOAL","8-puzzle","Hidden"
"graph","depth","Success","51086","51086","128344","172878","2.375","START","GOAL","8-puzzle","Hidden"
"graph","depth","Success","43372","43372","49271","87289","0.9219","START","GOAL","8-puzzle","Hidden"
"graph","depth","Success","41584","41584","47172","83635","0.9062","START","GOAL","8-puzzle","Hidden"
"graph","depth","Success","12894","12894","14390","25810","0.25","START","GOAL","8-puzzle","Hidden"
"graph","depth","Success","68002","68002","103079","161199","1.9844","START","GOAL","8-puzzle","Hidden"
"graph","depth","Success","70072","70072","92843","152326","1.7812","START","GOAL","8-puzzle","Hidden"
"graph","depth","Success","64678","64678","109618","165232","2.0156","START","GOAL","8-puzzle","Hidden"
"graph","depth","Success","29826","29826","152142","178476","2.7969","START","GOAL","8-puzzle","Hidden"
"graph","depth","Success","22444","22444","25167","45014","0.4375","START","GOAL","8-puzzle","Hidden"
"graph","depth","Success","68784","68784","101499","160054","1.9219","START","GOAL","8-puzzle","Hidden"
"graph","depth","Success","69074","69074","87359","146268","1.625","START","GOAL","8-puzzle","Hidden"
"graph","depth","Success","43280","43280","49158","87103","0.9219","START","GOAL","8-puzzle","Hidden"
"graph","depth","Success","56854","56854","66148","115387","1.1719","START","GOAL","8-puzzle","Hidden"
"graph","depth","Success","58858","58858","118510","169491","2.1875","START","GOAL","8-puzzle","Hidden"
"graph","depth","Success","55368","55368","122963","171067","2.2344","START","GOAL","8-puzzle","Hidden"
"graph","depth","Success","61002","61002","115915","168507","2.5","START","GOAL","8-puzzle","Hidden"
"graph","depth","Success","65290","65290","78737","134831","1.5938","START","GOAL","8-puzzle","Hidden"
"graph","depth","Success","53524","53524","125437","172000","2.4688","START","GOAL","8-puzzle","Hidden"
"graph","depth","Success","61052","61052","116053","168692","2.1875","START","GOAL","8-puzzle","Hidden"
"graph","depth","Success","45690","45690","134621","174584","2.5781","START","GOAL","8-puzzle","Hidden"
"graph","depth","Success","69740","69740","94602","153964","1.8125","START","GOAL","8-puzzle","Hidden"
"graph","depth","Success","44328","44328","50424","89256","0.9688","START","GOAL","8-puzzle","Hidden"
"graph","depth","Success","39150","39150","141911","176302","2.6719","START","GOAL","8-puzzle","Hidden"
"graph","depth","Success","68150","68150","103361","161475","1.8906","START","GOAL","8-puzzle","Hidden"
"graph","depth","Success","26254","26254","29460","52646","0.4844","START","GOAL","8-puzzle","Hidden"
"graph","depth","Success","66086","66086","80704","137386","1.5","START","GOAL","8-puzzle","Hidden"
"graph","depth","Success","53282","53282","61692","107948","1.1406","START","GOAL","8-puzzle","Hidden"
"graph","depth","Success","63572","63572","76257","130837","1.4531","START","GOAL","8-puzzle","Hidden"
"graph","depth","Success","44478","44478","50600","89497","0.9219","START","GOAL","8-puzzle","Hidden"
"graph","depth","Success","66330","66330","106881","163746","2.0781","START","GOAL","8-puzzle","Hidden"
"graph","depth","Success","66782","66782","82321","139391","1.6562","START","GOAL","8-puzzle","Hidden"
"graph","depth","Success","26124","26124","29313","52382","0.5625","START","GOAL","8-puzzle","Hidden"
"graph","depth","Success","40570","40570","140469","176046","2.7188","START","GOAL","8-puzzle","Hidden"
"graph","depth","Success","36906","36906","41692","74130","0.7812","START","GOAL","8-puzzle","Hidden"
"graph","depth","Success","65390","65390","108615","164777","2.1875","START","GOAL","8-puzzle","Hidden"
"graph","depth","Success","37464","37464","143783","176713","2.7656","START","GOAL","8-puzzle","Hidden"
"graph","depth","Success","68510","68510","101534","160038","2.0312","START","GOAL","8-puzzle","Hidden"
"graph","depth","Success","9112","9112","10155","18229","0.1875","START","GOAL","8-puzzle","Hidden"
"graph","depth","Success","37694","37694","143650","176767","2.7812","START","GOAL","8-puzzle","Hidden"
"graph","depth","Success","30270","30270","151662","178380","2.875","START","GOAL","8-puzzle","Hidden"
"graph","depth","Success","44412","44412","136138","175002","2.6875","START","GOAL","8-puzzle","Hidden"
"graph","depth","Success","64052","64052","76474","131601","1.5","START","GOAL","8-puzzle","Hidden"
"graph","depth","Success","13926","13926","168275","180611","3.2188","START","GOAL","8-puzzle","Hidden"
"graph","depth","Success","12128","12128","13573","24336","0.25","START","GOAL","8-puzzle","Hidden"
"graph","depth","Success","47968","47968","54845","96767","1.0625","START","GOAL","8-puzzle","Hidden"
"graph","depth","Success","63178","63178","112929","167228","2.2031","START","GOAL","8-puzzle","Hidden"
"graph","depth","Success","39226","39226","141936","176403","2.7656","START","GOAL","8-puzzle","Hidden"
"graph","depth","Success","59250","59250","69198","120496","1.6875","START","GOAL","8-puzzle","Hidden"
"graph","depth","Success","64410","64410","110987","166250","2.8125","START","GOAL","8-puzzle","Hidden"
"graph","depth","Success","53132","53132","125852","172042","2.5469","START","GOAL","8-puzzle","Hidden"
"graph","depth","Success","68994","68994","98960","157806","1.9688","START","GOAL","8-puzzle","Hidden"
"graph","depth","Success","50244","50244","57685","101468","1.1406","START","GOAL","8-puzzle","Hidden"
"graph","depth","Success","69750","69750","98269","157545","2.0","START","GOAL","8-puzzle","Hidden"
"graph","depth","Success","62942","62942","113236","167319","2.1719","START","GOAL","8-puzzle","Hidden"
"graph","depth","Success","50664","50664","128856","173038","2.5","START","GOAL","8-puzzle","Hidden"
"graph","depth","Success","6240","6240","6945","12473","0.125","START","GOAL","8-puzzle","Hidden"
"graph","depth","Success","64078","64078","111699","166694","2.1719","START","GOAL","8-puzzle","Hidden"
"graph","depth","Success","62406","62406","74604","128303","1.4219","START","GOAL","8-puzzle","Hidden"
"graph","depth","Success","25552","25552","156649","179229","2.8281","START","GOAL","8-puzzle","Hidden"
"graph","depth","Success","10498","10498","171635","180936","3.0156","START","GOAL","8-puzzle","Hidden"
"graph","depth","Success","10564","10564","11820","21197","0.2031","START","GOAL","8-puzzle","Hidden"
"graph","depth","Success","66110","66110","80746","137334","1.5","START","GOAL","8-puzzle","Hidden"
"graph","depth","Success","14920","14920","16665","29878","0.2812","START","GOAL","8-puzzle","Hidden"
"graph","depth","Success","69586","69586","95839","154990","1.7188","START","GOAL","8-puzzle","Hidden"
"graph","depth","Success","60314","60314","70769","122928","1.3281","START","GOAL","8-puzzle","Hidden"
"graph","depth","Success","30462","30462","34321","61173","0.5938","START","GOAL","8-puzzle","Hidden"
"graph","depth","Success","11864","11864","170296","180811","3.1406","START","GOAL","8-puzzle","Hidden"
"graph","depth","Success","13264","13264","168936","180686","3.0156","START","GOAL","8-puzzle","Hidden"
"graph","depth","Success","48748","48748","131305","173799","2.4531","START","GOAL","8-puzzle","Hidden"
"graph","depth","Success","62646","62646","113745","167633","2.1875","START","GOAL","8-puzzle","Hidden"
"graph","depth","Success","8090","8090","9053","16234","0.1719","START","GOAL","8-puzzle","Hidden"
"graph","depth","Success","66030","66030","108360","164880","2.0781","START","GOAL","8-puzzle","Hidden"
"graph","depth","Success","64156","64156","76694","131900","1.4688","START","GOAL","8-puzzle","Hidden"
"graph","depth","Success","19080","19080","21388","38274","0.4219","START","GOAL","8-puzzle","Hidden"
"graph","depth","Success","67250","67250","105697","163108","2.0312","START","GOAL","8-puzzle","Hidden"
"graph","depth","Success","69720","69720","97803","157035","1.875","START","GOAL","8-puzzle","Hidden"
"graph","depth","Success","46560","46560","53153","93830","1.0","START","GOAL","8-puzzle","Hidden"
"graph","depth","Success","69296","69296","89483","148431","1.7188","START","GOAL","8-puzzle","Hidden"
"graph","depth","Success","60260","60260","71254","123257","1.3125","START","GOAL","8-puzzle","Hidden"
"graph","depth","Success","50910","50910","58462","102855","1.0938","START","GOAL","8-puzzle","Hidden"
"graph","depth","Success","38758","38758","43896","77955","0.7969","START","GOAL","8-puzzle","Hidden"
"graph","depth","Success","62566","62566","74622","128401","1.3594","START","GOAL","8-puzzle","Hidden"
"graph","depth","Success","69750","69750","98333","157605","2.1562","START","GOAL","8-puzzle","Hidden"
"graph","depth","Success","69246","69246","97377","156413","1.9375","START","GOAL","8-puzzle","Hidden"
"graph","depth","Success","53664","53664","61952","108639","1.1875","START","GOAL","8-puzzle","Hidden"
"graph","depth","Success","26288","26288","29513","52741","0.5469","START","GOAL","8-puzzle","Hidden"
"graph","depth","Success","55694","55694","64568","112945","1.2656","START","GOAL","8-puzzle","Hidden"
"graph","depth","Success","49526","49526","130243","173410","2.4062","START","GOAL","8-puzzle","Hidden"
"graph","depth","Success","66558","66558","107157","164064","1.9688","START","GOAL","8-puzzle","Hidden"
"graph","depth","Success","69396","69396","91377","150379","1.7188","START","GOAL","8-puzzle","Hidden"
"graph","depth","Success","25182","25182","157028","179289","3.0156","START","GOAL","8-puzzle","Hidden"
"graph","depth","Success","62380","62380","73735","127562","1.4688","START","GOAL","8-puzzle","Hidden"
"graph","depth","Success","61672","61672","115112","168173","2.2031","START","GOAL","8-puzzle","Hidden"
"graph","depth","Success","66752","66752","82447","139503","1.5","START","GOAL","8-puzzle","Hidden"
"graph","depth","Success","566","566","629","1131","0.0156","START","GOAL","8-puzzle","Hidden"
"graph","depth","Success","51280","51280","59117","103712","1.0938","START","GOAL","8-puzzle","Hidden"
"graph","depth","Success","63340","63340","112633","167023","2.0781","START","GOAL","8-puzzle","Hidden"
"graph","depth","Success","69910","69910","92290","151681","1.8281","START","GOAL","8-puzzle","Hidden"
"graph","depth","Success","18870","18870","163480","180196","2.875","START","GOAL","8-puzzle","Hidden"
"graph","depth","Success","5558","5558","6216","11147","0.0938","START","GOAL","8-puzzle","Hidden"
"graph","depth","Success","52290","52290","60213","105708","1.0781","START","GOAL","8-puzzle","Hidden"
"graph","depth","Success","7836","7836","174164","181105","3.1562","START","GOAL","8-puzzle","Hidden"
"graph","depth","Success","35810","35810","40435","71926","0.75","START","GOAL","8-puzzle","Hidden"
"graph","depth","Success","61770","61770","114992","168135","2.1094","START","GOAL","8-puzzle","Hidden"
"graph","depth","Success","58446","58446","119488","170004","2.3281","START","GOAL","8-puzzle","Hidden"
"graph","depth","Success","558","558","608","1095","0.0156","START","GOAL","8-puzzle","Hidden"
"graph","depth","Success","26198","26198","155826","178950","2.8906","START","GOAL","8-puzzle","Hidden"
"graph","depth","Success","68984","68984","99123","157962","1.8906","START","GOAL","8-puzzle","Hidden"
"graph","depth","Success","38206","38206","143087","176682","2.7031","START","GOAL","8-puzzle","Hidden"
"graph","depth","Success","66232","66232","80982","137658","1.5625","START","GOAL","8-puzzle","Hidden"
"graph","depth","Success","64406","64406","111164","166411","2.0625","START","GOAL","8-puzzle","Hidden"
"graph","depth","Success","19116","19116","21428","38345","0.3906","START","GOAL","8-puzzle","Hidden"
"graph","depth","Success","47334","47334","132886","174206","2.5","START","GOAL","8-puzzle","Hidden"
"graph","depth","Success","34118","34118","38446","68482","0.6562","START","GOAL","8-puzzle","Hidden"
"graph","depth","Success","69104","69104","100631","159412","1.8906","START","GOAL","8-puzzle","Hidden"
"graph","depth","Success","15404","15404","166880","180528","3.0469","START","GOAL","8-puzzle","Hidden"
"graph","depth","Success","64650","64650","109785","165382","2.4062","START","GOAL","8-puzzle","Hidden"
"graph","depth","Success","65998","65998","108188","164659","2.1719","START","GOAL","8-puzzle","Hidden"
"graph","depth","Success","58592","58592","68689","119314","1.2812","START","GOAL","8-puzzle","Hidden"
"graph","depth","Success","68812","68812","86616","145326","1.625","START","GOAL","8-puzzle","Hidden"
"graph","depth","Success","17050","17050","19092","34198","0.3281","START","GOAL","8-puzzle","Hidden"
"graph","depth","Success","44416","44416","136133","175001","2.5625","START","GOAL","8-puzzle","Hidden"
"graph","depth","Success","69204","69204","89880","148890","1.7031","START","GOAL","8-puzzle","Hidden"
"graph","depth","Success","26760","26760","30050","53668","0.5625","START","GOAL","8-puzzle","Hidden"
"graph","depth","Success","56330","56330","121966","170786","2.2031","START","GOAL","8-puzzle","Hidden"
"graph","depth","Success","68818","68818","86666","145390","1.6094","START","GOAL","8-puzzle","Hidden"
"graph","depth","Success","53332","53332","125613","172024","2.3438","START","GOAL","8-puzzle","Hidden"
"graph","depth","Success","67446","67446","105368","162950","2.0938","START","GOAL","8-puzzle","Hidden"
"graph","depth","Success","32500","32500","149174","177799","2.5938","START","GOAL","8-puzzle","Hidden"
"graph","depth","Success","42926","42926","137757","175390","2.5312","START","GOAL","8-puzzle","Hidden"
"graph","depth","Success","21210","21210","161105","179884","2.8906","START","GOAL","8-puzzle","Hidden"
"graph","depth","Success","63710","63710","111341","166202","2.0781","START","GOAL","8-puzzle","Hidden"
"graph","depth","Success","23982","23982","26893","48085","0.4844","START","GOAL","8-puzzle","Hidden"
"graph","depth","Success","53162","53162","61328","107600","1.0781","START","GOAL","8-puzzle","Hidden"
"graph","depth","Success","32782","32782","148878","177751","2.6719","START","GOAL","8-puzzle","Hidden"
"graph","depth","Success","13060","13060","14576","26150","0.25","START","GOAL","8-puzzle","Hidden"
"graph","depth","Success","33354","33354","37578","66948","0.6719","START","GOAL","8-puzzle","Hidden"
"graph","depth","Success","54774","54774","123868","171414","2.3125","START","GOAL","8-puzzle","Hidden"
"graph","depth","Success","1414","1414","1578","2837","0.0156","START","GOAL","8-puzzle","Hidden"
"graph","depth","Success","10162","10162","11366","20386","0.2031","START","GOAL","8-puzzle","Hidden"
"graph","depth","Success","69664","69664","93183","152491","1.7344","START","GOAL","8-puzzle","Hidden"
"graph","depth","Success","67922","67922","103979","161923","1.8906","START","GOAL","8-puzzle","Hidden"
"graph","depth","Success","68970","68970","99194","158022","1.9375","START","GOAL","8-puzzle","Hidden"
"graph","depth","Success","25872","25872","156170","179004","2.75","START","GOAL","8-puzzle","Hidden"
"graph","depth","Success","54820","54820","123817","171399","2.3281","START","GOAL","8-puzzle","Hidden"
"graph","depth","Success","32974","32974","148801","177821","2.8281","START","GOAL","8-puzzle","Hidden"
"graph","depth","Success","30476","30476","34316","61214","0.6406","START","GOAL","8-puzzle","Hidden"
"graph","depth","Success","23018","23018","25813","46169","0.5","START","GOAL","8-puzzle","Hidden"
"graph","depth","Success","49398","49398","130401","173464","2.5469","START","GOAL","8-puzzle","Hidden"
"graph","depth","Success","44272","44272","136244","175026","2.5469","START","GOAL","8-puzzle","Hidden"
"graph","depth","Success","50634","50634","128893","173050","2.875","START","GOAL","8-puzzle","Hidden"
"graph","depth","Success","66738","66738","82146","139326","1.9219","START","GOAL","8-puzzle","Hidden"
"graph","depth","Success","34504","34504","38886","69254","0.7656","START","GOAL","8-puzzle","Hidden"
"graph","depth","Success","69756","69756","97611","156870","1.9844","START","GOAL","8-puzzle","Hidden"
"graph","depth","Success","31096","31096","34988","62399","0.75","START","GOAL","8-puzzle","Hidden"
"graph","depth","Success","52630","52630","60863","106577","1.2344","START","GOAL","8-puzzle","Hidden"
"graph","depth","Success","66120","66120","80761","137357","1.6562","START","GOAL","8-puzzle","Hidden"
"graph","depth","Success","57788","57788","119920","170017","2.3906","START","GOAL","8-puzzle","Hidden"
"graph","depth","Success","34684","34684","146914","177421","2.8594","START","GOAL","8-puzzle","Hidden"
"graph","depth","Success","34574","34574","146921","177352","2.8594","START","GOAL","8-puzzle","Hidden"
"graph","depth","Success","14800","14800","167488","180606","3.2188","START","GOAL","8-puzzle","Hidden"
"graph","depth","Success","42420","42420","138386","175533","2.6875","START","GOAL","8-puzzle","Hidden"
"graph","depth","Success","44268","44268","50350","89132","0.9844","START","GOAL","8-puzzle","Hidden"
"graph","depth","Success","57456","57456","120334","170154","2.3438","START","GOAL","8-puzzle","Hidden"
"graph","depth","Success","43326","43326","49214","87199","0.9531","START","GOAL","8-puzzle","Hidden"
"graph","depth","Success","39650","39650","141376","176191","2.75","START","GOAL","8-puzzle","Hidden"
"graph","depth","Success","27240","27240","30594","54638","0.6094","START","GOAL","8-puzzle","Hidden"
"graph","depth","Success","49344","49344","130464","173485","2.5469","START","GOAL","8-puzzle","Hidden"
"graph","depth","Success","59608","59608","70268","121742","1.375","START","GOAL","8-puzzle","Hidden"
"graph","depth","Success","64904","64904","109453","165240","2.25","START","GOAL","8-puzzle","Hidden"
"graph","depth","Success","70010","70010","95026","154493","1.8594","START","GOAL","8-puzzle","Hidden"
"graph","depth","Success","17386","17386","164934","180338","3.1094","START","GOAL","8-puzzle","Hidden"
"graph","depth","Success","61540","61540","114596","167722","2.25","START","GOAL","8-puzzle","Hidden"
"graph","depth","Success","59438","59438","118009","169349","2.2969","START","GOAL","8-puzzle","Hidden"
"graph","depth","Success","65444","65444","79735","135788","1.6094","START","GOAL","8-puzzle","Hidden"
"graph","depth","Success","61390","61390","115538","168381","2.2969","START","GOAL","8-puzzle","Hidden"
"graph","depth","Success","39022","39022","142053","176331","2.7812","START","GOAL","8-puzzle","Hidden"
"graph","depth","Success","39360","39360","44539","79110","0.8438","START","GOAL","8-puzzle","Hidden"
"graph","depth","Success","11924","11924","13301","23867","0.25","START","GOAL","8-puzzle","Hidden"
"graph","depth","Success","35648","35648","145749","177114","2.7344","START","GOAL","8-puzzle","Hidden"
"graph","depth","Success","70158","70158","91580","151127","2.3125","START","GOAL","8-puzzle","Hidden"
"graph","depth","Success","59168","59168","118335","169453","2.2656","START","GOAL","8-puzzle","Hidden"
"graph","depth","Success","65828","65828","107752","164229","2.1094","START","GOAL","8-puzzle","Hidden"
"graph","depth","Success","69962","69962","97346","156774","1.8125","START","GOAL","8-puzzle","Hidden"
"graph","depth","Success","25930","25930","29117","52027","0.5156","START","GOAL","8-puzzle","Hidden"
"graph","depth","Success","19992","19992","22394","40076","0.375","START","GOAL","8-puzzle","Hidden"
"graph","depth","Success","59600","59600","70280","121747","1.2656","START","GOAL","8-puzzle","Hidden"
"graph","depth","Success","65076","65076","110091","165852","2.0312","START","GOAL","8-puzzle","Hidden"
"graph","depth","Success","64952","64952","78492","134163","1.4219","START","GOAL","8-puzzle","Hidden"
"graph","depth","Success","39232","39232","141941","176382","2.5156","START","GOAL","8-puzzle","Hidden"
"graph","depth","Success","66150","66150","80871","137458","1.4531","START","GOAL","8-puzzle","Hidden"
"graph","depth","Success","43468","43468","137162","175194","2.5156","START","GOAL","8-puzzle","Hidden"
"graph","depth","Success","70140","70140","96363","155923","1.7656","START","GOAL","8-puzzle","Hidden"
"graph","depth","Success","69256","69256","100206","159104","1.9062","START","GOAL","8-puzzle","Hidden"
"graph","depth","Success","46130","46130","52619","92946","0.9375","START","GOAL","8-puzzle","Hidden"
"graph","depth","Success","65474","65474","79519","135595","1.5312","START","GOAL","8-puzzle","Hidden"
"graph","depth","Success","29788","29788","152195","178469","2.7031","START","GOAL","8-puzzle","Hidden"
"graph","depth","Success","38478","38478","142673","176476","2.7031","START","GOAL","8-puzzle","Hidden"
"graph","depth","Success","64816","64816","110324","165880","2.0156","START","GOAL","8-puzzle","Hidden"
"graph","depth","Success","57144","57144","120929","170415","2.2188","START","GOAL","8-puzzle","Hidden"
"graph","depth","Success","5082","5082","5683","10195","0.0938","START","GOAL","8-puzzle","Hidden"
"graph","depth","Success","10100","10100","11300","20266","0.2031","START","GOAL","8-puzzle","Hidden"
"graph","depth","Success","57758","57758","120362","170311","2.3125","START","GOAL","8-puzzle","Hidden"
