"Framework","Strategy","Status","Cost","Depth","Nodes(exp)","Nodes(gen)","Runtime","start","goal","Problem","Solution"
"graph","breadth","Success","2.41","2","15","33","0.0","(124, 256)","(125, 258)","./example/gridmap/arena2.map","Hidden"
"graph","breadth","Success","3.82","3","44","72","0.0156","(159, 99)","(162, 101)","./example/gridmap/arena2.map","Hidden"
"graph","breadth","Success","3.41","3","28","52","0.0","(130, 112)","(131, 109)","./example/gridmap/arena2.map","Hidden"
"graph","breadth","Success","2.41","2","14","23","0.0","(94, 101)","(93, 103)","./example/gridmap/arena2.map","Hidden"
"graph","breadth","Success","2.41","2","21","43","0.0","(58, 111)","(60, 110)","./example/gridmap/arena2.map","Hidden"
"graph","breadth","Success","3.82","3","34","55","0.0","(83, 93)","(80, 95)","./example/gridmap/arena2.map","Hidden"
"graph","breadth","Success","3.82","3","29","53","0.0","(48, 262)","(46, 259)","./example/gridmap/arena2.map","Hidden"
"graph","breadth","Success","2.41","2","12","28","0.0","(39, 270)","(40, 268)","./example/gridmap/arena2.map","Hidden"
"graph","breadth","Success","1","1","5","17","0.0","(101, 237)","(102, 237)","./example/gridmap/arena2.map","Hidden"
"graph","breadth","Success","1","1","2","5","0.0","(178, 274)","(178, 273)","./example/gridmap/arena2.map","Hidden"
"graph","breadth","Success","6.64","5","77","104","0.0","(99, 102)","(104, 98)","./example/gridmap/arena2.map","Hidden"
"graph","breadth","Success","4","4","71","107","0.0","(113, 69)","(117, 69)","./example/gridmap/arena2.map","Hidden"
"graph","breadth","Success","7","7","181","221","0.0","(138, 256)","(131, 256)","./example/gridmap/arena2.map","Hidden"
"graph","breadth","Success","7.2299999999999995","6","110","150","0.0","(123, 118)","(126, 112)","./example/gridmap/arena2.map","Hidden"
"graph","breadth","Success","6.41","6","100","141","0.0","(128, 141)","(129, 147)","./example/gridmap/arena2.map","Hidden"
"graph","breadth","Success","5.2299999999999995","4","77","115","0.0156","(40, 140)","(44, 137)","./example/gridmap/arena2.map","Hidden"
"graph","breadth","Success","7.2299999999999995","6","104","125","0.0","(53, 239)","(50, 245)","./example/gridmap/arena2.map","Hidden"
"graph","breadth","Success","4","4","48","74","0.0","(143, 164)","(143, 160)","./example/gridmap/arena2.map","Hidden"
"graph","breadth","Success","5.64","4","79","117","0.0","(73, 170)","(69, 174)","./example/gridmap/arena2.map","Hidden"
"graph","breadth","Success","6.41","6","65","88","0.0","(123, 264)","(122, 258)","./example/gridmap/arena2.map","Hidden"
"graph","breadth","Success","10.41","10","369","435","0.0156","(91, 82)","(101, 81)","./example/gridmap/arena2.map","Hidden"
"graph","breadth","Success","11.28","8","234","290","0.0156","(98, 108)","(106, 116)","./example/gridmap/arena2.map","Hidden"
"graph","breadth","Success","11.87","9","202","223","0.0","(139, 194)","(132, 185)","./example/gridmap/arena2.map","Hidden"
"graph","breadth","Success","10.87","8","277","338","0.0156","(90, 196)","(98, 189)","./example/gridmap/arena2.map","Hidden"
"graph","breadth","Success","10.23","9","312","386","0.0","(144, 268)","(141, 277)","./example/gridmap/arena2.map","Hidden"
"graph","breadth","Success","9.82","9","192","232","0.0156","(91, 263)","(100, 263)","./example/gridmap/arena2.map","Hidden"
"graph","breadth","Success","10.41","10","386","472","0.0156","(87, 122)","(97, 123)","./example/gridmap/arena2.map","Hidden"
"graph","breadth","Success","10","10","300","349","0.0","(136, 168)","(136, 178)","./example/gridmap/arena2.map","Hidden"
"graph","breadth","Success","10.459999999999999","8","263","330","0.0156","(43, 150)","(51, 144)","./example/gridmap/arena2.map","Hidden"
"graph","breadth","Success","9.82","9","280","329","0.0","(39, 130)","(31, 133)","./example/gridmap/arena2.map","Hidden"
"graph","breadth","Success","14.87","12","523","617","0.0156","(113, 192)","(106, 180)","./example/gridmap/arena2.map","Hidden"
"graph","breadth","Success","15.459999999999999","13","427","487","0.0","(166, 221)","(153, 227)","./example/gridmap/arena2.map","Hidden"
"graph","breadth","Success","15.639999999999999","14","635","720","0.0312","(49, 161)","(45, 147)","./example/gridmap/arena2.map","Hidden"
"graph","breadth","Success","15.639999999999999","14","532","594","0.0156","(74, 270)","(60, 274)","./example/gridmap/arena2.map","Hidden"
"graph","breadth","Success","15.05","13","609","686","0.0156","(157, 126)","(170, 121)","./example/gridmap/arena2.map","Hidden"
"graph","breadth","Success","14.639999999999999","13","659","747","0.0156","(95, 202)","(82, 206)","./example/gridmap/arena2.map","Hidden"
"graph","breadth","Success","14.64","13","440","501","0.0156","(132, 183)","(128, 196)","./example/gridmap/arena2.map","Hidden"
"graph","breadth","Success","12.82","12","466","532","0.0156","(167, 121)","(169, 133)","./example/gridmap/arena2.map","Hidden"
"graph","breadth","Success","15.41","15","457","512","0.0156","(164, 90)","(165, 105)","./example/gridmap/arena2.map","Hidden"
"graph","breadth","Success","12.87","10","395","477","0.0156","(189, 256)","(196, 266)","./example/gridmap/arena2.map","Hidden"
"graph","breadth","Success","16.689999999999998","13","662","770","0.0156","(49, 129)","(36, 138)","./example/gridmap/arena2.map","Hidden"
"graph","breadth","Success","18.82","18","856","942","0.0312","(154, 254)","(136, 256)","./example/gridmap/arena2.map","Hidden"
"graph","breadth","Success","16.919999999999998","12","515","591","0.0156","(50, 95)","(38, 107)","./example/gridmap/arena2.map","Hidden"
"graph","breadth","Success","16.459999999999997","14","414","466","0.0156","(72, 161)","(78, 175)","./example/gridmap/arena2.map","Hidden"
"graph","breadth","Success","19.82","19","1179","1292","0.0312","(92, 117)","(94, 136)","./example/gridmap/arena2.map","Hidden"
"graph","breadth","Success","19.33","14","801","895","0.0156","(67, 264)","(81, 251)","./example/gridmap/arena2.map","Hidden"
"graph","breadth","Success","16.049999999999997","14","470","509","0.0156","(18, 128)","(13, 114)","./example/gridmap/arena2.map","Hidden"
"graph","breadth","Success","18.64","17","643","700","0.0469","(135, 167)","(139, 184)","./example/gridmap/arena2.map","Hidden"
"graph","breadth","Success","19.869999999999997","17","1054","1168","0.0469","(95, 82)","(102, 99)","./example/gridmap/arena2.map","Hidden"
"graph","breadth","Success","16.099999999999998","12","317","363","0.0","(67, 128)","(77, 116)","./example/gridmap/arena2.map","Hidden"
"graph","breadth","Success","23.74","18","1030","1105","0.0312","(149, 169)","(131, 183)","./example/gridmap/arena2.map","Hidden"
"graph","breadth","Success","23.64","22","958","1034","0.0312","(75, 172)","(79, 194)","./example/gridmap/arena2.map","Hidden"
"graph","breadth","Success","21.509999999999998","17","905","986","0.0312","(154, 167)","(137, 156)","./example/gridmap/arena2.map","Hidden"
"graph","breadth","Success","23.049999999999997","21","1275","1390","0.0469","(122, 200)","(117, 179)","./example/gridmap/arena2.map","Hidden"
"graph","breadth","Success","23.23","22","1314","1424","0.0312","(150, 105)","(153, 83)","./example/gridmap/arena2.map","Hidden"
"graph","breadth","Success","22.099999999999998","18","710","808","0.0312","(124, 179)","(114, 161)","./example/gridmap/arena2.map","Hidden"
"graph","breadth","Success","20.279999999999998","17","930","989","0.0312","(159, 156)","(151, 139)","./example/gridmap/arena2.map","Hidden"
"graph","breadth","Success","22.869999999999997","20","1378","1520","0.0312","(105, 84)","(85, 77)","./example/gridmap/arena2.map","Hidden"
"graph","breadth","Success","21.099999999999998","17","582","645","0.0312","(41, 95)","(58, 105)","./example/gridmap/arena2.map","Hidden"
"graph","breadth","Success","23.689999999999998","20","793","850","0.0156","(65, 238)","(74, 258)","./example/gridmap/arena2.map","Hidden"
"graph","breadth","Success","25.56","19","714","780","0.0312","(88, 172)","(104, 153)","./example/gridmap/arena2.map","Hidden"
"graph","breadth","Success","25.099999999999998","21","918","1003","0.0156","(207, 257)","(186, 267)","./example/gridmap/arena2.map","Hidden"
"graph","breadth","Success","27.28","24","1768","1889","0.0469","(96, 190)","(119, 181)","./example/gridmap/arena2.map","Hidden"
"graph","breadth","Success","24","24","1606","1695","0.0469","(140, 95)","(164, 95)","./example/gridmap/arena2.map","Hidden"
"graph","breadth","Success","24.869999999999997","22","1418","1524","0.0625","(94, 70)","(87, 92)","./example/gridmap/arena2.map","Hidden"
"graph","breadth","Success","27.41","27","1480","1588","0.0469","(121, 96)","(122, 69)","./example/gridmap/arena2.map","Hidden"
"graph","breadth","Success","27.33","22","1469","1550","0.0469","(104, 62)","(126, 75)","./example/gridmap/arena2.map","Hidden"
"graph","breadth","Success","26.049999999999997","24","1290","1384","0.0469","(82, 262)","(79, 238)","./example/gridmap/arena2.map","Hidden"
"graph","breadth","Success","27.279999999999998","24","1571","1667","0.0469","(88, 202)","(96, 178)","./example/gridmap/arena2.map","Hidden"
"graph","breadth","Success","27.56","21","1295","1393","0.0469","(147, 96)","(163, 117)","./example/gridmap/arena2.map","Hidden"
"graph","breadth","Success","28.82","28","1550","1654","0.0469","(70, 135)","(68, 107)","./example/gridmap/arena2.map","Hidden"
"graph","breadth","Success","30.69","27","1151","1211","0.0312","(101, 245)","(95, 219)","./example/gridmap/arena2.map","Hidden"
"graph","breadth","Success","28.509999999999998","24","1271","1306","0.0469","(138, 265)","(114, 254)","./example/gridmap/arena2.map","Hidden"
"graph","breadth","Success","29.82","29","1649","1720","0.0469","(73, 123)","(102, 123)","./example/gridmap/arena2.map","Hidden"
"graph","breadth","Success","31.23","30","2116","2213","0.0625","(38, 135)","(35, 105)","./example/gridmap/arena2.map","Hidden"
"graph","breadth","Success","30.69","27","1347","1454","0.0625","(100, 177)","(81, 182)","./example/gridmap/arena2.map","Hidden"
"graph","breadth","Success","29.869999999999997","27","2188","2278","0.0625","(102, 192)","(75, 199)","./example/gridmap/arena2.map","Hidden"
"graph","breadth","Success","27.97","21","1811","1955","0.0625","(105, 141)","(126, 158)","./example/gridmap/arena2.map","Hidden"
"graph","breadth","Success","29.099999999999998","25","1153","1220","0.0312","(100, 226)","(110, 201)","./example/gridmap/arena2.map","Hidden"
"graph","breadth","Success","28.279999999999998","25","1662","1785","0.0469","(129, 191)","(104, 199)","./example/gridmap/arena2.map","Hidden"
"graph","breadth","Success","33.41","33","3294","3526","0.0938","(103, 103)","(102, 136)","./example/gridmap/arena2.map","Hidden"
"graph","breadth","Success","35.63999999999999","34","1147","1188","0.0312","(179, 276)","(175, 242)","./example/gridmap/arena2.map","Hidden"
"graph","breadth","Success","32.15","26","2176","2330","0.0625","(114, 151)","(88, 136)","./example/gridmap/arena2.map","Hidden"
"graph","breadth","Success","33.50999999999999","29","2354","2488","0.0781","(115, 85)","(104, 56)","./example/gridmap/arena2.map","Hidden"
"graph","breadth","Success","35.83999999999999","26","1563","1647","0.0469","(60, 171)","(36, 145)","./example/gridmap/arena2.map","Hidden"
"graph","breadth","Success","35.14999999999999","29","2372","2483","0.0625","(116, 192)","(87, 207)","./example/gridmap/arena2.map","Hidden"
"graph","breadth","Success","33.739999999999995","28","2046","2150","0.0781","(102, 184)","(130, 198)","./example/gridmap/arena2.map","Hidden"
"graph","breadth","Success","33.199999999999996","25","1590","1699","0.0469","(82, 197)","(62, 172)","./example/gridmap/arena2.map","Hidden"
"graph","breadth","Success","33.51","29","1785","1907","0.0625","(82, 99)","(56, 113)","./example/gridmap/arena2.map","Hidden"
"graph","breadth","Success","34.83999999999999","25","1136","1224","0.0312","(70, 277)","(45, 253)","./example/gridmap/arena2.map","Hidden"
"graph","breadth","Success","37.27999999999999","34","2340","2415","0.0781","(53, 146)","(61, 112)","./example/gridmap/arena2.map","Hidden"
"graph","breadth","Success","39","39","3845","4026","0.125","(123, 183)","(123, 144)","./example/gridmap/arena2.map","Hidden"
"graph","breadth","Success","39.42999999999998","30","1529","1619","0.0469","(136, 165)","(166, 142)","./example/gridmap/arena2.map","Hidden"
"graph","breadth","Success","36.639999999999986","35","2778","2915","0.0781","(104, 66)","(100, 101)","./example/gridmap/arena2.map","Hidden"
"graph","breadth","Success","38.55999999999999","32","2116","2227","0.0781","(120, 106)","(100, 84)","./example/gridmap/arena2.map","Hidden"
"graph","breadth","Success","37.04999999999999","35","2683","2824","0.0781","(120, 65)","(85, 70)","./example/gridmap/arena2.map","Hidden"
"graph","breadth","Success","36.41","36","3881","4077","0.125","(107, 93)","(108, 129)","./example/gridmap/arena2.map","Hidden"
"graph","breadth","Success","39.639999999999986","38","2613","2700","0.0938","(41, 148)","(37, 110)","./example/gridmap/arena2.map","Hidden"
"graph","breadth","Success","36.19999999999999","28","1165","1229","0.0312","(170, 92)","(150, 120)","./example/gridmap/arena2.map","Hidden"
"graph","breadth","Success","38.14999999999999","32","1943","2033","0.0625","(73, 128)","(88, 160)","./example/gridmap/arena2.map","Hidden"
"graph","breadth","Success","41.55999999999998","35","2463","2595","0.0781","(77, 101)","(49, 124)","./example/gridmap/arena2.map","Hidden"
"graph","breadth","Success","42.14999999999997","36","2771","2970","0.0938","(124, 162)","(109, 126)","./example/gridmap/arena2.map","Hidden"
"graph","breadth","Success","43.29999999999997","31","2866","3013","0.0938","(99, 119)","(129, 150)","./example/gridmap/arena2.map","Hidden"
"graph","breadth","Success","41.86999999999998","39","714","749","0.0312","(13, 94)","(25, 128)","./example/gridmap/arena2.map","Hidden"
"graph","breadth","Success","43.60999999999997","35","2323","2407","0.0625","(64, 178)","(99, 199)","./example/gridmap/arena2.map","Hidden"
"graph","breadth","Success","43.639999999999986","42","3152","3249","0.0938","(135, 139)","(93, 143)","./example/gridmap/arena2.map","Hidden"
"graph","breadth","Success","43.06999999999997","32","2279","2374","0.0781","(167, 234)","(194, 266)","./example/gridmap/arena2.map","Hidden"
"graph","breadth","Success","40.14999999999998","34","3575","3814","0.125","(105, 101)","(79, 94)","./example/gridmap/arena2.map","Hidden"
"graph","breadth","Success","42.45999999999998","40","2724","2826","0.0781","(150, 118)","(144, 158)","./example/gridmap/arena2.map","Hidden"
"graph","breadth","Success","41.869999999999976","39","4192","4285","0.1406","(95, 140)","(134, 147)","./example/gridmap/arena2.map","Hidden"
"graph","breadth","Success","44.689999999999976","41","4798","5014","0.1406","(97, 97)","(106, 56)","./example/gridmap/arena2.map","Hidden"
"graph","breadth","Success","44.27999999999998","41","2185","2301","0.0625","(79, 163)","(95, 182)","./example/gridmap/arena2.map","Hidden"
"graph","breadth","Success","43.969999999999985","37","2386","2444","0.0781","(61, 151)","(44, 114)","./example/gridmap/arena2.map","Hidden"
"graph","breadth","Success","45.709999999999965","33","3045","3188","0.0938","(119, 149)","(86, 118)","./example/gridmap/arena2.map","Hidden"
"graph","breadth","Success","44.96999999999997","38","3011","3146","0.0938","(75, 91)","(112, 99)","./example/gridmap/arena2.map","Hidden"
"graph","breadth","Success","45.32999999999997","40","2834","2926","0.0938","(151, 115)","(162, 155)","./example/gridmap/arena2.map","Hidden"
"graph","breadth","Success","43.559999999999974","37","3679","3822","0.1094","(110, 118)","(93, 82)","./example/gridmap/arena2.map","Hidden"
"graph","breadth","Success","46.65999999999996","36","3092","3235","0.1094","(90, 155)","(116, 119)","./example/gridmap/arena2.map","Hidden"
"graph","breadth","Success","45.42999999999998","36","3154","3368","0.0781","(103, 166)","(67, 143)","./example/gridmap/arena2.map","Hidden"
"graph","breadth","Success","45.55999999999997","39","2499","2575","0.0781","(159, 134)","(175, 95)","./example/gridmap/arena2.map","Hidden"
"graph","breadth","Success","50.52999999999996","37","2516","2647","0.0938","(121, 60)","(88, 97)","./example/gridmap/arena2.map","Hidden"
"graph","breadth","Success","51.869999999999976","49","4816","4958","0.125","(122, 145)","(73, 152)","./example/gridmap/arena2.map","Hidden"
"graph","breadth","Success","49.55999999999996","43","3912","4042","0.125","(76, 184)","(118, 201)","./example/gridmap/arena2.map","Hidden"
"graph","breadth","Success","51.68999999999997","48","2962","3035","0.0938","(136, 251)","(88, 260)","./example/gridmap/arena2.map","Hidden"
"graph","breadth","Success","51.45999999999998","49","3520","3614","0.1094","(146, 125)","(152, 174)","./example/gridmap/arena2.map","Hidden"
"graph","breadth","Success","47.96999999999997","41","2553","2626","0.0781","(43, 102)","(84, 85)","./example/gridmap/arena2.map","Hidden"
"graph","breadth","Success","48.50999999999996","44","2423","2500","0.0781","(57, 78)","(101, 67)","./example/gridmap/arena2.map","Hidden"
"graph","breadth","Success","49.91999999999996","45","2804","2898","0.0938","(147, 78)","(102, 66)","./example/gridmap/arena2.map","Hidden"
"graph","breadth","Success","51.609999999999964","43","2334","2445","0.0625","(17, 130)","(60, 109)","./example/gridmap/arena2.map","Hidden"
"graph","breadth","Success","49.939999999999955","36","4100","4333","0.125","(107, 103)","(71, 137)","./example/gridmap/arena2.map","Hidden"
"graph","breadth","Success","52.91999999999996","48","5790","5939","0.1719","(109, 114)","(121, 66)","./example/gridmap/arena2.map","Hidden"
"graph","breadth","Success","52.50999999999999","48","5591","5803","0.1875","(119, 161)","(90, 191)","./example/gridmap/arena2.map","Hidden"
"graph","breadth","Success","55.869999999999976","53","4706","4863","0.1406","(131, 150)","(78, 143)","./example/gridmap/arena2.map","Hidden"
"graph","breadth","Success","53.09999999999997","49","5123","5234","0.1562","(112, 126)","(120, 93)","./example/gridmap/arena2.map","Hidden"
"graph","breadth","Success","52.47999999999995","41","5019","5236","0.1562","(98, 97)","(139, 125)","./example/gridmap/arena2.map","Hidden"
"graph","breadth","Success","55.81999999999999","55","3560","3669","0.1094","(159, 167)","(157, 112)","./example/gridmap/arena2.map","Hidden"
"graph","breadth","Success","54.55999999999996","48","3688","3858","0.125","(118, 102)","(84, 100)","./example/gridmap/arena2.map","Hidden"
"graph","breadth","Success","54.919999999999995","50","3850","3974","0.1094","(74, 128)","(84, 178)","./example/gridmap/arena2.map","Hidden"
"graph","breadth","Success","53.47999999999996","42","3136","3260","0.1094","(55, 119)","(88, 82)","./example/gridmap/arena2.map","Hidden"
"graph","breadth","Success","53.34999999999995","39","3951","4170","0.125","(101, 166)","(138, 129)","./example/gridmap/arena2.map","Hidden"
"graph","breadth","Success","56.06999999999994","45","2929","3007","0.0938","(163, 137)","(135, 93)","./example/gridmap/arena2.map","Hidden"
"graph","breadth","Success","58.37999999999994","51","4980","5164","0.1562","(93, 95)","(42, 113)","./example/gridmap/arena2.map","Hidden"
"graph","breadth","Success","59.11999999999994","46","3667","3763","0.1094","(116, 60)","(148, 106)","./example/gridmap/arena2.map","Hidden"
"graph","breadth","Success","57.14999999999998","51","6346","6562","0.1875","(92, 159)","(122, 195)","./example/gridmap/arena2.map","Hidden"
"graph","breadth","Success","56.57999999999994","41","3112","3201","0.0938","(146, 102)","(105, 64)","./example/gridmap/arena2.map","Hidden"
"graph","breadth","Success","56.069999999999936","45","4258","4388","0.1562","(109, 198)","(154, 171)","./example/gridmap/arena2.map","Hidden"
"graph","breadth","Success","56.01999999999997","47","3725","3848","0.1094","(71, 198)","(94, 152)","./example/gridmap/arena2.map","Hidden"
"graph","breadth","Success","58.14999999999995","52","4121","4291","0.1406","(132, 112)","(80, 127)","./example/gridmap/arena2.map","Hidden"
"graph","breadth","Success","56.86999999999998","54","4100","4207","0.125","(62, 89)","(103, 103)","./example/gridmap/arena2.map","Hidden"
"graph","breadth","Success","56.01999999999994","47","5251","5442","0.1719","(117, 107)","(93, 66)","./example/gridmap/arena2.map","Hidden"
"graph","breadth","Success","61.55999999999995","55","4355","4491","0.1406","(137, 150)","(111, 183)","./example/gridmap/arena2.map","Hidden"
"graph","breadth","Success","60.73999999999998","55","2773","2802","0.0938","(67, 243)","(102, 227)","./example/gridmap/arena2.map","Hidden"
"graph","breadth","Success","61.14999999999995","55","5982","6188","0.2031","(115, 92)","(65, 100)","./example/gridmap/arena2.map","Hidden"
"graph","breadth","Success","59.96999999999994","53","3697","3868","0.1094","(117, 260)","(65, 278)","./example/gridmap/arena2.map","Hidden"
"graph","breadth","Success","59.299999999999955","47","4219","4391","0.1406","(103, 208)","(140, 168)","./example/gridmap/arena2.map","Hidden"
"graph","breadth","Success","61.68999999999997","58","5814","6004","0.1875","(82, 143)","(140, 134)","./example/gridmap/arena2.map","Hidden"
"graph","breadth","Success","60.32999999999997","55","5081","5256","0.1406","(70, 184)","(125, 179)","./example/gridmap/arena2.map","Hidden"
"graph","breadth","Success","61.65999999999994","51","4265","4402","0.1406","(59, 105)","(110, 93)","./example/gridmap/arena2.map","Hidden"
"graph","breadth","Success","62.06999999999996","51","5235","5380","0.1562","(84, 96)","(127, 111)","./example/gridmap/arena2.map","Hidden"
"graph","breadth","Success","60.88999999999996","49","3508","3614","0.1094","(52, 154)","(84, 176)","./example/gridmap/arena2.map","Hidden"
"graph","breadth","Success","66.68999999999997","63","7140","7298","0.2031","(89, 145)","(77, 171)","./example/gridmap/arena2.map","Hidden"
"graph","breadth","Success","66.93999999999994","53","5348","5449","0.1719","(116, 139)","(78, 188)","./example/gridmap/arena2.map","Hidden"
"graph","breadth","Success","67.78999999999996","60","2739","2770","0.0938","(61, 269)","(121, 250)","./example/gridmap/arena2.map","Hidden"
"graph","breadth","Success","66.11999999999992","53","6254","6394","0.1875","(115, 119)","(78, 101)","./example/gridmap/arena2.map","Hidden"
"graph","breadth","Success","64.06999999999992","53","5756","5956","0.1875","(97, 77)","(44, 104)","./example/gridmap/arena2.map","Hidden"
"graph","breadth","Success","65.55999999999996","59","8088","8230","0.2188","(109, 98)","(159, 99)","./example/gridmap/arena2.map","Hidden"
"graph","breadth","Success","67.11999999999992","54","5160","5327","0.1562","(136, 187)","(168, 133)","./example/gridmap/arena2.map","Hidden"
"graph","breadth","Success","64.42999999999998","55","5589","5741","0.1562","(85, 72)","(106, 17)","./example/gridmap/arena2.map","Hidden"
"graph","breadth","Success","66.65999999999993","56","3172","3267","0.1094","(34, 95)","(90, 69)","./example/gridmap/arena2.map","Hidden"
"graph","breadth","Success","63.65999999999996","53","4511","4649","0.1406","(75, 74)","(104, 30)","./example/gridmap/arena2.map","Hidden"
"graph","breadth","Success","68.83999999999993","59","6127","6321","0.1719","(100, 138)","(73, 194)","./example/gridmap/arena2.map","Hidden"
"graph","breadth","Success","68.62999999999991","51","4221","4350","0.125","(62, 105)","(105, 54)","./example/gridmap/arena2.map","Hidden"
"graph","breadth","Success","68.11999999999992","55","7168","7355","0.2188","(105, 86)","(73, 141)","./example/gridmap/arena2.map","Hidden"
"graph","breadth","Success","71.70999999999995","59","4199","4322","0.125","(158, 165)","(99, 196)","./example/gridmap/arena2.map","Hidden"
"graph","breadth","Success","67.78999999999995","60","6571","6769","0.2031","(110, 205)","(84, 258)","./example/gridmap/arena2.map","Hidden"
"graph","breadth","Success","67.47999999999996","56","4620","4716","0.1406","(42, 133)","(89, 96)","./example/gridmap/arena2.map","Hidden"
"graph","breadth","Success","67.60999999999997","59","3944","4088","0.1094","(131, 263)","(102, 212)","./example/gridmap/arena2.map","Hidden"
"graph","breadth","Success","69.46","67","5207","5351","0.1562","(139, 159)","(146, 95)","./example/gridmap/arena2.map","Hidden"
"graph","breadth","Success","68.73999999999998","63","4732","4863","0.1406","(54, 181)","(117, 195)","./example/gridmap/arena2.map","Hidden"
"graph","breadth","Success","68.68999999999997","65","7834","7962","0.2344","(120, 152)","(132, 162)","./example/gridmap/arena2.map","Hidden"
"graph","breadth","Success","71.55999999999997","65","6887","7060","0.2031","(69, 179)","(69, 152)","./example/gridmap/arena2.map","Hidden"
"graph","breadth","Success","72.91999999999996","68","8178","8363","0.25","(116, 199)","(128, 131)","./example/gridmap/arena2.map","Hidden"
"graph","breadth","Success","75.91999999999996","71","5764","5918","0.1719","(132, 260)","(61, 272)","./example/gridmap/arena2.map","Hidden"
"graph","breadth","Success","72.27999999999997","69","7516","7724","0.2344","(86, 206)","(78, 137)","./example/gridmap/arena2.map","Hidden"
"graph","breadth","Success","71.68999999999998","68","5271","5413","0.1562","(133, 161)","(121, 150)","./example/gridmap/arena2.map","Hidden"
"graph","breadth","Success","72.27999999999997","69","8263","8488","0.25","(118, 132)","(111, 176)","./example/gridmap/arena2.map","Hidden"
"graph","breadth","Success","72.24999999999993","62","5285","5454","0.1562","(138, 149)","(101, 199)","./example/gridmap/arena2.map","Hidden"
"graph","breadth","Success","71.42999999999998","62","5110","5315","0.1562","(70, 131)","(77, 193)","./example/gridmap/arena2.map","Hidden"
"graph","breadth","Success","74.65999999999993","64","4934","5095","0.1562","(128, 253)","(87, 204)","./example/gridmap/arena2.map","Hidden"
"graph","breadth","Success","73.73999999999998","68","7733","7943","0.2188","(80, 77)","(69, 106)","./example/gridmap/arena2.map","Hidden"
"graph","breadth","Success","78.68999999999998","75","2634","2743","0.0781","(10, 96)","(63, 127)","./example/gridmap/arena2.map","Hidden"
"graph","breadth","Success","78.14999999999995","72","8807","9032","0.2656","(102, 131)","(117, 59)","./example/gridmap/arena2.map","Hidden"
"graph","breadth","Success","77.24999999999993","67","5528","5659","0.1562","(143, 78)","(168, 145)","./example/gridmap/arena2.map","Hidden"
"graph","breadth","Success","79.19999999999993","71","9131","9215","0.2656","(86, 171)","(106, 100)","./example/gridmap/arena2.map","Hidden"
"graph","breadth","Success","75.37999999999997","68","8978","9086","0.2656","(108, 163)","(78, 157)","./example/gridmap/arena2.map","Hidden"
"graph","breadth","Success","75.91999999999997","71","8407","8616","0.25","(127, 147)","(136, 161)","./example/gridmap/arena2.map","Hidden"
"graph","breadth","Success","75.98999999999992","60","6160","6325","0.1719","(130, 99)","(86, 128)","./example/gridmap/arena2.map","Hidden"
"graph","breadth","Success","78.29999999999991","66","3329","3379","0.0938","(181, 266)","(134, 275)","./example/gridmap/arena2.map","Hidden"
"graph","breadth","Success","76.22999999999999","75","7393","7558","0.2188","(115, 253)","(40, 250)","./example/gridmap/arena2.map","Hidden"
"graph","breadth","Success","76.04999999999998","74","4900","5012","0.1406","(81, 254)","(155, 249)","./example/gridmap/arena2.map","Hidden"
"graph","breadth","Success","79.60999999999993","71","8175","8383","0.25","(130, 86)","(91, 139)","./example/gridmap/arena2.map","Hidden"
"graph","breadth","Success","80.8899999999999","69","5756","5856","0.1719","(45, 131)","(74, 200)","./example/gridmap/arena2.map","Hidden"
"graph","breadth","Success","83.21999999999993","66","5761","5922","0.1562","(105, 51)","(168, 96)","./example/gridmap/arena2.map","Hidden"
"graph","breadth","Success","78.86999999999999","76","8655","8880","0.2344","(79, 175)","(83, 128)","./example/gridmap/arena2.map","Hidden"
"graph","breadth","Success","81.42999999999995","72","7859","7948","0.2031","(81, 110)","(146, 80)","./example/gridmap/arena2.map","Hidden"
"graph","breadth","Success","81.29999999999993","69","3617","3631","0.1094","(190, 228)","(121, 258)","./example/gridmap/arena2.map","Hidden"
"graph","breadth","Success","80.09999999999997","76","9670","9855","0.2656","(104, 131)","(67, 90)","./example/gridmap/arena2.map","Hidden"
"graph","breadth","Success","80.83999999999992","71","6589","6747","0.1719","(49, 156)","(73, 85)","./example/gridmap/arena2.map","Hidden"
"graph","breadth","Success","82.16999999999993","67","6538","6813","0.1719","(71, 130)","(129, 84)","./example/gridmap/arena2.map","Hidden"
"graph","breadth","Success","83.11999999999995","70","7339","7557","0.2031","(90, 220)","(122, 150)","./example/gridmap/arena2.map","Hidden"
"graph","breadth","Success","83.55999999999996","77","8214","8418","0.2344","(142, 190)","(113, 126)","./example/gridmap/arena2.map","Hidden"
"graph","breadth","Success","84.19999999999996","76","7779","8042","0.2344","(66, 146)","(61, 177)","./example/gridmap/arena2.map","Hidden"
"graph","breadth","Success","85.24999999999991","75","8692","8941","0.2656","(78, 90)","(67, 129)","./example/gridmap/arena2.map","Hidden"
"graph","breadth","Success","85.73999999999997","80","3887","3913","0.125","(184, 237)","(104, 251)","./example/gridmap/arena2.map","Hidden"
"graph","breadth","Success","86.32999999999996","81","10982","11188","0.3281","(85, 86)","(87, 154)","./example/gridmap/arena2.map","Hidden"
"graph","breadth","Success","84.93999999999996","71","6413","6583","0.1875","(152, 168)","(113, 142)","./example/gridmap/arena2.map","Hidden"
"graph","breadth","Success","83.70999999999992","71","4219","4299","0.1094","(10, 135)","(56, 79)","./example/gridmap/arena2.map","Hidden"
"graph","breadth","Success","83.37999999999997","76","9577","9684","0.2812","(90, 171)","(142, 163)","./example/gridmap/arena2.map","Hidden"
"graph","breadth","Success","84.98999999999991","69","5718","5816","0.1562","(45, 134)","(101, 82)","./example/gridmap/arena2.map","Hidden"
"graph","breadth","Success","85.29999999999991","73","4346","4423","0.125","(75, 256)","(123, 201)","./example/gridmap/arena2.map","Hidden"
"graph","breadth","Success","88.42999999999992","79","11126","11306","0.3281","(92, 187)","(171, 166)","./example/gridmap/arena2.map","Hidden"
"graph","breadth","Success","89.83999999999995","80","10328","10527","0.2812","(104, 182)","(148, 134)","./example/gridmap/arena2.map","Hidden"
"graph","breadth","Success","89.88999999999993","78","10376","10652","0.2969","(94, 209)","(62, 266)","./example/gridmap/arena2.map","Hidden"
"graph","breadth","Success","88.73999999999995","83","3295","3364","0.1094","(53, 249)","(136, 263)","./example/gridmap/arena2.map","Hidden"
"graph","breadth","Success","90.06999999999991","79","3813","3903","0.1094","(63, 257)","(84, 210)","./example/gridmap/arena2.map","Hidden"
"graph","breadth","Success","90.27999999999997","87","11097","11239","0.3281","(110, 165)","(118, 78)","./example/gridmap/arena2.map","Hidden"
"graph","breadth","Success","88.2699999999999","69","7442","7715","0.2188","(136, 131)","(77, 188)","./example/gridmap/arena2.map","Hidden"
"graph","breadth","Success","89.57999999999988","74","4558","4660","0.125","(174, 97)","(110, 49)","./example/gridmap/arena2.map","Hidden"
"graph","breadth","Success","89.78999999999994","82","6045","6175","0.1719","(165, 97)","(119, 112)","./example/gridmap/arena2.map","Hidden"
"graph","breadth","Success","89.6799999999999","70","7840","8050","0.2188","(112, 63)","(160, 133)","./example/gridmap/arena2.map","Hidden"
"graph","breadth","Success","92.01999999999995","83","9097","9312","0.2656","(67, 119)","(67, 78)","./example/gridmap/arena2.map","Hidden"
"graph","breadth","Success","94.44999999999987","76","9112","9347","0.2656","(70, 185)","(138, 138)","./example/gridmap/arena2.map","Hidden"
"graph","breadth","Success","92.44999999999987","74","9852","10004","0.3125","(103, 196)","(167, 141)","./example/gridmap/arena2.map","Hidden"
"graph","breadth","Success","92.59999999999985","68","7944","8135","0.2188","(99, 222)","(38, 155)","./example/gridmap/arena2.map","Hidden"
"graph","breadth","Success","92.31999999999988","71","8868","9051","0.25","(123, 74)","(175, 145)","./example/gridmap/arena2.map","Hidden"
"graph","breadth","Success","95.21999999999989","78","10185","10453","0.3125","(92, 212)","(59, 277)","./example/gridmap/arena2.map","Hidden"
"graph","breadth","Success","94.42999999999992","85","11581","11715","0.3281","(96, 181)","(126, 255)","./example/gridmap/arena2.map","Hidden"
"graph","breadth","Success","95.01999999999992","86","11047","11243","0.3281","(119, 158)","(84, 87)","./example/gridmap/arena2.map","Hidden"
"graph","breadth","Success","94.09999999999997","90","11528","11694","0.3125","(108, 165)","(123, 92)","./example/gridmap/arena2.map","Hidden"
"graph","breadth","Success","92.42999999999994","83","7436","7578","0.2031","(59, 129)","(116, 92)","./example/gridmap/arena2.map","Hidden"
"graph","breadth","Success","98.6799999999999","79","10703","10836","0.3125","(101, 72)","(45, 143)","./example/gridmap/arena2.map","Hidden"
"graph","breadth","Success","96.85999999999984","78","6724","6872","0.1875","(51, 137)","(97, 59)","./example/gridmap/arena2.map","Hidden"
"graph","breadth","Success","96.57999999999987","81","7646","7794","0.1875","(62, 147)","(98, 228)","./example/gridmap/arena2.map","Hidden"
"graph","breadth","Success","97.42999999999992","88","11282","11433","0.3281","(115, 174)","(122, 262)","./example/gridmap/arena2.map","Hidden"
"graph","breadth","Success","97.8899999999999","86","7058","7176","0.2031","(139, 252)","(131, 193)","./example/gridmap/arena2.map","Hidden"
"graph","breadth","Success","97.37999999999998","90","11759","11969","0.3125","(65, 176)","(136, 163)","./example/gridmap/arena2.map","Hidden"
"graph","breadth","Success","98.24999999999997","88","10554","10784","0.2969","(130, 175)","(155, 87)","./example/gridmap/arena2.map","Hidden"
"graph","breadth","Success","97.50999999999999","93","12286","12389","0.3594","(124, 78)","(109, 167)","./example/gridmap/arena2.map","Hidden"
"graph","breadth","Success","97.55999999999995","91","6610","6736","0.1875","(170, 98)","(79, 82)","./example/gridmap/arena2.map","Hidden"
"graph","breadth","Success","95.77999999999987","72","9064","9265","0.2656","(123, 136)","(62, 171)","./example/gridmap/arena2.map","Hidden"
"graph","breadth","Success","99.52999999999993","86","6932","7074","0.2031","(85, 261)","(121, 178)","./example/gridmap/arena2.map","Hidden"
"graph","breadth","Success","102.36999999999986","79","8168","8358","0.2344","(51, 159)","(108, 238)","./example/gridmap/arena2.map","Hidden"
"graph","breadth","Success","100.65999999999993","90","8643","8853","0.2344","(55, 78)","(104, 13)","./example/gridmap/arena2.map","Hidden"
"graph","breadth","Success","100.7099999999999","88","12122","12285","0.3594","(132, 192)","(52, 153)","./example/gridmap/arena2.map","Hidden"
"graph","breadth","Success","102.73999999999995","97","12937","13067","0.375","(106, 78)","(96, 175)","./example/gridmap/arena2.map","Hidden"
"graph","breadth","Success","100.55999999999995","94","7790","7976","0.2188","(159, 75)","(113, 133)","./example/gridmap/arena2.map","Hidden"
"graph","breadth","Success","102.14999999999995","96","13685","13846","0.3906","(94, 144)","(109, 240)","./example/gridmap/arena2.map","Hidden"
"graph","breadth","Success","100.01999999999992","91","10305","10514","0.3125","(107, 251)","(194, 267)","./example/gridmap/arena2.map","Hidden"
"graph","breadth","Success","102.24999999999996","92","13468","13706","0.3906","(122, 205)","(152, 240)","./example/gridmap/arena2.map","Hidden"
"graph","breadth","Success","102.42999999999996","93","11697","11860","0.3438","(124, 101)","(99, 162)","./example/gridmap/arena2.map","Hidden"
"graph","breadth","Success","103.47999999999995","92","6781","6915","0.1875","(78, 263)","(96, 179)","./example/gridmap/arena2.map","Hidden"
"graph","breadth","Success","102.80999999999987","86","9614","9847","0.2969","(133, 111)","(55, 110)","./example/gridmap/arena2.map","Hidden"
"graph","breadth","Success","104.26999999999987","85","8194","8351","0.25","(151, 100)","(75, 128)","./example/gridmap/arena2.map","Hidden"
"graph","breadth","Success","104.26999999999987","85","7210","7368","0.2031","(157, 139)","(94, 208)","./example/gridmap/arena2.map","Hidden"
"graph","breadth","Success","102.7099999999999","90","8156","8312","0.2188","(156, 95)","(134, 128)","./example/gridmap/arena2.map","Hidden"
"graph","breadth","Success","105.16999999999993","90","8902","9090","0.25","(153, 155)","(81, 166)","./example/gridmap/arena2.map","Hidden"
"graph","breadth","Success","104.5799999999999","89","11769","11956","0.3438","(131, 147)","(74, 159)","./example/gridmap/arena2.map","Hidden"
"graph","breadth","Success","107.19999999999995","99","12391","12519","0.3594","(96, 60)","(116, 159)","./example/gridmap/arena2.map","Hidden"
"graph","breadth","Success","103.54999999999984","81","11297","11403","0.3438","(111, 94)","(30, 133)","./example/gridmap/arena2.map","Hidden"
"graph","breadth","Success","103.93999999999991","90","7881","8058","0.2344","(157, 134)","(114, 107)","./example/gridmap/arena2.map","Hidden"
"graph","breadth","Success","108.7099999999999","96","3709","3795","0.1094","(45, 267)","(113, 208)","./example/gridmap/arena2.map","Hidden"
"graph","breadth","Success","110.21999999999987","93","12438","12566","0.3438","(96, 178)","(168, 139)","./example/gridmap/arena2.map","Hidden"
"graph","breadth","Success","108.08999999999986","88","9363","9506","0.2812","(121, 257)","(146, 173)","./example/gridmap/arena2.map","Hidden"
"graph","breadth","Success","108.42999999999992","99","13580","13771","0.3906","(115, 106)","(92, 205)","./example/gridmap/arena2.map","Hidden"
"graph","breadth","Success","109.52999999999993","96","14741","14943","0.4375","(86, 199)","(154, 242)","./example/gridmap/arena2.map","Hidden"
"graph","breadth","Success","108.93999999999988","95","10339","10556","0.2969","(53, 115)","(90, 169)","./example/gridmap/arena2.map","Hidden"
"graph","breadth","Success","108.32999999999997","103","15921","16080","0.4844","(111, 206)","(151, 228)","./example/gridmap/arena2.map","Hidden"
"graph","breadth","Success","108.21999999999989","91","12429","12554","0.3594","(108, 97)","(167, 149)","./example/gridmap/arena2.map","Hidden"
"graph","breadth","Success","108.37999999999997","101","14082","14280","0.4219","(100, 231)","(191, 249)","./example/gridmap/arena2.map","Hidden"
"graph","breadth","Success","109.7599999999999","95","13081","13282","0.375","(135, 138)","(172, 166)","./example/gridmap/arena2.map","Hidden"
"graph","breadth","Success","111.83999999999992","102","14174","14383","0.4219","(110, 166)","(85, 257)","./example/gridmap/arena2.map","Hidden"
"graph","breadth","Success","112.0399999999999","94","8624","8831","0.25","(164, 128)","(77, 95)","./example/gridmap/arena2.map","Hidden"
"graph","breadth","Success","111.88999999999994","100","13786","14015","0.375","(93, 170)","(63, 109)","./example/gridmap/arena2.map","Hidden"
"graph","breadth","Success","111.16999999999989","96","12478","12630","0.3594","(109, 179)","(162, 119)","./example/gridmap/arena2.map","Hidden"
"graph","breadth","Success","114.44999999999985","96","10233","10460","0.2969","(52, 119)","(106, 206)","./example/gridmap/arena2.map","Hidden"
"graph","breadth","Success","113.11999999999992","100","13575","13713","0.3906","(109, 84)","(135, 166)","./example/gridmap/arena2.map","Hidden"
"graph","breadth","Success","111.62999999999991","94","10068","10254","0.2969","(44, 162)","(99, 132)","./example/gridmap/arena2.map","Hidden"
"graph","breadth","Success","111.93999999999991","98","9837","10052","0.2812","(150, 144)","(139, 141)","./example/gridmap/arena2.map","Hidden"
"graph","breadth","Success","112.36999999999988","89","12325","12524","0.3594","(81, 134)","(143, 158)","./example/gridmap/arena2.map","Hidden"
"graph","breadth","Success","113.42999999999994","104","14470","14694","0.4062","(82, 160)","(93, 56)","./example/gridmap/arena2.map","Hidden"
"graph","breadth","Success","118.67999999999984","99","10283","10475","0.2969","(148, 150)","(100, 51)","./example/gridmap/arena2.map","Hidden"
"graph","breadth","Success","118.65999999999991","108","14854","15045","0.4531","(59, 174)","(83, 66)","./example/gridmap/arena2.map","Hidden"
"graph","breadth","Success","118.69999999999979","90","7910","8086","0.2188","(169, 136)","(99, 226)","./example/gridmap/arena2.map","Hidden"
"graph","breadth","Success","119.05999999999983","92","7267","7401","0.2188","(23, 124)","(115, 64)","./example/gridmap/arena2.map","Hidden"
"graph","breadth","Success","116.95999999999984","94","11823","12024","0.3281","(77, 114)","(164, 121)","./example/gridmap/arena2.map","Hidden"
"graph","breadth","Success","116.39999999999989","100","11698","11922","0.3438","(67, 156)","(110, 123)","./example/gridmap/arena2.map","Hidden"
"graph","breadth","Success","116.98999999999987","101","14747","14898","0.4219","(120, 138)","(162, 140)","./example/gridmap/arena2.map","Hidden"
"graph","breadth","Success","115.2999999999999","103","10512","10731","0.3125","(96, 262)","(191, 268)","./example/gridmap/arena2.map","Hidden"
"graph","breadth","Success","118.80999999999989","102","5479","5585","0.1562","(57, 240)","(78, 190)","./example/gridmap/arena2.map","Hidden"
"graph","breadth","Success","115.60999999999993","107","15617","15841","0.4531","(104, 155)","(150, 99)","./example/gridmap/arena2.map","Hidden"
"graph","breadth","Success","120.3499999999999","106","15919","16086","0.4531","(83, 125)","(39, 158)","./example/gridmap/arena2.map","Hidden"
"graph","breadth","Success","119.62999999999991","102","10744","10975","0.3281","(168, 145)","(126, 132)","./example/gridmap/arena2.map","Hidden"
"graph","breadth","Success","119.4499999999999","101","15923","16141","0.4375","(102, 208)","(155, 115)","./example/gridmap/arena2.map","Hidden"
"graph","breadth","Success","120.13999999999984","98","13514","13769","0.3906","(126, 114)","(46, 130)","./example/gridmap/arena2.map","Hidden"
"graph","breadth","Success","118.93999999999991","105","8797","8920","0.2344","(130, 276)","(91, 178)","./example/gridmap/arena2.map","Hidden"
"graph","breadth","Success","121.46999999999984","94","10273","10481","0.2656","(45, 149)","(126, 147)","./example/gridmap/arena2.map","Hidden"
"graph","breadth","Success","126.34999999999991","112","17058","17351","0.4844","(91, 173)","(71, 94)","./example/gridmap/arena2.map","Hidden"
"graph","breadth","Success","119.51999999999981","90","11570","11797","0.3281","(137, 127)","(57, 167)","./example/gridmap/arena2.map","Hidden"
"graph","breadth","Success","119.60999999999993","111","16278","16487","0.4688","(113, 154)","(55, 92)","./example/gridmap/arena2.map","Hidden"
"graph","breadth","Success","119.39999999999986","103","14336","14587","0.4219","(84, 171)","(131, 267)","./example/gridmap/arena2.map","Hidden"
"graph","breadth","Success","125.46999999999984","98","13989","14154","0.4062","(95, 146)","(165, 135)","./example/gridmap/arena2.map","Hidden"
"graph","breadth","Success","122.72999999999988","101","9171","9402","0.2656","(172, 118)","(129, 127)","./example/gridmap/arena2.map","Hidden"
"graph","breadth","Success","127.3699999999998","104","13573","13674","0.375","(117, 75)","(13, 132)","./example/gridmap/arena2.map","Hidden"
"graph","breadth","Success","125.36999999999986","102","15235","15423","0.4531","(76, 186)","(9, 94)","./example/gridmap/arena2.map","Hidden"
"graph","breadth","Success","124.83999999999992","115","17861","18090","0.5156","(88, 174)","(149, 250)","./example/gridmap/arena2.map","Hidden"
"graph","breadth","Success","124.73999999999995","119","17565","17676","0.5469","(114, 147)","(170, 94)","./example/gridmap/arena2.map","Hidden"
"graph","breadth","Success","125.13999999999982","103","11009","11254","0.3281","(42, 118)","(112, 205)","./example/gridmap/arena2.map","Hidden"
"graph","breadth","Success","124.65999999999991","114","14409","14579","0.4219","(101, 248)","(67, 146)","./example/gridmap/arena2.map","Hidden"
"graph","breadth","Success","124.70999999999994","112","14666","14883","0.4219","(58, 152)","(78, 115)","./example/gridmap/arena2.map","Hidden"
"graph","breadth","Success","126.57999999999988","111","5335","5462","0.1562","(47, 268)","(119, 191)","./example/gridmap/arena2.map","Hidden"
"graph","breadth","Success","127.44999999999987","109","14484","14703","0.4219","(130, 173)","(142, 265)","./example/gridmap/arena2.map","Hidden"
"graph","breadth","Success","130.1899999999998","106","15214","15446","0.4375","(100, 95)","(3, 109)","./example/gridmap/arena2.map","Hidden"
"graph","breadth","Success","128.6499999999998","102","10528","10653","0.375","(125, 260)","(159, 163)","./example/gridmap/arena2.map","Hidden"
"graph","breadth","Success","129.0899999999999","109","15665","15870","0.5156","(135, 186)","(155, 268)","./example/gridmap/arena2.map","Hidden"
"graph","breadth","Success","129.44999999999987","111","12645","12915","0.4062","(158, 138)","(132, 120)","./example/gridmap/arena2.map","Hidden"
"graph","breadth","Success","129.01999999999992","120","9152","9317","0.2969","(66, 262)","(186, 252)","./example/gridmap/arena2.map","Hidden"
"graph","breadth","Success","126.67999999999984","107","15722","15951","0.4844","(123, 189)","(27, 130)","./example/gridmap/arena2.map","Hidden"
"graph","breadth","Success","128.70999999999992","116","12604","12801","0.375","(90, 261)","(109, 145)","./example/gridmap/arena2.map","Hidden"
"graph","breadth","Success","128.72999999999988","107","14606","14799","0.4531","(67, 132)","(166, 101)","./example/gridmap/arena2.map","Hidden"
"graph","breadth","Success","130.18999999999986","106","15169","15382","0.4375","(137, 133)","(169, 118)","./example/gridmap/arena2.map","Hidden"
"graph","breadth","Success","135.91999999999996","131","17992","18018","0.5312","(117, 116)","(109, 247)","./example/gridmap/arena2.map","Hidden"
"graph","breadth","Success","133.85999999999984","115","18197","18442","0.5156","(89, 179)","(55, 278)","./example/gridmap/arena2.map","Hidden"
"graph","breadth","Success","132.62999999999988","115","16023","16189","0.4688","(134, 177)","(105, 74)","./example/gridmap/arena2.map","Hidden"
"graph","breadth","Success","130.83999999999995","121","16114","16272","0.4688","(91, 93)","(81, 198)","./example/gridmap/arena2.map","Hidden"
"graph","breadth","Success","133.6599999999999","123","18078","18253","0.5625","(122, 158)","(79, 240)","./example/gridmap/arena2.map","Hidden"
"graph","breadth","Success","132.31999999999985","111","16678","16840","0.5","(119, 114)","(171, 151)","./example/gridmap/arena2.map","Hidden"
"graph","breadth","Success","131.72999999999988","110","14717","14931","0.4375","(58, 159)","(114, 110)","./example/gridmap/arena2.map","Hidden"
"graph","breadth","Success","131.78999999999994","124","6916","7027","0.1875","(178, 247)","(98, 194)","./example/gridmap/arena2.map","Hidden"
"graph","breadth","Success","134.88999999999993","123","16075","16219","0.4531","(86, 79)","(110, 197)","./example/gridmap/arena2.map","Hidden"
"graph","breadth","Success","132.16999999999987","117","5059","5182","0.1562","(39, 279)","(99, 193)","./example/gridmap/arena2.map","Hidden"
"graph","breadth","Success","136.23999999999987","110","13506","13796","0.4062","(44, 124)","(65, 133)","./example/gridmap/arena2.map","Hidden"
"graph","breadth","Success","137.34999999999994","123","17498","17569","0.5156","(75, 136)","(108, 13)","./example/gridmap/arena2.map","Hidden"
"graph","breadth","Success","137.19999999999993","129","14760","14914","0.4062","(104, 261)","(124, 132)","./example/gridmap/arena2.map","Hidden"
"graph","breadth","Success","137.2199999999999","120","18564","18778","0.5312","(128, 194)","(163, 223)","./example/gridmap/arena2.map","Hidden"
"graph","breadth","Success","136.0599999999998","109","15904","16070","0.4688","(124, 115)","(46, 168)","./example/gridmap/arena2.map","Hidden"
"graph","breadth","Success","138.46999999999977","111","14043","14171","0.4219","(118, 69)","(7, 136)","./example/gridmap/arena2.map","Hidden"
"graph","breadth","Success","135.95999999999984","113","16974","17068","0.5","(118, 117)","(175, 151)","./example/gridmap/arena2.map","Hidden"
"graph","breadth","Success","136.34999999999988","122","15937","16103","0.4531","(121, 78)","(71, 167)","./example/gridmap/arena2.map","Hidden"
"graph","breadth","Success","139.01999999999992","130","16008","16173","0.4844","(131, 83)","(61, 165)","./example/gridmap/arena2.map","Hidden"
"graph","breadth","Success","136.21999999999989","119","16177","16350","0.4531","(69, 114)","(37, 165)","./example/gridmap/arena2.map","Hidden"
"graph","breadth","Success","141.77999999999986","118","14053","14177","0.4062","(172, 132)","(57, 101)","./example/gridmap/arena2.map","Hidden"
"graph","breadth","Success","142.2999999999999","130","10942","11101","0.3125","(65, 258)","(85, 154)","./example/gridmap/arena2.map","Hidden"
"graph","breadth","Success","141.26999999999987","122","14138","14387","0.4062","(172, 168)","(104, 111)","./example/gridmap/arena2.map","Hidden"
"graph","breadth","Success","139.11999999999992","126","17101","17355","0.5","(103, 172)","(53, 96)","./example/gridmap/arena2.map","Hidden"
"graph","breadth","Success","141.19999999999996","133","21504","21757","0.625","(106, 206)","(96, 73)","./example/gridmap/arena2.map","Hidden"
"graph","breadth","Success","141.06999999999994","130","17689","17739","0.5156","(78, 123)","(105, 253)","./example/gridmap/arena2.map","Hidden"
"graph","breadth","Success","139.7799999999998","116","10789","10931","0.3281","(137, 253)","(159, 161)","./example/gridmap/arena2.map","Hidden"
"graph","breadth","Success","139.31999999999985","118","17971","18121","0.5","(79, 182)","(49, 272)","./example/gridmap/arena2.map","Hidden"
"graph","breadth","Success","141.28999999999982","113","13597","13848","0.375","(166, 158)","(78, 252)","./example/gridmap/arena2.map","Hidden"
"graph","breadth","Success","141.3499999999999","127","8229","8363","0.2656","(155, 227)","(142, 196)","./example/gridmap/arena2.map","Hidden"
"graph","breadth","Success","144.78999999999994","137","9361","9554","0.25","(110, 1)","(67, 112)","./example/gridmap/arena2.map","Hidden"
"graph","breadth","Success","145.65999999999997","135","8538","8649","0.25","(175, 230)","(108, 180)","./example/gridmap/arena2.map","Hidden"
"graph","breadth","Success","145.06999999999996","134","21746","21985","0.6562","(108, 206)","(84, 93)","./example/gridmap/arena2.map","Hidden"
"graph","breadth","Success","143.56999999999977","112","15080","15245","0.4219","(72, 111)","(152, 156)","./example/gridmap/arena2.map","Hidden"
"graph","breadth","Success","143.47999999999993","132","5551","5667","0.1719","(199, 260)","(102, 207)","./example/gridmap/arena2.map","Hidden"
"graph","breadth","Success","142.1099999999998","113","8673","8854","0.25","(10, 122)","(98, 158)","./example/gridmap/arena2.map","Hidden"
"graph","breadth","Success","146.57999999999987","131","13737","13876","0.3906","(174, 95)","(43, 115)","./example/gridmap/arena2.map","Hidden"
"graph","breadth","Success","146.1199999999999","133","15482","15636","0.4688","(100, 260)","(74, 127)","./example/gridmap/arena2.map","Hidden"
"graph","breadth","Success","143.5799999999999","128","7325","7482","0.2031","(46, 276)","(159, 223)","./example/gridmap/arena2.map","Hidden"
"graph","breadth","Success","146.01999999999992","137","17056","17184","0.5","(74, 86)","(151, 168)","./example/gridmap/arena2.map","Hidden"
"graph","breadth","Success","149.9899999999999","134","9986","10196","0.2812","(56, 238)","(124, 159)","./example/gridmap/arena2.map","Hidden"
"graph","breadth","Success","149.7599999999999","135","17574","17628","0.5","(69, 116)","(101, 251)","./example/gridmap/arena2.map","Hidden"
"graph","breadth","Success","150.13999999999984","128","17581","17749","0.5","(141, 167)","(99, 39)","./example/gridmap/arena2.map","Hidden"
"graph","breadth","Success","147.13999999999982","125","9358","9544","0.2656","(2, 134)","(116, 193)","./example/gridmap/arena2.map","Hidden"
"graph","breadth","Success","148.83999999999992","139","15933","16087","0.4375","(86, 251)","(108, 124)","./example/gridmap/arena2.map","Hidden"
"graph","breadth","Success","149.3899999999998","117","18345","18518","0.5156","(108, 218)","(3, 127)","./example/gridmap/arena2.map","Hidden"
"graph","breadth","Success","148.90999999999983","128","13860","13951","0.3906","(151, 76)","(23, 127)","./example/gridmap/arena2.map","Hidden"
"graph","breadth","Success","149.83999999999992","140","6100","6214","0.1719","(202, 242)","(62, 236)","./example/gridmap/arena2.map","Hidden"
"graph","breadth","Success","147.87999999999977","120","7694","7851","0.2344","(14, 106)","(118, 64)","./example/gridmap/arena2.map","Hidden"
"graph","breadth","Success","147.08999999999983","127","16253","16412","0.4531","(60, 133)","(143, 150)","./example/gridmap/arena2.map","Hidden"
"graph","breadth","Success","153.0599999999998","126","14474","14642","0.4531","(89, 255)","(46, 134)","./example/gridmap/arena2.map","Hidden"
"graph","breadth","Success","152.44999999999987","134","8471","8578","0.2344","(175, 235)","(82, 181)","./example/gridmap/arena2.map","Hidden"
"graph","breadth","Success","155.73999999999995","150","10091","10306","0.2969","(41, 256)","(191, 242)","./example/gridmap/arena2.map","Hidden"
"graph","breadth","Success","154.66999999999976","119","15653","15823","0.4375","(65, 111)","(169, 163)","./example/gridmap/arena2.map","Hidden"
"graph","breadth","Success","153.74999999999977","123","16619","16827","0.4844","(51, 183)","(150, 280)","./example/gridmap/arena2.map","Hidden"
"graph","breadth","Success","153.46999999999983","126","12171","12305","0.3594","(137, 267)","(60, 151)","./example/gridmap/arena2.map","Hidden"
"graph","breadth","Success","153.79999999999978","121","16543","16747","0.5","(46, 164)","(135, 276)","./example/gridmap/arena2.map","Hidden"
"graph","breadth","Success","155.21999999999989","138","21971","22152","0.6562","(90, 213)","(76, 75)","./example/gridmap/arena2.map","Hidden"
"graph","breadth","Success","153.82999999999984","128","18840","18993","0.5625","(61, 176)","(159, 233)","./example/gridmap/arena2.map","Hidden"
"graph","breadth","Success","154.21999999999986","137","17711","17852","0.5312","(51, 129)","(157, 174)","./example/gridmap/arena2.map","Hidden"
"graph","breadth","Success","158.1699999999999","143","6119","6220","0.1875","(205, 259)","(62, 270)","./example/gridmap/arena2.map","Hidden"
"graph","breadth","Success","156.3699999999998","133","18071","18150","0.5312","(102, 125)","(4, 115)","./example/gridmap/arena2.map","Hidden"
"graph","breadth","Success","158.8899999999999","147","6938","7049","0.2031","(201, 246)","(87, 194)","./example/gridmap/arena2.map","Hidden"
"graph","breadth","Success","155.2699999999999","136","18350","18435","0.5312","(138, 139)","(98, 12)","./example/gridmap/arena2.map","Hidden"
"graph","breadth","Success","159.08999999999986","139","17615","17684","0.5156","(129, 93)","(109, 225)","./example/gridmap/arena2.map","Hidden"
"graph","breadth","Success","157.31999999999982","136","21305","21473","0.625","(129, 188)","(4, 125)","./example/gridmap/arena2.map","Hidden"
"graph","breadth","Success","156.42999999999992","147","18725","18782","0.5469","(100, 116)","(86, 254)","./example/gridmap/arena2.map","Hidden"
"graph","breadth","Success","157.4999999999999","137","14272","14432","0.4219","(131, 265)","(74, 135)","./example/gridmap/arena2.map","Hidden"
"graph","breadth","Success","158.26999999999987","139","17075","17181","0.5","(170, 129)","(50, 183)","./example/gridmap/arena2.map","Hidden"
"graph","breadth","Success","155.34999999999994","141","22248","22407","0.6562","(85, 212)","(185, 278)","./example/gridmap/arena2.map","Hidden"
"graph","breadth","Success","161.82999999999979","136","15355","15432","0.4531","(169, 106)","(108, 242)","./example/gridmap/arena2.map","Hidden"
"graph","breadth","Success","159.74999999999974","129","11467","11713","0.3281","(8, 131)","(108, 235)","./example/gridmap/arena2.map","Hidden"
"graph","breadth","Success","161.26999999999987","142","19748","19865","0.5625","(106, 238)","(139, 98)","./example/gridmap/arena2.map","Hidden"
"graph","breadth","Success","161.77999999999986","138","17481","17696","0.5","(167, 144)","(58, 145)","./example/gridmap/arena2.map","Hidden"
"graph","breadth","Success","162.8899999999999","151","17816","17896","0.5156","(65, 86)","(136, 173)","./example/gridmap/arena2.map","Hidden"
"graph","breadth","Success","162.44999999999987","144","12349","12538","0.375","(59, 270)","(79, 149)","./example/gridmap/arena2.map","Hidden"
"graph","breadth","Success","162.42999999999992","153","19445","19547","0.5781","(89, 127)","(75, 241)","./example/gridmap/arena2.map","Hidden"
"graph","breadth","Success","162.46999999999977","135","17015","17220","0.5","(148, 147)","(142, 273)","./example/gridmap/arena2.map","Hidden"
"graph","breadth","Success","160.82999999999984","135","16958","17166","0.4688","(175, 148)","(40, 167)","./example/gridmap/arena2.map","Hidden"
"graph","breadth","Success","161.32999999999996","156","13789","13919","0.375","(154, 250)","(115, 138)","./example/gridmap/arena2.map","Hidden"
"graph","breadth","Success","164.1699999999999","149","22752","22883","0.6875","(132, 200)","(63, 83)","./example/gridmap/arena2.map","Hidden"
"graph","breadth","Success","165.83999999999992","156","7701","7812","0.2188","(203, 245)","(47, 269)","./example/gridmap/arena2.map","Hidden"
"graph","breadth","Success","163.82999999999979","138","21851","22000","0.625","(127, 195)","(13, 108)","./example/gridmap/arena2.map","Hidden"
"graph","breadth","Success","166.26999999999984","147","16426","16580","0.4688","(150, 80)","(103, 227)","./example/gridmap/arena2.map","Hidden"
"graph","breadth","Success","164.10999999999981","135","17329","17535","0.5156","(34, 166)","(66, 236)","./example/gridmap/arena2.map","Hidden"
"graph","breadth","Success","165.5799999999999","150","19144","19230","0.5312","(132, 127)","(75, 244)","./example/gridmap/arena2.map","Hidden"
"graph","breadth","Success","164.18999999999983","140","11399","11637","0.3281","(6, 105)","(103, 125)","./example/gridmap/arena2.map","Hidden"
"graph","breadth","Success","163.2399999999998","137","10818","10961","0.3281","(158, 245)","(53, 161)","./example/gridmap/arena2.map","Hidden"
"graph","breadth","Success","164.98999999999987","149","17769","17823","0.5156","(71, 77)","(159, 177)","./example/gridmap/arena2.map","Hidden"
"graph","breadth","Success","162.89999999999975","126","18027","18073","0.5","(119, 141)","(14, 124)","./example/gridmap/arena2.map","Hidden"
"graph","breadth","Success","166.02999999999977","132","17599","17779","0.5156","(39, 165)","(67, 280)","./example/gridmap/arena2.map","Hidden"
"graph","breadth","Success","170.18999999999986","146","19609","19766","0.5781","(165, 154)","(54, 128)","./example/gridmap/arena2.map","Hidden"
"graph","breadth","Success","168.24999999999991","158","22746","22811","0.6719","(103, 173)","(191, 258)","./example/gridmap/arena2.map","Hidden"
"graph","breadth","Success","167.62999999999988","150","11975","12149","0.3281","(51, 275)","(99, 148)","./example/gridmap/arena2.map","Hidden"
"graph","breadth","Success","170.42999999999992","161","17769","17800","0.5","(112, 57)","(99, 218)","./example/gridmap/arena2.map","Hidden"
"graph","breadth","Success","171.1399999999999","149","21863","21972","0.6094","(64, 177)","(186, 244)","./example/gridmap/arena2.map","Hidden"
"graph","breadth","Success","169.51999999999975","140","17945","17970","0.5156","(134, 109)","(2, 111)","./example/gridmap/arena2.map","Hidden"
"graph","breadth","Success","171.1099999999998","142","13746","13904","0.3906","(68, 265)","(155, 139)","./example/gridmap/arena2.map","Hidden"
"graph","breadth","Success","169.6299999999999","152","21575","21733","0.625","(53, 160)","(147, 115)","./example/gridmap/arena2.map","Hidden"
"graph","breadth","Success","167.54999999999984","145","14005","14143","0.3906","(142, 268)","(70, 140)","./example/gridmap/arena2.map","Hidden"
"graph","breadth","Success","172.77999999999983","149","18073","18100","0.5312","(74, 94)","(110, 241)","./example/gridmap/arena2.map","Hidden"
"graph","breadth","Success","174.21999999999986","157","16268","16400","0.4688","(77, 242)","(138, 122)","./example/gridmap/arena2.map","Hidden"
"graph","breadth","Success","174.74999999999977","144","16947","17088","0.5","(164, 116)","(35, 146)","./example/gridmap/arena2.map","Hidden"
"graph","breadth","Success","173.59999999999982","149","15257","15407","0.4219","(71, 261)","(146, 129)","./example/gridmap/arena2.map","Hidden"
"graph","breadth","Success","173.64999999999984","147","11102","11261","0.3438","(165, 231)","(65, 159)","./example/gridmap/arena2.map","Hidden"
"graph","breadth","Success","170.23999999999987","144","20510","20640","0.5625","(150, 175)","(163, 218)","./example/gridmap/arena2.map","Hidden"
"graph","breadth","Success","173.05999999999977","146","18678","18895","0.5312","(162, 139)","(79, 236)","./example/gridmap/arena2.map","Hidden"
"graph","breadth","Success","173.30999999999975","136","17201","17415","0.4844","(170, 146)","(72, 275)","./example/gridmap/arena2.map","Hidden"
"graph","breadth","Success","171.5799999999999","156","20457","20558","0.6094","(68, 146)","(58, 242)","./example/gridmap/arena2.map","Hidden"
"graph","breadth","Success","172.20999999999978","139","17614","17841","0.4844","(173, 144)","(66, 245)","./example/gridmap/arena2.map","Hidden"
"graph","breadth","Success","176.5499999999998","154","20790","20897","0.5781","(73, 151)","(55, 280)","./example/gridmap/arena2.map","Hidden"
"graph","breadth","Success","177.0599999999998","150","20010","20138","0.5469","(78, 136)","(13, 103)","./example/gridmap/arena2.map","Hidden"
"graph","breadth","Success","177.75999999999988","163","21227","21338","0.625","(125, 135)","(158, 265)","./example/gridmap/arena2.map","Hidden"
"graph","breadth","Success","175.85999999999987","157","7774","7882","0.2188","(204, 253)","(138, 188)","./example/gridmap/arena2.map","Hidden"
"graph","breadth","Success","179.01999999999992","170","15448","15602","0.4531","(157, 247)","(121, 127)","./example/gridmap/arena2.map","Hidden"
"graph","breadth","Success","179.78999999999994","172","13040","13243","0.375","(35, 265)","(207, 246)","./example/gridmap/arena2.map","Hidden"
"graph","breadth","Success","176.60999999999993","168","18103","18117","0.5156","(126, 88)","(103, 240)","./example/gridmap/arena2.map","Hidden"
"graph","breadth","Success","175.3999999999999","159","16362","16488","0.4688","(69, 266)","(105, 121)","./example/gridmap/arena2.map","Hidden"
"graph","breadth","Success","177.7799999999998","154","20615","20733","0.5781","(146, 148)","(47, 259)","./example/gridmap/arena2.map","Hidden"
"graph","breadth","Success","178.75999999999988","164","22149","22295","0.6562","(158, 178)","(57, 93)","./example/gridmap/arena2.map","Hidden"
"graph","breadth","Success","180.78999999999994","173","18128","18289","0.5156","(142, 257)","(116, 109)","./example/gridmap/arena2.map","Hidden"
"graph","breadth","Success","181.67999999999986","162","13296","13438","0.3906","(158, 233)","(75, 142)","./example/gridmap/arena2.map","Hidden"
"graph","breadth","Success","181.72999999999985","160","19672","19786","0.5625","(95, 257)","(148, 97)","./example/gridmap/arena2.map","Hidden"
"graph","breadth","Success","180.02999999999975","146","18279","18384","0.5938","(30, 127)","(133, 253)","./example/gridmap/arena2.map","Hidden"
"graph","breadth","Success","183.0699999999999","172","13775","13919","0.4531","(39, 261)","(189, 280)","./example/gridmap/arena2.map","Hidden"
"graph","breadth","Success","181.2399999999998","155","18842","18879","0.5625","(76, 112)","(3, 94)","./example/gridmap/arena2.map","Hidden"
"graph","breadth","Success","180.26999999999987","161","21637","21719","0.6406","(131, 144)","(44, 265)","./example/gridmap/arena2.map","Hidden"
"graph","breadth","Success","183.08999999999983","163","20645","20733","0.5938","(86, 128)","(151, 275)","./example/gridmap/arena2.map","Hidden"
"graph","breadth","Success","179.25999999999974","144","13638","13777","0.4062","(137, 277)","(44, 140)","./example/gridmap/arena2.map","Hidden"
"graph","breadth","Success","182.21999999999989","165","22628","22733","0.6719","(53, 184)","(164, 100)","./example/gridmap/arena2.map","Hidden"
"graph","breadth","Success","184.46999999999977","157","20293","20406","0.5781","(147, 139)","(156, 274)","./example/gridmap/arena2.map","Hidden"
"graph","breadth","Success","186.1699999999999","171","18013","18172","0.5312","(141, 265)","(88, 110)","./example/gridmap/arena2.map","Hidden"
"graph","breadth","Success","184.1299999999997","146","17005","17141","0.4844","(20, 125)","(120, 264)","./example/gridmap/arena2.map","Hidden"
"graph","breadth","Success","184.5499999999998","162","14158","14305","0.3906","(148, 239)","(156, 136)","./example/gridmap/arena2.map","Hidden"
"graph","breadth","Success","182.72999999999982","161","20072","20181","0.5938","(150, 131)","(152, 245)","./example/gridmap/arena2.map","Hidden"
"graph","breadth","Success","183.31999999999985","162","15775","15934","0.4531","(68, 280)","(79, 125)","./example/gridmap/arena2.map","Hidden"
"graph","breadth","Success","183.2999999999999","171","10371","10481","0.2969","(182, 264)","(91, 164)","./example/gridmap/arena2.map","Hidden"
"graph","breadth","Success","183.7599999999999","169","8639","8755","0.2344","(186, 277)","(39, 273)","./example/gridmap/arena2.map","Hidden"
"graph","breadth","Success","184.8099999999999","168","22676","22793","0.6562","(157, 182)","(44, 98)","./example/gridmap/arena2.map","Hidden"
"graph","breadth","Success","186.28999999999976","158","18183","18311","0.5","(158, 104)","(89, 262)","./example/gridmap/arena2.map","Hidden"
"graph","breadth","Success","189.4699999999998","162","21205","21293","0.6094","(163, 146)","(153, 229)","./example/gridmap/arena2.map","Hidden"
"graph","breadth","Success","188.14999999999995","182","21216","21316","0.5938","(94, 116)","(51, 250)","./example/gridmap/arena2.map","Hidden"
"graph","breadth","Success","187.67999999999986","168","20633","20721","0.5781","(75, 123)","(151, 263)","./example/gridmap/arena2.map","Hidden"
"graph","breadth","Success","187.1699999999999","172","22276","22357","0.625","(105, 140)","(161, 225)","./example/gridmap/arena2.map","Hidden"
"graph","breadth","Success","189.23999999999984","163","22239","22378","0.6406","(159, 171)","(185, 258)","./example/gridmap/arena2.map","Hidden"
"graph","breadth","Success","188.15999999999974","157","18886","18949","0.5312","(48, 114)","(131, 264)","./example/gridmap/arena2.map","Hidden"
"graph","breadth","Success","190.78999999999994","183","18074","18089","0.5156","(109, 55)","(99, 235)","./example/gridmap/arena2.map","Hidden"
"graph","breadth","Success","188.41999999999982","163","19236","19323","0.5625","(142, 114)","(73, 270)","./example/gridmap/arena2.map","Hidden"
"graph","breadth","Success","189.03999999999985","171","15359","15508","0.4375","(50, 255)","(138, 128)","./example/gridmap/arena2.map","Hidden"
"graph","breadth","Success","187.33999999999978","157","16098","16236","0.4688","(11, 111)","(160, 111)","./example/gridmap/arena2.map","Hidden"
"graph","breadth","Success","193.9399999999999","180","10147","10267","0.3125","(188, 275)","(95, 166)","./example/gridmap/arena2.map","Hidden"
"graph","breadth","Success","191.6299999999999","174","17664","17819","0.5","(67, 279)","(89, 112)","./example/gridmap/arena2.map","Hidden"
"graph","breadth","Success","194.20999999999978","161","10783","10925","0.3125","(182, 220)","(153, 161)","./example/gridmap/arena2.map","Hidden"
"graph","breadth","Success","194.43999999999977","160","22137","22259","0.6406","(38, 160)","(174, 234)","./example/gridmap/arena2.map","Hidden"
"graph","breadth","Success","191.72999999999982","170","20487","20572","0.5781","(59, 120)","(59, 255)","./example/gridmap/arena2.map","Hidden"
"graph","breadth","Success","192.93999999999988","179","20857","20950","0.625","(87, 115)","(55, 264)","./example/gridmap/arena2.map","Hidden"
"graph","breadth","Success","195.59999999999985","171","18282","18304","0.5156","(78, 82)","(106, 253)","./example/gridmap/arena2.map","Hidden"
"graph","breadth","Success","192.16999999999987","177","12881","13013","0.375","(180, 251)","(78, 149)","./example/gridmap/arena2.map","Hidden"
"graph","breadth","Success","189.00999999999982","164","14012","14144","0.4062","(111, 11)","(76, 163)","./example/gridmap/arena2.map","Hidden"
"graph","breadth","Success","192.80999999999986","176","16508","16637","0.4688","(53, 255)","(71, 120)","./example/gridmap/arena2.map","Hidden"
"graph","breadth","Success","199.08999999999983","179","21222","21361","0.6094","(107, 263)","(82, 100)","./example/gridmap/arena2.map","Hidden"
"graph","breadth","Success","198.02999999999972","164","19485","19590","0.5156","(37, 116)","(140, 260)","./example/gridmap/arena2.map","Hidden"
"graph","breadth","Success","197.83999999999992","188","21619","21681","0.5938","(97, 115)","(150, 234)","./example/gridmap/arena2.map","Hidden"
"graph","breadth","Success","193.15999999999974","162","22979","23064","0.625","(127, 165)","(8, 92)","./example/gridmap/arena2.map","Hidden"
"graph","breadth","Success","197.90999999999983","177","15371","15520","0.4375","(149, 232)","(151, 128)","./example/gridmap/arena2.map","Hidden"
"graph","breadth","Success","195.92999999999978","166","15864","16022","0.4688","(151, 268)","(55, 125)","./example/gridmap/arena2.map","Hidden"
"graph","breadth","Success","195.54999999999987","173","10659","10794","0.3125","(195, 261)","(76, 162)","./example/gridmap/arena2.map","Hidden"
"graph","breadth","Success","197.4699999999998","170","18853","18946","0.5469","(134, 258)","(163, 104)","./example/gridmap/arena2.map","Hidden"
"graph","breadth","Success","195.92999999999975","166","14313","14477","0.4062","(48, 260)","(44, 135)","./example/gridmap/arena2.map","Hidden"
"graph","breadth","Success","197.82999999999979","172","10330","10433","0.2969","(197, 239)","(60, 165)","./example/gridmap/arena2.map","Hidden"
"graph","breadth","Success","199.77999999999986","176","23993","24067","0.6719","(55, 182)","(207, 254)","./example/gridmap/arena2.map","Hidden"
"graph","breadth","Success","201.46999999999977","174","23001","23067","0.6875","(140, 156)","(190, 221)","./example/gridmap/arena2.map","Hidden"
"graph","breadth","Success","202.0599999999998","175","18323","18432","0.5312","(12, 109)","(147, 133)","./example/gridmap/arena2.map","Hidden"
"graph","breadth","Success","202.4899999999997","166","16187","16319","0.4688","(149, 264)","(35, 123)","./example/gridmap/arena2.map","Hidden"
"graph","breadth","Success","200.59999999999982","176","14935","15075","0.4375","(167, 237)","(65, 131)","./example/gridmap/arena2.map","Hidden"
"graph","breadth","Success","200.01999999999992","191","19043","19085","0.5312","(94, 85)","(78, 248)","./example/gridmap/arena2.map","Hidden"
"graph","breadth","Success","200.62999999999985","183","15621","15777","0.4531","(40, 264)","(78, 126)","./example/gridmap/arena2.map","Hidden"
"graph","breadth","Success","201.74999999999977","171","20347","20445","0.5781","(153, 119)","(9, 99)","./example/gridmap/arena2.map","Hidden"
"graph","breadth","Success","200.26999999999984","181","23476","23523","0.6562","(87, 154)","(195, 264)","./example/gridmap/arena2.map","Hidden"
"graph","breadth","Success","201.1199999999999","188","18908","18931","0.5156","(118, 89)","(128, 261)","./example/gridmap/arena2.map","Hidden"
"graph","breadth","Success","203.46999999999983","176","22127","22204","0.6094","(68, 134)","(170, 227)","./example/gridmap/arena2.map","Hidden"
"graph","breadth","Success","203.36999999999986","180","10760","10901","0.3125","(201, 269)","(132, 161)","./example/gridmap/arena2.map","Hidden"
"graph","breadth","Success","204.24999999999991","194","16899","17058","0.4844","(151, 226)","(107, 117)","./example/gridmap/arena2.map","Hidden"
"graph","breadth","Success","205.87999999999977","178","23625","23742","0.6562","(159, 183)","(97, 7)","./example/gridmap/arena2.map","Hidden"
"graph","breadth","Success","204.39999999999986","188","22826","22863","0.6562","(112, 133)","(181, 226)","./example/gridmap/arena2.map","Hidden"
"graph","breadth","Success","204.84999999999974","170","21451","21503","0.5938","(32, 131)","(153, 237)","./example/gridmap/arena2.map","Hidden"
"graph","breadth","Success","204.49999999999983","184","19760","19863","0.5625","(146, 99)","(143, 256)","./example/gridmap/arena2.map","Hidden"
"graph","breadth","Success","204.06999999999994","193","18762","18810","0.5312","(119, 99)","(100, 264)","./example/gridmap/arena2.map","Hidden"
"graph","breadth","Success","204.0399999999999","186","15155","15301","0.4219","(170, 222)","(107, 129)","./example/gridmap/arena2.map","Hidden"
"graph","breadth","Success","202.4899999999997","166","19699","19816","0.5469","(123, 252)","(13, 107)","./example/gridmap/arena2.map","Hidden"
"graph","breadth","Success","208.7699999999997","169","17039","17194","0.4844","(146, 264)","(19, 125)","./example/gridmap/arena2.map","Hidden"
"graph","breadth","Success","207.85999999999984","189","14623","14790","0.4219","(182, 250)","(66, 141)","./example/gridmap/arena2.map","Hidden"
"graph","breadth","Success","208.3699999999998","185","21616","21677","0.625","(55, 118)","(147, 234)","./example/gridmap/arena2.map","Hidden"
"graph","breadth","Success","208.56999999999974","177","15240","15385","0.4375","(43, 263)","(43, 129)","./example/gridmap/arena2.map","Hidden"
"graph","breadth","Success","207.75999999999988","193","13811","13942","0.3906","(191, 240)","(102, 138)","./example/gridmap/arena2.map","Hidden"
"graph","breadth","Success","209.7099999999999","197","22386","22467","0.6562","(91, 117)","(35, 265)","./example/gridmap/arena2.map","Hidden"
"graph","breadth","Success","210.75999999999988","196","17547","17700","0.5156","(40, 250)","(73, 113)","./example/gridmap/arena2.map","Hidden"
"graph","breadth","Success","207.42999999999992","198","14693","14861","0.4219","(180, 259)","(112, 132)","./example/gridmap/arena2.map","Hidden"
"graph","breadth","Success","210.0099999999998","185","20251","20381","0.5938","(72, 256)","(74, 94)","./example/gridmap/arena2.map","Hidden"
"graph","breadth","Success","207.97999999999976","176","15878","16036","0.4531","(161, 243)","(41, 125)","./example/gridmap/arena2.map","Hidden"
"graph","breadth","Success","212.62999999999988","195","22775","22809","0.6406","(77, 125)","(180, 242)","./example/gridmap/arena2.map","Hidden"
"graph","breadth","Success","213.2599999999997","178","21333","21405","0.625","(175, 124)","(47, 260)","./example/gridmap/arena2.map","Hidden"
"graph","breadth","Success","214.25999999999974","179","22382","22450","0.6406","(166, 143)","(11, 115)","./example/gridmap/arena2.map","Hidden"
"graph","breadth","Success","211.5999999999998","187","18429","18582","0.5156","(54, 247)","(154, 108)","./example/gridmap/arena2.map","Hidden"
"graph","breadth","Success","214.2999999999999","202","23051","23099","0.6719","(105, 125)","(187, 243)","./example/gridmap/arena2.map","Hidden"
"graph","breadth","Success","210.66999999999976","175","21735","21846","0.5938","(166, 135)","(10, 111)","./example/gridmap/arena2.map","Hidden"
"graph","breadth","Success","212.9899999999999","197","23712","23769","0.6719","(106, 143)","(200, 259)","./example/gridmap/arena2.map","Hidden"
"graph","breadth","Success","212.43999999999974","178","16256","16387","0.4688","(5, 91)","(158, 118)","./example/gridmap/arena2.map","Hidden"
"graph","breadth","Success","214.11999999999992","201","18660","18716","0.5312","(95, 61)","(117, 262)","./example/gridmap/arena2.map","Hidden"
"graph","breadth","Success","209.84999999999977","175","22812","22875","0.6562","(156, 152)","(10, 110)","./example/gridmap/arena2.map","Hidden"
"graph","breadth","Success","214.72999999999982","193","19282","19408","0.5625","(153, 257)","(143, 101)","./example/gridmap/arena2.map","Hidden"
"graph","breadth","Success","216.97999999999973","185","17326","17462","0.4844","(10, 91)","(157, 169)","./example/gridmap/arena2.map","Hidden"
"graph","breadth","Success","218.7099999999999","206","15792","15951","0.4688","(191, 250)","(89, 125)","./example/gridmap/arena2.map","Hidden"
"graph","breadth","Success","216.28999999999976","188","21800","21868","0.5938","(51, 118)","(166, 242)","./example/gridmap/arena2.map","Hidden"
"graph","breadth","Success","215.8099999999999","199","13523","13670","0.3906","(199, 259)","(126, 140)","./example/gridmap/arena2.map","Hidden"
"graph","breadth","Success","215.9799999999998","184","19787","19905","0.5625","(139, 273)","(54, 96)","./example/gridmap/arena2.map","Hidden"
"graph","breadth","Success","217.42999999999992","208","24185","24213","0.6875","(114, 212)","(105, 4)","./example/gridmap/arena2.map","Hidden"
"graph","breadth","Success","216.2599999999997","181","19357","19533","0.5469","(2, 124)","(141, 252)","./example/gridmap/arena2.map","Hidden"
"graph","breadth","Success","214.89999999999972","178","17924","18081","0.5156","(60, 238)","(13, 133)","./example/gridmap/arena2.map","Hidden"
"graph","breadth","Success","215.48999999999972","179","18080","18239","0.5156","(60, 239)","(12, 129)","./example/gridmap/arena2.map","Hidden"
"graph","breadth","Success","222.62999999999985","205","22507","22587","0.6562","(110, 110)","(172, 222)","./example/gridmap/arena2.map","Hidden"
"graph","breadth","Success","218.94999999999973","180","22831","22917","0.625","(175, 159)","(190, 219)","./example/gridmap/arena2.map","Hidden"
"graph","breadth","Success","219.19999999999993","211","18830","18922","0.5469","(146, 222)","(109, 104)","./example/gridmap/arena2.map","Hidden"
"graph","breadth","Success","222.9599999999998","200","19255","19324","0.5312","(54, 77)","(72, 253)","./example/gridmap/arena2.map","Hidden"
"graph","breadth","Success","220.74999999999974","190","22528","22591","0.6562","(153, 125)","(34, 271)","./example/gridmap/arena2.map","Hidden"
"graph","breadth","Success","220.2199999999999","203","22131","22332","0.6406","(68, 268)","(113, 78)","./example/gridmap/arena2.map","Hidden"
"graph","breadth","Success","221.97999999999973","190","22723","22779","0.6406","(47, 129)","(179, 237)","./example/gridmap/arena2.map","Hidden"
"graph","breadth","Success","221.33999999999975","191","20134","20265","0.5781","(144, 256)","(172, 93)","./example/gridmap/arena2.map","Hidden"
"graph","breadth","Success","219.80999999999986","203","23288","23340","0.6562","(90, 128)","(191, 231)","./example/gridmap/arena2.map","Hidden"
"graph","breadth","Success","222.19999999999993","214","23868","23878","0.6875","(104, 254)","(106, 40)","./example/gridmap/arena2.map","Hidden"
"graph","breadth","Success","224.3099999999997","187","20218","20336","0.5781","(170, 100)","(142, 280)","./example/gridmap/arena2.map","Hidden"
"graph","breadth","Success","225.65999999999994","215","16735","16882","0.4688","(186, 262)","(115, 118)","./example/gridmap/arena2.map","Hidden"
"graph","breadth","Success","224.84999999999974","190","15276","15421","0.4219","(157, 218)","(37, 129)","./example/gridmap/arena2.map","Hidden"
"graph","breadth","Success","224.5899999999997","184","18079","18238","0.5781","(55, 274)","(12, 132)","./example/gridmap/arena2.map","Hidden"
"graph","breadth","Success","223.83999999999992","214","21005","21125","0.7188","(50, 253)","(102, 85)","./example/gridmap/arena2.map","Hidden"
"graph","breadth","Success","224.7099999999999","212","20046","20163","0.625","(114, 73)","(74, 236)","./example/gridmap/arena2.map","Hidden"
"graph","breadth","Success","232.72999999999982","211","23006","23053","0.6875","(79, 239)","(114, 102)","./example/gridmap/arena2.map","Hidden"
"graph","breadth","Success","225.1099999999998","196","23347","23406","0.7031","(168, 138)","(194, 245)","./example/gridmap/arena2.map","Hidden"
"graph","breadth","Success","224.6599999999999","214","17631","17664","0.5156","(105, 0)","(107, 214)","./example/gridmap/arena2.map","Hidden"
"graph","breadth","Success","223.1199999999999","210","22010","22085","0.6406","(111, 99)","(160, 228)","./example/gridmap/arena2.map","Hidden"
"graph","breadth","Success","229.88999999999993","218","23018","23064","0.6719","(61, 246)","(94, 70)","./example/gridmap/arena2.map","Hidden"
"graph","breadth","Success","230.6599999999999","220","23634","23665","0.6875","(135, 250)","(102, 55)","./example/gridmap/arena2.map","Hidden"
"graph","breadth","Success","236.56999999999977","205","21700","21883","0.6406","(72, 235)","(125, 82)","./example/gridmap/arena2.map","Hidden"
"graph","breadth","Success","229.3499999999999","215","23497","23531","0.7031","(134, 262)","(103, 59)","./example/gridmap/arena2.map","Hidden"
"graph","breadth","Success","229.87999999999977","202","18067","18225","0.5156","(172, 246)","(166, 110)","./example/gridmap/arena2.map","Hidden"
"graph","breadth","Success","228.57999999999987","213","20862","20955","0.5781","(102, 81)","(55, 235)","./example/gridmap/arena2.map","Hidden"
"graph","breadth","Success","226.49999999999986","206","23629","23683","0.6719","(144, 148)","(197, 267)","./example/gridmap/arena2.map","Hidden"
"graph","breadth","Success","228.91999999999965","183","19890","20022","0.5469","(10, 111)","(65, 275)","./example/gridmap/arena2.map","Hidden"
"graph","breadth","Success","229.93999999999988","216","19815","19921","0.5781","(111, 67)","(66, 240)","./example/gridmap/arena2.map","Hidden"
"graph","breadth","Success","229.13999999999984","207","23841","23902","0.6875","(141, 148)","(202, 270)","./example/gridmap/arena2.map","Hidden"
"graph","breadth","Success","230.68999999999969","186","19330","19434","0.5312","(64, 235)","(2, 112)","./example/gridmap/arena2.map","Hidden"
"graph","breadth","Success","230.64999999999978","204","20775","20878","0.6094","(57, 263)","(131, 100)","./example/gridmap/arena2.map","Hidden"
"graph","breadth","Success","233.4899999999997","197","21161","21261","0.5938","(169, 100)","(157, 274)","./example/gridmap/arena2.map","Hidden"
"graph","breadth","Success","234.20999999999975","201","19185","19307","0.5469","(156, 235)","(174, 101)","./example/gridmap/arena2.map","Hidden"
"graph","breadth","Success","233.12999999999968","195","17653","17807","0.5312","(41, 268)","(174, 113)","./example/gridmap/arena2.map","Hidden"
"graph","breadth","Success","234.5399999999997","196","15855","16013","0.4688","(181, 229)","(175, 125)","./example/gridmap/arena2.map","Hidden"
"graph","breadth","Success","234.70999999999992","222","20479","20562","0.5938","(87, 68)","(59, 251)","./example/gridmap/arena2.map","Hidden"
"graph","breadth","Success","233.56999999999977","202","20912","21006","0.5781","(137, 92)","(55, 269)","./example/gridmap/arena2.map","Hidden"
"graph","breadth","Success","233.5999999999998","209","19975","20091","0.5625","(51, 76)","(64, 254)","./example/gridmap/arena2.map","Hidden"
"graph","breadth","Success","230.86999999999966","187","19325","19434","0.5469","(73, 280)","(2, 117)","./example/gridmap/arena2.map","Hidden"
"graph","breadth","Success","236.87999999999977","209","19816","19922","0.5625","(62, 74)","(69, 276)","./example/gridmap/arena2.map","Hidden"
"graph","breadth","Success","236.18999999999983","212","19559","19672","0.5469","(170, 245)","(68, 100)","./example/gridmap/arena2.map","Hidden"
"graph","breadth","Success","238.26999999999987","219","24295","24310","0.6719","(136, 132)","(186, 280)","./example/gridmap/arena2.map","Hidden"
"graph","breadth","Success","235.88999999999993","224","20116","20234","0.5625","(90, 62)","(78, 235)","./example/gridmap/arena2.map","Hidden"
"graph","breadth","Success","236.28999999999976","208","13889","14024","0.4062","(206, 246)","(167, 138)","./example/gridmap/arena2.map","Hidden"
"graph","breadth","Success","243.74999999999974","213","21458","21624","0.5938","(54, 261)","(83, 84)","./example/gridmap/arena2.map","Hidden"
"graph","breadth","Success","237.28999999999982","209","14151","14298","0.4062","(195, 274)","(149, 136)","./example/gridmap/arena2.map","Hidden"
"graph","breadth","Success","234.3999999999999","218","20588","20675","0.5938","(88, 97)","(58, 263)","./example/gridmap/arena2.map","Hidden"
"graph","breadth","Success","238.4699999999998","211","19456","19565","0.5625","(170, 244)","(51, 99)","./example/gridmap/arena2.map","Hidden"
"graph","breadth","Success","238.2599999999997","203","24036","24103","0.6875","(157, 142)","(205, 273)","./example/gridmap/arena2.map","Hidden"
"graph","breadth","Success","241.7699999999997","202","21372","21438","0.5938","(13, 107)","(159, 260)","./example/gridmap/arena2.map","Hidden"
"graph","breadth","Success","241.2899999999998","213","21282","21430","0.6094","(53, 270)","(66, 83)","./example/gridmap/arena2.map","Hidden"
"graph","breadth","Success","240.08999999999986","220","23167","23221","0.6719","(144, 109)","(178, 258)","./example/gridmap/arena2.map","Hidden"
"graph","breadth","Success","241.64999999999978","215","22425","22509","0.6562","(163, 99)","(35, 251)","./example/gridmap/arena2.map","Hidden"
"graph","breadth","Success","240.37999999999963","192","20525","20609","0.5469","(9, 108)","(59, 280)","./example/gridmap/arena2.map","Hidden"
"graph","breadth","Success","238.72999999999985","217","23981","24047","0.6719","(75, 127)","(189, 273)","./example/gridmap/arena2.map","Hidden"
"graph","breadth","Success","241.1099999999998","212","20776","20866","0.5625","(85, 98)","(56, 270)","./example/gridmap/arena2.map","Hidden"
"graph","breadth","Success","242.31999999999982","221","24227","24256","0.6719","(92, 127)","(205, 277)","./example/gridmap/arena2.map","Hidden"
"graph","breadth","Success","240.94999999999968","202","20150","20281","0.5781","(54, 251)","(3, 103)","./example/gridmap/arena2.map","Hidden"
"graph","breadth","Success","239.69999999999976","211","20107","20225","0.5781","(151, 75)","(146, 273)","./example/gridmap/arena2.map","Hidden"
"graph","breadth","Success","243.57999999999987","228","22507","22646","0.6562","(45, 260)","(119, 94)","./example/gridmap/arena2.map","Hidden"
"graph","breadth","Success","245.80999999999986","229","21849","21919","0.5938","(120, 84)","(167, 231)","./example/gridmap/arena2.map","Hidden"
"graph","breadth","Success","244.97999999999973","213","22559","22614","0.6719","(154, 103)","(176, 224)","./example/gridmap/arena2.map","Hidden"
"graph","breadth","Success","245.95999999999984","223","20781","20873","0.5781","(122, 70)","(153, 278)","./example/gridmap/arena2.map","Hidden"
"graph","breadth","Success","244.58999999999966","204","22534","22591","0.6406","(171, 111)","(34, 277)","./example/gridmap/arena2.map","Hidden"
"graph","breadth","Success","247.24999999999991","237","23629","23660","0.6562","(57, 250)","(104, 55)","./example/gridmap/arena2.map","Hidden"
"graph","breadth","Success","255.48999999999972","219","22543","22676","0.6406","(155, 274)","(125, 76)","./example/gridmap/arena2.map","Hidden"
"graph","breadth","Success","246.33999999999975","216","22644","22703","0.625","(152, 101)","(171, 220)","./example/gridmap/arena2.map","Hidden"
"graph","breadth","Success","243.92999999999978","214","20175","20308","0.5781","(167, 243)","(46, 93)","./example/gridmap/arena2.map","Hidden"
"graph","breadth","Success","243.3899999999998","211","14306","14468","0.4062","(198, 275)","(156, 135)","./example/gridmap/arena2.map","Hidden"
"graph","breadth","Success","248.24999999999991","238","21904","22090","0.6094","(153, 220)","(109, 79)","./example/gridmap/arena2.map","Hidden"
"graph","breadth","Success","249.7199999999997","212","22499","22552","0.6562","(40, 103)","(175, 230)","./example/gridmap/arena2.map","Hidden"
"graph","breadth","Success","245.86999999999966","202","21045","21142","0.5938","(4, 104)","(53, 264)","./example/gridmap/arena2.map","Hidden"
"graph","breadth","Success","249.39999999999986","233","23406","23451","0.6406","(103, 101)","(194, 257)","./example/gridmap/arena2.map","Hidden"
"graph","breadth","Success","248.64999999999978","222","22772","22805","0.625","(161, 98)","(179, 249)","./example/gridmap/arena2.map","Hidden"
"graph","breadth","Success","251.13999999999982","229","23820","23882","0.6719","(70, 113)","(202, 254)","./example/gridmap/arena2.map","Hidden"
"graph","breadth","Success","247.4899999999997","211","15740","15897","0.4375","(197, 244)","(28, 127)","./example/gridmap/arena2.map","Hidden"
"graph","breadth","Success","248.13999999999982","226","19281","19405","0.5469","(186, 249)","(143, 102)","./example/gridmap/arena2.map","Hidden"
"graph","breadth","Success","247.51999999999975","218","18764","18853","0.5312","(183, 240)","(164, 105)","./example/gridmap/arena2.map","Hidden"
"graph","breadth","Success","247.4699999999998","220","20832","20939","0.5938","(160, 230)","(130, 95)","./example/gridmap/arena2.map","Hidden"
"graph","breadth","Success","252.52999999999992","239","21142","21242","0.6094","(122, 58)","(150, 240)","./example/gridmap/arena2.map","Hidden"
"graph","breadth","Success","253.67999999999986","234","22039","22115","0.6406","(118, 75)","(40, 269)","./example/gridmap/arena2.map","Hidden"
"graph","breadth","Success","254.85999999999984","236","22636","22759","0.6406","(38, 269)","(116, 75)","./example/gridmap/arena2.map","Hidden"
"graph","breadth","Success","254.62999999999985","237","24081","24148","0.7031","(81, 109)","(206, 238)","./example/gridmap/arena2.map","Hidden"
"graph","breadth","Success","251.7799999999998","228","16537","16668","0.4688","(182, 277)","(151, 120)","./example/gridmap/arena2.map","Hidden"
"graph","breadth","Success","251.60999999999993","243","23057","23103","0.6094","(37, 250)","(100, 69)","./example/gridmap/arena2.map","Hidden"
"graph","breadth","Success","253.0099999999998","228","23708","23766","0.6875","(146, 112)","(200, 257)","./example/gridmap/arena2.map","Hidden"
"graph","breadth","Success","251.61999999999972","218","20131","20262","0.5625","(38, 265)","(40, 93)","./example/gridmap/arena2.map","Hidden"
"graph","breadth","Success","251.6699999999997","216","19933","20056","0.5625","(38, 275)","(161, 95)","./example/gridmap/arena2.map","Hidden"
"graph","breadth","Success","253.0899999999999","233","22350","22504","0.6406","(169, 227)","(95, 93)","./example/gridmap/arena2.map","Hidden"
"graph","breadth","Success","262.2099999999998","229","22387","22538","0.625","(166, 232)","(129, 77)","./example/gridmap/arena2.map","Hidden"
"graph","breadth","Success","256.2099999999997","223","23919","23983","0.6875","(164, 120)","(192, 272)","./example/gridmap/arena2.map","Hidden"
"graph","breadth","Success","256.21999999999986","239","21962","22036","0.6406","(129, 84)","(41, 267)","./example/gridmap/arena2.map","Hidden"
"graph","breadth","Success","259.2199999999999","242","21987","22061","0.6406","(121, 67)","(169, 237)","./example/gridmap/arena2.map","Hidden"
"graph","breadth","Success","256.7099999999999","244","24008","24011","0.6406","(127, 251)","(106, 23)","./example/gridmap/arena2.map","Hidden"
"graph","breadth","Success","255.03999999999985","237","22334","22417","0.625","(122, 83)","(168, 224)","./example/gridmap/arena2.map","Hidden"
"graph","breadth","Success","256.39999999999986","240","21952","22026","0.6406","(130, 76)","(41, 257)","./example/gridmap/arena2.map","Hidden"
"graph","breadth","Success","254.04999999999967","211","20672","20761","0.5781","(4, 91)","(57, 240)","./example/gridmap/arena2.map","Hidden"
"graph","breadth","Success","255.8499999999997","221","19218","19343","0.5469","(182, 242)","(35, 101)","./example/gridmap/arena2.map","Hidden"
"graph","breadth","Success","254.28999999999982","226","20864","20974","0.5938","(163, 224)","(79, 101)","./example/gridmap/arena2.map","Hidden"
"graph","breadth","Success","261.1599999999998","230","19983","20107","0.5625","(184, 221)","(137, 102)","./example/gridmap/arena2.map","Hidden"
"graph","breadth","Success","261.4399999999997","227","21301","21448","0.6094","(39, 274)","(77, 83)","./example/gridmap/arena2.map","Hidden"
"graph","breadth","Success","258.9499999999997","220","21635","21698","0.5938","(4, 94)","(45, 252)","./example/gridmap/arena2.map","Hidden"
"graph","breadth","Success","261.9399999999999","248","22383","22466","0.625","(95, 66)","(35, 262)","./example/gridmap/arena2.map","Hidden"
"graph","breadth","Success","259.2299999999997","217","15103","15245","0.4375","(206, 276)","(172, 130)","./example/gridmap/arena2.map","Hidden"
"graph","breadth","Success","262.4199999999998","237","23225","23278","0.6719","(60, 93)","(183, 259)","./example/gridmap/arena2.map","Hidden"
"graph","breadth","Success","263.2499999999999","253","21173","21274","0.6094","(110, 44)","(52, 248)","./example/gridmap/arena2.map","Hidden"
"graph","breadth","Success","262.5799999999999","247","22875","22915","0.6406","(89, 76)","(183, 245)","./example/gridmap/arena2.map","Hidden"
"graph","breadth","Success","260.4799999999999","249","24137","24198","0.6719","(99, 98)","(207, 245)","./example/gridmap/arena2.map","Hidden"
"graph","breadth","Success","260.7699999999997","221","23268","23320","0.6719","(12, 127)","(191, 256)","./example/gridmap/arena2.map","Hidden"
"graph","breadth","Success","263.8499999999997","229","22734","22790","0.6406","(51, 90)","(179, 226)","./example/gridmap/arena2.map","Hidden"
"graph","breadth","Success","265.7199999999997","228","16866","17024","0.4688","(206, 258)","(36, 118)","./example/gridmap/arena2.map","Hidden"
"graph","breadth","Success","263.4899999999997","227","18976","19084","0.6562","(190, 227)","(46, 103)","./example/gridmap/arena2.map","Hidden"
"graph","breadth","Success","263.04999999999967","220","22814","22851","0.7031","(9, 111)","(181, 238)","./example/gridmap/arena2.map","Hidden"
"graph","breadth","Success","262.53999999999974","224","15692","15847","0.4688","(201, 279)","(168, 126)","./example/gridmap/arena2.map","Hidden"
"graph","breadth","Success","263.09999999999974","218","19364","19472","0.5781","(161, 219)","(2, 114)","./example/gridmap/arena2.map","Hidden"
"graph","breadth","Success","263.33999999999975","233","18535","18673","0.5312","(200, 236)","(162, 107)","./example/gridmap/arena2.map","Hidden"
"graph","breadth","Success","264.5399999999997","226","21530","21706","0.6094","(152, 229)","(13, 92)","./example/gridmap/arena2.map","Hidden"
"graph","breadth","Success","263.38999999999976","231","21843","22039","0.625","(171, 227)","(68, 80)","./example/gridmap/arena2.map","Hidden"
"graph","breadth","Success","263.7499999999999","233","23684","23740","0.6875","(61, 106)","(197, 268)","./example/gridmap/arena2.map","Hidden"
"graph","breadth","Success","268.82999999999987","243","19733","19849","0.5625","(199, 235)","(144, 96)","./example/gridmap/arena2.map","Hidden"
"graph","breadth","Success","267.06","240","19869","19990","0.5625","(195, 254)","(138, 95)","./example/gridmap/arena2.map","Hidden"
"graph","breadth","Success","268.38999999999976","236","24088","24154","0.7188","(165, 110)","(206, 258)","./example/gridmap/arena2.map","Hidden"
"graph","breadth","Success","266.7099999999999","254","23461","23508","0.6875","(100, 81)","(180, 264)","./example/gridmap/arena2.map","Hidden"
"graph","breadth","Success","266.8199999999997","225","22890","22931","0.6562","(10, 108)","(183, 240)","./example/gridmap/arena2.map","Hidden"
"graph","breadth","Success","269.97999999999973","238","23588","23642","0.6719","(44, 100)","(198, 252)","./example/gridmap/arena2.map","Hidden"
"graph","breadth","Success","269.7099999999999","257","24223","24244","0.7031","(99, 260)","(110, 3)","./example/gridmap/arena2.map","Hidden"
"graph","breadth","Success","267.1599999999998","236","23002","23048","0.6719","(172, 90)","(186, 248)","./example/gridmap/arena2.map","Hidden"
"graph","breadth","Success","269.8099999999999","253","21411","21571","0.625","(190, 264)","(98, 82)","./example/gridmap/arena2.map","Hidden"
"graph","breadth","Success","269.2299999999997","227","23263","23315","0.6562","(6, 118)","(191, 239)","./example/gridmap/arena2.map","Hidden"
"graph","breadth","Success","272.7499999999998","242","23344","23387","0.6719","(172, 91)","(193, 245)","./example/gridmap/arena2.map","Hidden"
"graph","breadth","Success","281.51999999999975","252","22889","22948","0.6562","(185, 227)","(116, 100)","./example/gridmap/arena2.map","Hidden"
"graph","breadth","Success","274.49","238","23366","23408","0.6719","(40, 95)","(193, 259)","./example/gridmap/arena2.map","Hidden"
"graph","breadth","Success","272.31999999999994","251","22318","22400","0.625","(95, 62)","(36, 280)","./example/gridmap/arena2.map","Hidden"
"graph","breadth","Success","271.7599999999999","257","23495","23544","0.6719","(105, 79)","(196, 237)","./example/gridmap/arena2.map","Hidden"
"graph","breadth","Success","271.03999999999985","253","23080","23129","0.6875","(86, 86)","(187, 230)","./example/gridmap/arena2.map","Hidden"
"graph","breadth","Success","274.32000000000005","253","24128","24191","0.7188","(101, 93)","(200, 275)","./example/gridmap/arena2.map","Hidden"
"graph","breadth","Success","272.7799999999998","249","23815","23877","0.6875","(151, 93)","(202, 241)","./example/gridmap/arena2.map","Hidden"
"graph","breadth","Success","274.26999999999987","255","22721","22777","0.6875","(76, 74)","(179, 239)","./example/gridmap/arena2.map","Hidden"
"graph","breadth","Success","271.76","257","22644","22769","0.6719","(182, 261)","(93, 95)","./example/gridmap/arena2.map","Hidden"
"graph","breadth","Success","279.24999999999994","269","23775","23788","0.6875","(176, 245)","(108, 47)","./example/gridmap/arena2.map","Hidden"
"graph","breadth","Success","277.6499999999998","251","23750","23810","0.6875","(70, 90)","(201, 249)","./example/gridmap/arena2.map","Hidden"
"graph","breadth","Success","274.59","234","23864","23926","0.6719","(174, 108)","(200, 271)","./example/gridmap/arena2.map","Hidden"
"graph","breadth","Success","278.23999999999984","252","23752","23812","0.6875","(68, 89)","(201, 250)","./example/gridmap/arena2.map","Hidden"
"graph","breadth","Success","276.7099999999999","264","23253","23305","0.6562","(101, 67)","(191, 244)","./example/gridmap/arena2.map","Hidden"
"graph","breadth","Success","277.79999999999984","245","23914","23978","0.6875","(168, 98)","(187, 272)","./example/gridmap/arena2.map","Hidden"
"graph","breadth","Success","277.86999999999966","234","17182","17334","0.4844","(204, 279)","(36, 116)","./example/gridmap/arena2.map","Hidden"
"graph","breadth","Success","276.2299999999997","234","18717","18805","0.5625","(194, 269)","(8, 134)","./example/gridmap/arena2.map","Hidden"
"graph","breadth","Success","275.82999999999987","250","23668","23724","0.6562","(132, 94)","(181, 268)","./example/gridmap/arena2.map","Hidden"
"graph","breadth","Success","277.95999999999987","255","23880","23944","0.6719","(147, 88)","(203, 253)","./example/gridmap/arena2.map","Hidden"
"graph","breadth","Success","280.96999999999997","233","24308","24310","0.6875","(20, 123)","(203, 280)","./example/gridmap/arena2.map","Hidden"
"graph","breadth","Success","280.96","258","22872","22932","0.625","(191, 222)","(94, 73)","./example/gridmap/arena2.map","Hidden"
"graph","breadth","Success","283.03999999999985","265","23760","23774","0.6562","(36, 274)","(101, 48)","./example/gridmap/arena2.map","Hidden"
"graph","breadth","Success","279.5799999999999","264","19727","19828","0.5625","(104, 18)","(142, 260)","./example/gridmap/arena2.map","Hidden"
"graph","breadth","Success","281.53","268","23979","23987","0.6719","(54, 240)","(100, 27)","./example/gridmap/arena2.map","Hidden"
"graph","breadth","Success","282.4699999999999","255","23416","23461","0.6562","(133, 79)","(181, 263)","./example/gridmap/arena2.map","Hidden"
"graph","breadth","Success","280.7499999999998","250","23889","23953","0.6562","(162, 93)","(203, 235)","./example/gridmap/arena2.map","Hidden"
"graph","breadth","Success","281.22000000000014","264","23231","23276","0.625","(190, 241)","(89, 66)","./example/gridmap/arena2.map","Hidden"
"graph","breadth","Success","281.7099999999999","269","23695","23753","0.6875","(115, 71)","(200, 242)","./example/gridmap/arena2.map","Hidden"
"graph","breadth","Success","278.3500000000001","264","18728","18785","0.5312","(98, 16)","(86, 257)","./example/gridmap/arena2.map","Hidden"
"graph","breadth","Success","283.02999999999975","249","20151","20283","0.5625","(199, 271)","(55, 93)","./example/gridmap/arena2.map","Hidden"
"graph","breadth","Success","284.28999999999996","256","20410","20531","0.5938","(186, 276)","(68, 91)","./example/gridmap/arena2.map","Hidden"
"graph","breadth","Success","282.3499999999999","268","21176","21275","0.5938","(107, 33)","(157, 258)","./example/gridmap/arena2.map","Hidden"
"graph","breadth","Success","283.57999999999987","268","20764","20855","0.5938","(104, 25)","(56, 263)","./example/gridmap/arena2.map","Hidden"
"graph","breadth","Success","285.47999999999996","274","22841","22879","0.6562","(107, 48)","(182, 243)","./example/gridmap/arena2.map","Hidden"
"graph","breadth","Success","284.6399999999997","242","18233","18393","0.5312","(206, 280)","(173, 109)","./example/gridmap/arena2.map","Hidden"
"graph","breadth","Success","284.0400000000002","266","18823","18852","0.5156","(111, 16)","(84, 261)","./example/gridmap/arena2.map","Hidden"
"graph","breadth","Success","284.58000000000004","269","24309","24308","0.6875","(90, 263)","(97, 21)","./example/gridmap/arena2.map","Hidden"
"graph","breadth","Success","285.4400000000002","251","24165","24198","0.6875","(70, 99)","(207, 271)","./example/gridmap/arena2.map","Hidden"
"graph","breadth","Success","283.6600000000001","273","22320","22403","0.625","(109, 40)","(154, 224)","./example/gridmap/arena2.map","Hidden"
"graph","breadth","Success","286.76999999999975","247","21235","21375","0.5938","(179, 260)","(11, 94)","./example/gridmap/arena2.map","Hidden"
"graph","breadth","Success","288.89","277","24231","24261","0.6719","(114, 72)","(178, 278)","./example/gridmap/arena2.map","Hidden"
"graph","breadth","Success","291.2200000000003","274","24025","24092","0.7031","(106, 71)","(205, 262)","./example/gridmap/arena2.map","Hidden"
"graph","breadth","Success","290.0400000000002","272","19942","20055","0.5938","(101, 12)","(144, 265)","./example/gridmap/arena2.map","Hidden"
"graph","breadth","Success","286.0400000000001","268","20352","20431","0.6094","(102, 20)","(61, 269)","./example/gridmap/arena2.map","Hidden"
"graph","breadth","Success","287.35999999999973","248","19463","19572","0.5938","(201, 276)","(44, 99)","./example/gridmap/arena2.map","Hidden"
"graph","breadth","Success","287.76000000000005","273","24252","24274","0.7188","(79, 246)","(111, 13)","./example/gridmap/arena2.map","Hidden"
"graph","breadth","Success","288.07000000000005","277","24075","24082","0.7188","(60, 249)","(103, 12)","./example/gridmap/arena2.map","Hidden"
"graph","breadth","Success","294.2600000000003","259","21801","21994","0.6406","(199, 265)","(129, 80)","./example/gridmap/arena2.map","Hidden"
"graph","breadth","Success","288.06999999999994","277","21116","21213","0.6094","(105, 20)","(52, 251)","./example/gridmap/arena2.map","Hidden"
"graph","breadth","Success","293.0400000000001","275","23592","23646","0.6875","(124, 63)","(198, 254)","./example/gridmap/arena2.map","Hidden"
"graph","breadth","Success","292.5300000000001","279","22109","22186","0.6406","(102, 31)","(152, 227)","./example/gridmap/arena2.map","Hidden"
"graph","breadth","Success","294.2900000000002","266","24185","24214","0.7188","(143, 81)","(193, 276)","./example/gridmap/arena2.map","Hidden"
"graph","breadth","Success","294.97999999999985","263","22561","22691","0.6406","(199, 267)","(65, 76)","./example/gridmap/arena2.map","Hidden"
"graph","breadth","Success","291.2700000000001","272","23077","23126","0.6719","(92, 55)","(187, 233)","./example/gridmap/arena2.map","Hidden"
"graph","breadth","Success","290.6499999999998","264","22558","22689","0.6406","(186, 269)","(60, 76)","./example/gridmap/arena2.map","Hidden"
"graph","breadth","Success","290.45999999999987","247","20579","20678","0.5781","(197, 252)","(6, 100)","./example/gridmap/arena2.map","Hidden"
"graph","breadth","Success","291.15999999999974","260","20492","20612","0.5938","(194, 279)","(157, 90)","./example/gridmap/arena2.map","Hidden"
"graph","breadth","Success","291.55000000000047","269","24131","24194","0.6875","(103, 77)","(203, 275)","./example/gridmap/arena2.map","Hidden"
"graph","breadth","Success","291.22000000000014","274","24080","24088","0.6875","(65, 235)","(106, 12)","./example/gridmap/arena2.map","Hidden"
"graph","breadth","Success","292.26999999999987","273","23895","23896","0.6562","(40, 276)","(100, 36)","./example/gridmap/arena2.map","Hidden"
"graph","breadth","Success","296.69999999999976","268","22048","22244","0.6406","(181, 276)","(50, 79)","./example/gridmap/arena2.map","Hidden"
"graph","breadth","Success","295.5500000000002","273","24065","24072","0.7031","(62, 276)","(108, 14)","./example/gridmap/arena2.map","Hidden"
"graph","breadth","Success","296.27000000000044","277","23663","23718","0.7031","(99, 62)","(199, 266)","./example/gridmap/arena2.map","Hidden"
"graph","breadth","Success","296.01","271","22340","22500","0.625","(207, 277)","(89, 89)","./example/gridmap/arena2.map","Hidden"
"graph","breadth","Success","294.22000000000014","277","19788","19893","0.5312","(112, 6)","(71, 238)","./example/gridmap/arena2.map","Hidden"
"graph","breadth","Success","296.16000000000014","265","24212","24241","0.7344","(71, 83)","(190, 277)","./example/gridmap/arena2.map","Hidden"
"graph","breadth","Success","298.03999999999996","280","23891","23893","0.6719","(170, 220)","(111, 37)","./example/gridmap/arena2.map","Hidden"
"graph","breadth","Success","297.6800000000003","278","23132","23183","0.6719","(102, 50)","(188, 228)","./example/gridmap/arena2.map","Hidden"
"graph","breadth","Success","296.9900000000002","281","21330","21415","0.6094","(108, 18)","(50, 242)","./example/gridmap/arena2.map","Hidden"
"graph","breadth","Success","298.53000000000003","285","20713","20803","0.5938","(101, 7)","(149, 245)","./example/gridmap/arena2.map","Hidden"
"graph","breadth","Success","300.99000000000024","285","24292","24297","0.7188","(64, 256)","(112, 0)","./example/gridmap/arena2.map","Hidden"
"graph","breadth","Success","300.5100000000001","255","20682","20782","0.6094","(204, 254)","(3, 99)","./example/gridmap/arena2.map","Hidden"
"graph","breadth","Success","299.86000000000047","281","23086","23135","0.6562","(108, 46)","(187, 224)","./example/gridmap/arena2.map","Hidden"
"graph","breadth","Success","301.5100000000001","256","23960","24025","0.8125","(12, 98)","(204, 263)","./example/gridmap/arena2.map","Hidden"
"graph","breadth","Success","302.47999999999996","291","23724","23782","0.7344","(107, 49)","(180, 269)","./example/gridmap/arena2.map","Hidden"
"graph","breadth","Success","296.04000000000036","278","22279","22360","0.6406","(102, 35)","(164, 225)","./example/gridmap/arena2.map","Hidden"
"graph","breadth","Success","298.92000000000013","253","24187","24216","0.7031","(12, 104)","(195, 276)","./example/gridmap/arena2.map","Hidden"
"graph","breadth","Success","300.5500000000001","278","24081","24089","0.7656","(150, 274)","(107, 12)","./example/gridmap/arena2.map","Hidden"
"graph","breadth","Success","300.63000000000005","283","24139","24160","0.7344","(149, 265)","(104, 6)","./example/gridmap/arena2.map","Hidden"
"graph","breadth","Success","303.13000000000045","265","24281","24305","0.8438","(77, 85)","(201, 279)","./example/gridmap/arena2.map","Hidden"
"graph","breadth","Success","305.81000000000046","289","23131","23182","0.6719","(108, 39)","(188, 229)","./example/gridmap/arena2.map","Hidden"
"graph","breadth","Success","303.91000000000025","283","24275","24297","0.7656","(144, 265)","(111, 14)","./example/gridmap/arena2.map","Hidden"
"graph","breadth","Success","303.9100000000001","283","23385","23426","0.6875","(205, 268)","(117, 62)","./example/gridmap/arena2.map","Hidden"
"graph","breadth","Success","302.17000000000013","287","24003","24006","0.7344","(153, 226)","(105, 24)","./example/gridmap/arena2.map","Hidden"
"graph","breadth","Success","305.27","286","24006","24009","0.7344","(40, 272)","(104, 23)","./example/gridmap/arena2.map","Hidden"
"graph","breadth","Success","303.7200000000001","266","22051","22246","0.6875","(205, 272)","(74, 79)","./example/gridmap/arena2.map","Hidden"
"graph","breadth","Success","303.35000000000014","289","23432","23469","0.7344","(178, 279)","(120, 61)","./example/gridmap/arena2.map","Hidden"
"graph","breadth","Success","303.48","292","23434","23481","0.75","(106, 43)","(195, 244)","./example/gridmap/arena2.map","Hidden"
"graph","breadth","Success","304.2000000000001","255","19822","19941","0.6406","(199, 280)","(8, 106)","./example/gridmap/arena2.map","Hidden"
"graph","breadth","Success","308.81000000000006","292","24254","24277","0.8125","(153, 263)","(102, 1)","./example/gridmap/arena2.map","Hidden"
"graph","breadth","Success","306.7099999999999","294","21765","21833","0.6875","(108, 12)","(43, 252)","./example/gridmap/arena2.map","Hidden"
"graph","breadth","Success","308.35000000000014","294","22776","22810","0.6875","(100, 26)","(180, 241)","./example/gridmap/arena2.map","Hidden"
"graph","breadth","Success","307.8600000000003","289","21046","21143","0.625","(110, 7)","(53, 237)","./example/gridmap/arena2.map","Hidden"
"graph","breadth","Success","308.98999999999995","293","23902","23908","0.7188","(185, 256)","(99, 34)","./example/gridmap/arena2.map","Hidden"
"graph","breadth","Success","305.3500000000001","291","19764","19868","0.5938","(97, 23)","(66, 246)","./example/gridmap/arena2.map","Hidden"
"graph","breadth","Success","309.99000000000007","294","22009","22084","0.6875","(108, 15)","(169, 245)","./example/gridmap/arena2.map","Hidden"
"graph","breadth","Success","310.32","289","23440","23475","0.6875","(198, 279)","(95, 61)","./example/gridmap/arena2.map","Hidden"
"graph","breadth","Success","307.9600000000002","285","23307","23351","0.7188","(200, 278)","(121, 64)","./example/gridmap/arena2.map","Hidden"
"graph","breadth","Success","309.14000000000055","287","21160","21258","0.6406","(105, 10)","(52, 278)","./example/gridmap/arena2.map","Hidden"
"graph","breadth","Success","308.0900000000004","288","22637","22696","0.6875","(106, 29)","(164, 220)","./example/gridmap/arena2.map","Hidden"
"graph","breadth","Success","311.3000000000001","299","24187","24215","0.7188","(46, 253)","(106, 4)","./example/gridmap/arena2.map","Hidden"
"graph","breadth","Success","314.0900000000005","294","22789","22823","0.6406","(99, 26)","(180, 228)","./example/gridmap/arena2.map","Hidden"
"graph","breadth","Success","308.58000000000027","293","24208","24229","0.6719","(147, 240)","(111, 11)","./example/gridmap/arena2.map","Hidden"
"graph","breadth","Success","311.76000000000016","297","24240","24262","0.7188","(50, 257)","(98, 2)","./example/gridmap/arena2.map","Hidden"
"graph","breadth","Success","312.50000000000017","292","24050","24056","0.7031","(163, 229)","(108, 16)","./example/gridmap/arena2.map","Hidden"
"graph","breadth","Success","307.1700000000002","292","23069","23118","0.6875","(101, 35)","(183, 256)","./example/gridmap/arena2.map","Hidden"
"graph","breadth","Success","312.6600000000001","302","23872","23936","0.7188","(109, 41)","(203, 249)","./example/gridmap/arena2.map","Hidden"
"graph","breadth","Success","309.81000000000023","293","20107","20225","0.5781","(97, 22)","(63, 262)","./example/gridmap/arena2.map","Hidden"
"graph","breadth","Success","312.8100000000004","296","23504","23552","0.7188","(106, 40)","(196, 261)","./example/gridmap/arena2.map","Hidden"
"graph","breadth","Success","316.35","302","23998","24001","0.7031","(187, 245)","(104, 25)","./example/gridmap/arena2.map","Hidden"
"graph","breadth","Success","314.3700000000001","291","24283","24297","0.7031","(58, 279)","(99, 0)","./example/gridmap/arena2.map","Hidden"
"graph","breadth","Success","316.71000000000043","263","24286","24310","0.7031","(4, 97)","(206, 279)","./example/gridmap/arena2.map","Hidden"
"graph","breadth","Success","315.37000000000063","292","24311","24310","0.7031","(104, 59)","(206, 280)","./example/gridmap/arena2.map","Hidden"
"graph","breadth","Success","316.2400000000002","290","23586","23617","0.75","(203, 276)","(88, 57)","./example/gridmap/arena2.map","Hidden"
"graph","breadth","Success","313.99000000000007","298","22958","23002","0.7188","(107, 27)","(185, 248)","./example/gridmap/arena2.map","Hidden"
"graph","breadth","Success","314.34999999999997","300","21954","22028","0.6562","(108, 8)","(146, 229)","./example/gridmap/arena2.map","Hidden"
"graph","breadth","Success","314.58000000000015","299","24310","24309","0.6875","(152, 256)","(97, 22)","./example/gridmap/arena2.map","Hidden"
"graph","breadth","Success","316.9400000000001","303","23510","23559","0.7344","(98, 33)","(181, 265)","./example/gridmap/arena2.map","Hidden"
"graph","breadth","Success","315.45000000000033","297","23027","23074","0.7031","(107, 32)","(186, 235)","./example/gridmap/arena2.map","Hidden"
"graph","breadth","Success","321.5500000000006","299","22791","22825","0.6719","(105, 21)","(180, 226)","./example/gridmap/arena2.map","Hidden"
"graph","breadth","Success","319.3500000000001","305","24292","24310","0.7188","(101, 46)","(183, 280)","./example/gridmap/arena2.map","Hidden"
"graph","breadth","Success","318.5300000000001","305","21984","22058","0.6562","(104, 4)","(40, 258)","./example/gridmap/arena2.map","Hidden"
"graph","breadth","Success","319.3500000000002","305","24076","24143","0.7188","(101, 41)","(206, 252)","./example/gridmap/arena2.map","Hidden"
"graph","breadth","Success","318.9900000000002","303","22848","22887","0.7656","(104, 19)","(182, 251)","./example/gridmap/arena2.map","Hidden"
"graph","breadth","Success","319.04000000000025","301","21946","22018","0.8125","(102, 7)","(168, 236)","./example/gridmap/arena2.map","Hidden"
"graph","breadth","Success","319.65999999999997","309","23894","23895","0.8438","(205, 245)","(111, 36)","./example/gridmap/arena2.map","Hidden"
"graph","breadth","Success","319.0900000000001","299","23976","23984","0.7031","(187, 233)","(106, 28)","./example/gridmap/arena2.map","Hidden"
"graph","breadth","Success","321.3500000000002","307","24092","24100","0.7188","(147, 219)","(109, 11)","./example/gridmap/arena2.map","Hidden"
"graph","breadth","Success","318.2500000000003","267","24253","24280","0.7188","(5, 92)","(201, 278)","./example/gridmap/arena2.map","Hidden"
"graph","breadth","Success","320.98999999999995","305","23947","23960","0.7344","(195, 255)","(106, 36)","./example/gridmap/arena2.map","Hidden"
"graph","breadth","Success","323.86000000000024","305","22545","22600","0.7031","(108, 11)","(176, 238)","./example/gridmap/arena2.map","Hidden"
"graph","breadth","Success","326.3200000000001","305","24176","24202","0.7031","(39, 272)","(109, 5)","./example/gridmap/arena2.map","Hidden"
"graph","breadth","Success","323.83000000000067","298","22952","22995","0.7188","(107, 26)","(184, 220)","./example/gridmap/arena2.map","Hidden"
"graph","breadth","Success","324.7099999999999","312","21834","21904","0.7031","(97, 20)","(42, 252)","./example/gridmap/arena2.map","Hidden"
"graph","breadth","Success","322.1700000000002","307","24154","24178","0.7031","(148, 224)","(112, 8)","./example/gridmap/arena2.map","Hidden"
"graph","breadth","Success","323.0100000000002","298","24298","24303","0.7031","(158, 275)","(111, 15)","./example/gridmap/arena2.map","Hidden"
"graph","breadth","Success","323.4500000000003","305","22303","22385","0.6562","(109, 8)","(36, 265)","./example/gridmap/arena2.map","Hidden"
"graph","breadth","Success","323.99000000000007","308","22321","22404","0.6875","(97, 6)","(173, 245)","./example/gridmap/arena2.map","Hidden"
"graph","breadth","Success","322.68","303","23919","23929","0.7031","(194, 264)","(101, 32)","./example/gridmap/arena2.map","Hidden"
"graph","breadth","Success","327.1400000000006","305","23865","23927","0.7031","(98, 37)","(201, 271)","./example/gridmap/arena2.map","Hidden"
"graph","breadth","Success","330.13999999999993","308","23895","23895","0.6875","(204, 270)","(98, 36)","./example/gridmap/arena2.map","Hidden"
"graph","breadth","Success","326.58000000000015","311","23005","23051","0.6875","(105, 15)","(186, 243)","./example/gridmap/arena2.map","Hidden"
"graph","breadth","Success","329.63","312","24024","24031","0.7031","(191, 237)","(102, 19)","./example/gridmap/arena2.map","Hidden"
"graph","breadth","Success","328.58000000000015","313","23066","23115","0.6719","(105, 14)","(180, 256)","./example/gridmap/arena2.map","Hidden"
"graph","breadth","Success","326.58000000000015","311","22923","22965","0.7031","(103, 13)","(184, 241)","./example/gridmap/arena2.map","Hidden"
"graph","breadth","Success","327.1400000000001","305","24016","24020","0.7344","(186, 228)","(106, 21)","./example/gridmap/arena2.map","Hidden"
"graph","breadth","Success","324.9100000000001","304","23927","23937","0.7031","(196, 263)","(104, 32)","./example/gridmap/arena2.map","Hidden"
"graph","breadth","Success","327.42","302","24018","24024","0.7656","(182, 218)","(102, 20)","./example/gridmap/arena2.map","Hidden"
"graph","breadth","Success","328.6800000000005","309","24248","24275","0.7188","(101, 40)","(196, 278)","./example/gridmap/arena2.map","Hidden"
"graph","breadth","Success","330.04000000000036","312","23733","23791","0.6875","(102, 28)","(189, 269)","./example/gridmap/arena2.map","Hidden"
"graph","breadth","Success","328.8100000000002","312","23785","23845","0.6875","(107, 30)","(182, 270)","./example/gridmap/arena2.map","Hidden"
"graph","breadth","Success","330.1400000000001","308","24311","24310","0.6875","(49, 275)","(97, 23)","./example/gridmap/arena2.map","Hidden"
"graph","breadth","Success","331.1399999999999","309","23864","23874","0.6875","(206, 278)","(107, 40)","./example/gridmap/arena2.map","Hidden"
"graph","breadth","Success","331.37000000000063","308","22867","22906","0.6562","(104, 14)","(182, 223)","./example/gridmap/arena2.map","Hidden"
"graph","breadth","Success","331.58000000000015","316","23278","23330","0.7031","(103, 15)","(182, 260)","./example/gridmap/arena2.map","Hidden"
"graph","breadth","Success","333.81000000000006","317","24020","24025","0.75","(197, 240)","(105, 20)","./example/gridmap/arena2.map","Hidden"
"graph","breadth","Success","332.1900000000002","308","24205","24226","0.9219","(172, 228)","(111, 4)","./example/gridmap/arena2.map","Hidden"
"graph","breadth","Success","331.9600000000005","309","22702","22759","0.7188","(108, 9)","(169, 219)","./example/gridmap/arena2.map","Hidden"
"graph","breadth","Success","329.6800000000003","310","24230","24251","0.7656","(157, 224)","(111, 12)","./example/gridmap/arena2.map","Hidden"
"graph","breadth","Success","334.8600000000003","316","22635","22694","0.7188","(101, 1)","(162, 220)","./example/gridmap/arena2.map","Hidden"
"graph","breadth","Success","335.58000000000015","320","23098","23148","0.6875","(105, 8)","(188, 249)","./example/gridmap/arena2.map","Hidden"
"graph","breadth","Success","335.60000000000065","311","23088","23137","0.7031","(106, 16)","(187, 222)","./example/gridmap/arena2.map","Hidden"
"graph","breadth","Success","333.9100000000004","313","22335","22417","0.6562","(98, 15)","(173, 232)","./example/gridmap/arena2.map","Hidden"
"graph","breadth","Success","337.4500000000003","319","23072","23121","0.7031","(106, 8)","(186, 256)","./example/gridmap/arena2.map","Hidden"
"graph","breadth","Success","333.86000000000024","315","24251","24272","0.7344","(156, 220)","(112, 13)","./example/gridmap/arena2.map","Hidden"
"graph","breadth","Success","336.5000000000002","316","22601","22659","0.6719","(111, 14)","(177, 238)","./example/gridmap/arena2.map","Hidden"
"graph","breadth","Success","334.50000000000017","314","24306","24305","0.7656","(171, 234)","(97, 18)","./example/gridmap/arena2.map","Hidden"
"graph","breadth","Success","336.3200000000005","315","24095","24159","0.7344","(104, 31)","(206, 264)","./example/gridmap/arena2.map","Hidden"
"graph","breadth","Success","337.45000000000005","319","24021","24026","0.7344","(199, 237)","(106, 20)","./example/gridmap/arena2.map","Hidden"
"graph","breadth","Success","339.9900000000001","324","24295","24301","0.7656","(184, 247)","(99, 15)","./example/gridmap/arena2.map","Hidden"
"graph","breadth","Success","340.37000000000023","317","24291","24297","0.7344","(167, 220)","(111, 0)","./example/gridmap/arena2.map","Hidden"
"graph","breadth","Success","340.0400000000003","322","23674","23730","0.6875","(102, 17)","(187, 268)","./example/gridmap/arena2.map","Hidden"
"graph","breadth","Success","340.5000000000004","320","23918","23982","0.6875","(106, 23)","(191, 272)","./example/gridmap/arena2.map","Hidden"
"graph","breadth","Success","338.81000000000023","322","23702","23760","0.7031","(103, 18)","(200, 254)","./example/gridmap/arena2.map","Hidden"
"graph","breadth","Success","340.9100000000005","320","23857","23919","0.7188","(105, 22)","(193, 271)","./example/gridmap/arena2.map","Hidden"
"graph","breadth","Success","338.81000000000006","322","24048","24054","0.7969","(198, 241)","(106, 16)","./example/gridmap/arena2.map","Hidden"
"graph","breadth","Success","339.3200000000005","318","23290","23340","0.75","(105, 13)","(191, 229)","./example/gridmap/arena2.map","Hidden"
"graph","breadth","Success","339.45000000000033","321","23827","23889","0.7344","(104, 21)","(202, 235)","./example/gridmap/arena2.map","Hidden"
"graph","breadth","Success","337.19000000000057","313","22286","22367","0.6875","(96, 16)","(171, 225)","./example/gridmap/arena2.map","Hidden"
"graph","breadth","Success","344.0400000000003","326","23565","23617","0.6875","(105, 11)","(186, 266)","./example/gridmap/arena2.map","Hidden"
"graph","breadth","Success","342.78000000000014","319","24101","24109","0.8438","(189, 227)","(109, 10)","./example/gridmap/arena2.map","Hidden"
"graph","breadth","Success","343.0900000000003","323","23792","23852","0.7656","(107, 18)","(189, 270)","./example/gridmap/arena2.map","Hidden"
"graph","breadth","Success","343.9100000000005","323","23475","23522","0.7344","(104, 12)","(194, 264)","./example/gridmap/arena2.map","Hidden"
"graph","breadth","Success","346.40000000000015","330","24072","24080","0.7656","(203, 243)","(107, 13)","./example/gridmap/arena2.map","Hidden"
"graph","breadth","Success","343.0900000000001","323","24012","24015","0.7656","(190, 274)","(106, 22)","./example/gridmap/arena2.map","Hidden"
"graph","breadth","Success","340.01000000000005","315","23946","23959","0.75","(203, 274)","(105, 30)","./example/gridmap/arena2.map","Hidden"
"graph","breadth","Success","341.63000000000017","324","23276","23328","0.7344","(111, 8)","(180, 260)","./example/gridmap/arena2.map","Hidden"
"graph","breadth","Success","343.2200000000001","326","24042","24048","0.7344","(182, 272)","(107, 17)","./example/gridmap/arena2.map","Hidden"
"graph","breadth","Success","343.9100000000005","323","23774","23833","0.7656","(102, 18)","(201, 263)","./example/gridmap/arena2.map","Hidden"
"graph","breadth","Success","344.6000000000007","320","24309","24310","0.7344","(105, 33)","(204, 280)","./example/gridmap/arena2.map","Hidden"
"graph","breadth","Success","347.8300000000007","322","23140","23191","0.7656","(107, 6)","(188, 220)","./example/gridmap/arena2.map","Hidden"
"graph","breadth","Success","348.19","324","24276","24297","0.7656","(184, 220)","(103, 0)","./example/gridmap/arena2.map","Hidden"
"graph","breadth","Success","346.3200000000004","325","24024","24091","0.75","(107, 20)","(205, 261)","./example/gridmap/arena2.map","Hidden"
"graph","breadth","Success","348.5500000000001","326","24099","24107","0.75","(196, 264)","(107, 10)","./example/gridmap/arena2.map","Hidden"
"graph","breadth","Success","347.86000000000035","329","23622","23676","0.7031","(103, 9)","(190, 267)","./example/gridmap/arena2.map","Hidden"
"graph","breadth","Success","350.1700000000001","335","23580","23634","0.7344","(101, 3)","(198, 248)","./example/gridmap/arena2.map","Hidden"
"graph","breadth","Success","346.2700000000003","327","24047","24115","0.7188","(106, 18)","(188, 274)","./example/gridmap/arena2.map","Hidden"
"graph","breadth","Success","349.50000000000034","329","23791","23851","0.6875","(109, 12)","(188, 270)","./example/gridmap/arena2.map","Hidden"
"graph","breadth","Success","346.73000000000025","325","24157","24179","0.7812","(188, 260)","(112, 6)","./example/gridmap/arena2.map","Hidden"
"graph","breadth","Success","351.8300000000006","326","23038","23085","0.6719","(111, 0)","(186, 224)","./example/gridmap/arena2.map","Hidden"
"graph","breadth","Success","350.3700000000005","327","23924","23988","0.7188","(107, 16)","(197, 272)","./example/gridmap/arena2.map","Hidden"
"graph","breadth","Success","353.76000000000005","339","24161","24184","0.7188","(204, 247)","(101, 5)","./example/gridmap/arena2.map","Hidden"
"graph","breadth","Success","353.32","332","24111","24120","0.7344","(200, 265)","(103, 8)","./example/gridmap/arena2.map","Hidden"
"graph","breadth","Success","353.1400000000002","331","24121","24133","0.7812","(191, 268)","(110, 8)","./example/gridmap/arena2.map","Hidden"
"graph","breadth","Success","350.63000000000017","333","24111","24174","0.7344","(107, 13)","(183, 275)","./example/gridmap/arena2.map","Hidden"
"graph","breadth","Success","352.1700000000001","337","23579","23633","0.7188","(100, 1)","(198, 245)","./example/gridmap/arena2.map","Hidden"
"graph","breadth","Success","351.22","334","24103","24112","0.7969","(185, 272)","(102, 9)","./example/gridmap/arena2.map","Hidden"
"graph","breadth","Success","349.8600000000002","331","24156","24179","0.7812","(197, 241)","(112, 7)","./example/gridmap/arena2.map","Hidden"
"graph","breadth","Success","352.86000000000035","334","24090","24155","0.7031","(103, 12)","(206, 259)","./example/gridmap/arena2.map","Hidden"
"graph","breadth","Success","353.8300000000001","328","24273","24295","0.7188","(189, 222)","(96, 14)","./example/gridmap/arena2.map","Hidden"
"graph","breadth","Success","355.86000000000024","337","24176","24205","0.7188","(109, 10)","(184, 276)","./example/gridmap/arena2.map","Hidden"
"graph","breadth","Success","354.0400000000002","336","23313","23354","0.7344","(97, 19)","(192, 240)","./example/gridmap/arena2.map","Hidden"
"graph","breadth","Success","353.6800000000002","334","24307","24306","0.6875","(190, 256)","(97, 19)","./example/gridmap/arena2.map","Hidden"
"graph","breadth","Success","355.09000000000043","335","23831","23892","0.7188","(105, 7)","(202, 260)","./example/gridmap/arena2.map","Hidden"
"graph","breadth","Success","353.6000000000006","329","22906","22947","0.6875","(97, 21)","(183, 224)","./example/gridmap/arena2.map","Hidden"
"graph","breadth","Success","355.63000000000017","338","24120","24132","0.7344","(206, 242)","(109, 8)","./example/gridmap/arena2.map","Hidden"
"graph","breadth","Success","356.81000000000006","340","24129","24144","0.7344","(207, 251)","(99, 8)","./example/gridmap/arena2.map","Hidden"
"graph","breadth","Success","353.9100000000004","333","23623","23677","0.75","(99, 5)","(191, 267)","./example/gridmap/arena2.map","Hidden"
"graph","breadth","Success","356.14000000000004","334","24095","24104","0.7656","(197, 273)","(104, 10)","./example/gridmap/arena2.map","Hidden"
"graph","breadth","Success","358.5000000000001","338","24172","24197","0.7812","(203, 258)","(97, 6)","./example/gridmap/arena2.map","Hidden"
"graph","breadth","Success","360.55000000000024","338","24269","24291","0.7656","(190, 268)","(112, 1)","./example/gridmap/arena2.map","Hidden"
"graph","breadth","Success","357.4500000000002","339","23911","23975","0.7031","(96, 10)","(184, 272)","./example/gridmap/arena2.map","Hidden"
"graph","breadth","Success","359.55000000000007","337","24071","24079","0.7969","(196, 279)","(106, 13)","./example/gridmap/arena2.map","Hidden"
"graph","breadth","Success","360.6800000000003","341","24296","24310","0.7656","(108, 10)","(187, 280)","./example/gridmap/arena2.map","Hidden"
"graph","breadth","Success","360.0100000000002","335","24153","24177","0.75","(197, 270)","(111, 6)","./example/gridmap/arena2.map","Hidden"
"graph","breadth","Success","357.04000000000025","339","24303","24304","0.7656","(178, 267)","(112, 16)","./example/gridmap/arena2.map","Hidden"
"graph","breadth","Success","362.2400000000007","336","24167","24198","0.75","(107, 11)","(207, 273)","./example/gridmap/arena2.map","Hidden"
"graph","breadth","Success","357.9600000000001","335","24184","24212","0.75","(198, 268)","(101, 4)","./example/gridmap/arena2.map","Hidden"
"graph","breadth","Success","359.8600000000001","341","24109","24172","0.7344","(112, 5)","(181, 275)","./example/gridmap/arena2.map","Hidden"
